종목,월,방향,손절적용,구간,신호,제외,합계(%),평균(%),승률(%),최고(%),최악(%),표준편차(%),갭손절,장중손절,평균 보유일,판정가능,구간 시작일,구간 종료일
KODEX 코스닥150,1,아래,가능,전체,11,0,7.6,0.69,45.45,9.6,-5.0,4.99,0,2,6.27,예,2016-01-20,2026-01-20
KODEX 코스닥150,1,아래,가능,앞 절반,5,0,-2.27,-0.45,40.0,6.46,-5.0,4.52,0,1,6.8,아니오,2016-01-20,2020-01-20
KODEX 코스닥150,1,아래,가능,뒤 절반,6,0,9.87,1.64,50.0,9.6,-5.0,5.57,0,1,5.83,아니오,2021-01-20,2026-01-20
KODEX 코스닥150,1,아래,가능,최근 10년,10,0,8.72,0.87,50.0,9.6,-5.0,5.22,0,2,6.2,예,2017-01-20,2026-01-20
KODEX 코스닥150,1,아래,가능,최근 5년,5,0,5.36,1.07,40.0,9.6,-5.0,6.02,0,1,5.6,아니오,2022-01-20,2026-01-20
KODEX 코스닥150,1,위,가능,전체,11,0,-13.57,-1.23,45.45,3.7,-5.0,3.83,0,5,5.82,예,2016-01-20,2026-01-20
KODEX 코스닥150,1,위,가능,앞 절반,5,0,2.3,0.46,60.0,3.7,-5.0,3.63,0,1,7.0,아니오,2016-01-20,2020-01-20
KODEX 코스닥150,1,위,가능,뒤 절반,6,0,-15.87,-2.64,33.33,2.82,-5.0,3.68,0,4,4.83,아니오,2021-01-20,2026-01-20
KODEX 코스닥150,1,위,가능,최근 10년,10,0,-14.69,-1.47,40.0,3.7,-5.0,3.95,0,5,5.7,예,2017-01-20,2026-01-20
KODEX 코스닥150,1,위,가능,최근 5년,5,0,-10.87,-2.17,40.0,2.82,-5.0,3.91,0,3,4.4,아니오,2022-01-20,2026-01-20
KODEX 코스닥150,2,아래,가능,전체,11,0,10.16,0.92,63.64,8.23,-5.0,3.68,0,1,5.91,예,2016-02-19,2026-02-20
KODEX 코스닥150,2,아래,가능,앞 절반,5,0,9.94,1.99,80.0,8.23,-0.77,3.57,0,0,6.0,아니오,2016-02-19,2020-02-20
KODEX 코스닥150,2,아래,가능,뒤 절반,6,0,0.22,0.04,50.0,5.92,-5.0,3.85,0,1,5.83,아니오,2021-02-19,2026-02-20
KODEX 코스닥150,2,아래,가능,최근 10년,10,0,10.93,1.09,70.0,8.23,-5.0,3.83,0,1,5.9,예,2017-02-20,2026-02-20
KODEX 코스닥150,2,아래,가능,최근 5년,5,0,-5.7,-1.14,40.0,2.55,-5.0,2.85,0,1,6.0,아니오,2022-02-18,2026-02-20
KODEX 코스닥150,2,위,가능,전체,11,0,-6.68,-0.61,36.36,4.33,-5.0,2.85,0,2,5.36,예,2016-02-19,2026-02-20
KODEX 코스닥150,2,위,가능,앞 절반,5,0,-6.71,-1.34,20.0,0.77,-5.0,2.18,0,1,5.2,아니오,2016-02-19,2020-02-20
KODEX 코스닥150,2,위,가능,뒤 절반,6,0,0.02,0.0,50.0,4.33,-5.0,3.39,0,1,5.5,아니오,2021-02-19,2026-02-20
KODEX 코스닥150,2,위,가능,최근 10년,10,0,-7.45,-0.75,30.0,4.33,-5.0,2.97,0,2,5.3,예,2017-02-20,2026-02-20
KODEX 코스닥150,2,위,가능,최근 5년,5,0,5.02,1.0,60.0,4.33,-2.55,2.63,0,0,6.0,아니오,2022-02-18,2026-02-20
KODEX 코스닥150,3,아래,가능,전체,11,0,7.03,0.64,54.55,9.63,-5.99,5.14,1,2,7.09,예,2016-03-18,2026-03-20
KODEX 코스닥150,3,아래,가능,앞 절반,5,0,-0.44,-0.09,60.0,3.62,-5.99,4.09,1,0,7.2,아니오,2016-03-18,2020-03-20
KODEX 코스닥150,3,아래,가능,뒤 절반,6,0,7.47,1.24,50.0,9.63,-5.0,6.21,0,2,7.0,아니오,2021-03-19,2026-03-20
KODEX 코스닥150,3,아래,가능,최근 10년,10,0,5.2,0.52,50.0,9.63,-5.99,5.4,1,2,6.9,예,2017-03-20,2026-03-20
KODEX 코스닥150,3,아래,가능,최근 5년,5,0,7.08,1.42,40.0,9.63,-5.0,6.92,0,2,6.8,아니오,2022-03-18,2026-03-20
KODEX 코스닥150,3,위,가능,전체,11,0,-17.06,-1.55,36.36,6.97,-6.62,4.32,2,3,6.27,예,2016-03-18,2026-03-20
KODEX 코스닥150,3,위,가능,앞 절반,5,0,-16.23,-3.25,20.0,2.66,-6.62,3.75,2,1,5.8,아니오,2016-03-18,2020-03-20
KODEX 코스닥150,3,위,가능,뒤 절반,6,0,-0.83,-0.14,50.0,6.97,-5.0,4.57,0,2,6.67,아니오,2021-03-19,2026-03-20
KODEX 코스닥150,3,위,가능,최근 10년,10,0,-15.23,-1.52,40.0,6.97,-6.62,4.55,2,3,6.0,예,2017-03-20,2026-03-20
KODEX 코스닥150,3,위,가능,최근 5년,5,0,-0.44,-0.09,60.0,6.97,-5.0,5.1,0,2,6.4,아니오,2022-03-18,2026-03-20
KODEX 코스닥150,4,아래,가능,전체,11,0,14.41,1.31,81.82,7.77,-5.0,3.39,0,1,6.73,예,2016-04-20,2026-04-20
KODEX 코스닥150,4,아래,가능,앞 절반,5,0,9.52,1.9,100.0,2.86,0.8,0.75,0,0,6.6,아니오,2016-04-20,2020-04-20
KODEX 코스닥150,4,아래,가능,뒤 절반,6,0,4.89,0.82,66.67,7.77,-5.0,4.68,0,1,6.83,아니오,2021-04-20,2026-04-20
KODEX 코스닥150,4,아래,가능,최근 10년,10,0,12.75,1.27,80.0,7.77,-5.0,3.57,0,1,6.7,예,2017-04-20,2026-04-20
KODEX 코스닥150,4,아래,가능,최근 5년,5,0,-2.87,-0.57,60.0,2.51,-5.0,3.58,0,1,6.6,아니오,2022-04-20,2026-04-20
KODEX 코스닥150,4,위,가능,전체,11,0,-21.02,-1.91,18.18,3.86,-5.0,2.68,0,3,6.45,예,2016-04-20,2026-04-20
KODEX 코스닥150,4,위,가능,앞 절반,5,0,-9.52,-1.9,0.0,-0.8,-2.86,0.75,0,0,6.6,아니오,2016-04-20,2020-04-20
KODEX 코스닥150,4,위,가능,뒤 절반,6,0,-11.5,-1.92,33.33,3.86,-5.0,3.74,0,3,6.33,아니오,2021-04-20,2026-04-20
KODEX 코스닥150,4,위,가능,최근 10년,10,0,-19.35,-1.94,20.0,3.86,-5.0,2.83,0,3,6.4,예,2017-04-20,2026-04-20
KODEX 코스닥150,4,위,가능,최근 5년,5,0,-6.5,-1.3,40.0,3.86,-5.0,3.82,0,2,6.4,아니오,2022-04-20,2026-04-20
KODEX 코스닥150,5,아래,가능,전체,11,0,-19.52,-1.77,18.18,1.42,-5.0,2.15,0,2,7.09,예,2016-05-20,2026-05-20
KODEX 코스닥150,5,아래,가능,앞 절반,5,0,-5.94,-1.19,20.0,1.42,-2.56,1.66,0,0,7.8,아니오,2016-05-20,2020-05-20
KODEX 코스닥150,5,아래,가능,뒤 절반,6,0,-13.59,-2.26,16.67,1.01,-5.0,2.53,0,2,6.5,아니오,2021-05-20,2026-05-20
KODEX 코스닥150,5,아래,가능,최근 10년,10,0,-16.97,-1.7,20.0,1.42,-5.0,2.25,0,2,7.1,예,2017-05-19,2026-05-20
KODEX 코스닥150,5,아래,가능,최근 5년,5,0,-13.12,-2.62,20.0,1.01,-5.0,2.65,0,2,6.4,아니오,2022-05-20,2026-05-20
KODEX 코스닥150,5,위,가능,전체,11,0,20.39,1.85,81.82,6.48,-1.42,2.33,0,0,7.55,예,2016-05-20,2026-05-20
KODEX 코스닥150,5,위,가능,앞 절반,5,0,5.94,1.19,80.0,2.56,-1.42,1.66,0,0,7.8,아니오,2016-05-20,2020-05-20
KODEX 코스닥150,5,위,가능,뒤 절반,6,0,14.45,2.41,83.33,6.48,-1.01,2.8,0,0,7.33,아니오,2021-05-20,2026-05-20
KODEX 코스닥150,5,위,가능,최근 10년,10,0,17.83,1.78,80.0,6.48,-1.42,2.44,0,0,7.6,예,2017-05-19,2026-05-20
KODEX 코스닥150,5,위,가능,최근 5년,5,0,13.99,2.8,80.0,6.48,-1.01,2.94,0,0,7.4,아니오,2022-05-20,2026-05-20
KODEX 코스닥150,6,아래,가능,전체,11,0,21.36,1.94,81.82,7.77,-0.76,2.36,0,0,7.18,예,2016-06-20,2026-06-19
KODEX 코스닥150,6,아래,가능,앞 절반,5,0,11.05,2.21,80.0,7.77,-0.17,3.23,0,0,7.2,아니오,2016-06-20,2020-06-19
KODEX 코스닥150,6,아래,가능,뒤 절반,6,0,10.31,1.72,83.33,4.12,-0.76,1.62,0,0,7.17,아니오,2021-06-18,2026-06-19
KODEX 코스닥150,6,아래,가능,최근 10년,10,0,20.49,2.05,80.0,7.77,-0.76,2.46,0,0,7.1,예,2017-06-20,2026-06-19
KODEX 코스닥150,6,아래,가능,최근 5년,5,0,11.07,2.21,100.0,4.12,1.13,1.2,0,0,7.0,아니오,2022-06-20,2026-06-19
KODEX 코스닥150,6,위,가능,전체,11,0,-26.25,-2.39,18.18,0.76,-5.0,2.25,0,4,5.82,예,2016-06-20,2026-06-19
KODEX 코스닥150,6,위,가능,앞 절반,5,0,-12.42,-2.48,20.0,0.17,-5.0,2.47,0,2,6.2,아니오,2016-06-20,2020-06-19
KODEX 코스닥150,6,위,가능,뒤 절반,6,0,-13.83,-2.31,16.67,0.76,-5.0,2.3,0,2,5.5,아니오,2021-06-18,2026-06-19
KODEX 코스닥150,6,위,가능,최근 10년,10,0,-21.25,-2.12,20.0,0.76,-5.0,2.19,0,3,6.0,예,2017-06-20,2026-06-19
KODEX 코스닥150,6,위,가능,최근 5년,5,0,-14.59,-2.92,0.0,-1.13,-5.0,1.94,0,2,5.0,아니오,2022-06-20,2026-06-19
KODEX 코스닥150,7,아래,가능,전체,11,0,4.02,0.37,54.55,6.1,-5.0,3.87,0,2,6.82,예,2016-07-20,2026-07-20
KODEX 코스닥150,7,아래,가능,앞 절반,5,0,8.8,1.76,60.0,6.1,-4.48,4.15,0,0,7.6,아니오,2016-07-20,2020-07-20
KODEX 코스닥150,7,아래,가능,뒤 절반,6,0,-4.78,-0.8,50.0,2.59,-5.0,3.56,0,2,6.17,아니오,2021-07-20,2026-07-20
KODEX 코스닥150,7,아래,가능,최근 10년,10,0,4.12,0.41,60.0,6.1,-5.0,4.08,0,2,6.8,예,2017-07-20,2026-07-20
KODEX 코스닥150,7,아래,가능,최근 5년,5,0,-6.94,-1.39,40.0,2.59,-5.0,3.63,0,2,5.8,아니오,2022-07-20,2026-07-20
KODEX 코스닥150,7,위,가능,전체,11,0,-14.63,-1.33,36.36,4.48,-5.0,3.44,0,3,6.82,예,2016-07-20,2026-07-20
KODEX 코스닥150,7,위,가능,앞 절반,5,0,-8.45,-1.69,40.0,4.48,-5.0,4.03,0,2,6.0,아니오,2016-07-20,2020-07-20
KODEX 코스닥150,7,위,가능,뒤 절반,6,0,-6.19,-1.03,33.33,4.04,-5.0,3.22,0,1,7.5,아니오,2021-07-20,2026-07-20
KODEX 코스닥150,7,위,가능,최근 10년,10,0,-14.73,-1.47,30.0,4.48,-5.0,3.59,0,3,6.8,예,2017-07-20,2026-07-20
KODEX 코스닥150,7,위,가능,최근 5년,5,0,-4.02,-0.8,40.0,4.04,-5.0,3.55,0,1,7.4,아니오,2022-07-20,2026-07-20
KODEX 코스닥150,8,아래,가능,전체,11,0,-15.92,-1.45,36.36,4.55,-5.14,3.41,1,3,6.55,예,2016-08-19,2026-08-20
KODEX 코스닥150,8,아래,가능,앞 절반,5,0,-9.15,-1.83,20.0,4.55,-5.0,3.94,0,2,6.4,아니오,2016-08-19,2020-08-20
KODEX 코스닥150,8,아래,가능,뒤 절반,6,0,-6.77,-1.13,50.0,1.9,-5.14,3.26,1,1,6.67,아니오,2021-08-20,2026-08-20
KODEX 코스닥150,8,아래,가능,최근 10년,10,0,-20.48,-2.05,30.0,1.9,-5.14,2.92,1,3,6.4,예,2017-08-18,2026-08-20
KODEX 코스닥150,8,아래,가능,최근 5년,5,0,-1.64,-0.33,60.0,1.9,-5.0,2.9,0,1,7.4,아니오,2022-08-19,2026-08-20
KODEX 코스닥150,8,위,가능,전체,11,0,9.48,0.86,54.55,8.43,-5.0,5.46,0,4,6.82,예,2016-08-19,2026-08-20
KODEX 코스닥150,8,위,가능,앞 절반,5,0,7.65,1.53,60.0,8.43,-5.0,6.32,0,2,7.4,아니오,2016-08-19,2020-08-20
KODEX 코스닥150,8,위,가능,뒤 절반,6,0,1.83,0.31,50.0,7.31,-5.0,5.19,0,2,6.33,아니오,2021-08-20,2026-08-20
KODEX 코스닥150,8,위,가능,최근 10년,10,0,14.48,1.45,60.0,8.43,-5.0,5.38,0,3,6.7,예,2017-08-18,2026-08-20
KODEX 코스닥150,8,위,가능,최근 5년,5,0,-5.48,-1.1,40.0,5.12,-5.0,4.34,0,2,6.2,아니오,2022-08-19,2026-08-20
KODEX 코스닥150,9,아래,가능,전체,10,0,29.73,2.97,80.0,10.05,-2.1,3.52,0,0,6.3,예,2016-09-20,2025-09-19
KODEX 코스닥150,9,아래,가능,앞 절반,5,0,11.14,2.23,80.0,5.26,-0.04,2.73,0,0,6.2,아니오,2016-09-20,2020-09-18
KODEX 코스닥150,9,아래,가능,뒤 절반,5,0,18.59,3.72,80.0,10.05,-2.1,4.37,0,0,6.4,아니오,2021-09-17,2025-09-19
KODEX 코스닥150,9,아래,가능,최근 10년,10,0,29.73,2.97,80.0,10.05,-2.1,3.52,0,0,6.3,예,2016-09-20,2025-09-19
KODEX 코스닥150,9,아래,가능,최근 5년,5,0,18.59,3.72,80.0,10.05,-2.1,4.37,0,0,6.4,아니오,2021-09-17,2025-09-19
KODEX 코스닥150,9,위,가능,전체,10,0,-26.71,-2.67,20.0,2.1,-5.61,2.81,1,4,4.9,예,2016-09-20,2025-09-19
KODEX 코스닥150,9,위,가능,앞 절반,5,0,-10.75,-2.15,20.0,0.04,-5.0,2.62,0,2,4.6,아니오,2016-09-20,2020-09-18
KODEX 코스닥150,9,위,가능,뒤 절반,5,0,-15.96,-3.19,20.0,2.1,-5.61,3.2,1,2,5.2,아니오,2021-09-17,2025-09-19
KODEX 코스닥150,9,위,가능,최근 10년,10,0,-26.71,-2.67,20.0,2.1,-5.61,2.81,1,4,4.9,예,2016-09-20,2025-09-19
KODEX 코스닥150,9,위,가능,최근 5년,5,0,-15.96,-3.19,20.0,2.1,-5.61,3.2,1,2,5.2,아니오,2021-09-17,2025-09-19
KODEX 코스닥150,10,아래,가능,전체,11,0,8.62,0.78,54.55,12.04,-5.0,5.36,0,3,6.82,예,2015-10-20,2025-10-20
KODEX 코스닥150,10,아래,가능,앞 절반,5,0,7.82,1.56,60.0,12.04,-5.0,6.71,0,1,6.4,아니오,2015-10-20,2019-10-18
KODEX 코스닥150,10,아래,가능,뒤 절반,6,0,0.8,0.13,50.0,5.61,-5.0,4.52,0,2,7.17,아니오,2020-10-20,2025-10-20
KODEX 코스닥150,10,아래,가능,최근 10년,10,0,7.64,0.76,50.0,12.04,-5.0,5.65,0,3,6.7,예,2016-10-20,2025-10-20
KODEX 코스닥150,10,아래,가능,최근 5년,5,0,-3.55,-0.71,40.0,5.61,-5.0,4.49,0,2,7.0,아니오,2021-10-20,2025-10-20
KODEX 코스닥150,10,위,가능,전체,11,0,-1.62,-0.15,45.45,5.32,-5.0,4.17,0,3,7.0,예,2015-10-20,2025-10-20
KODEX 코스닥150,10,위,가능,앞 절반,5,0,-0.46,-0.09,40.0,5.32,-5.0,4.34,0,1,6.8,아니오,2015-10-20,2019-10-18
KODEX 코스닥150,10,위,가능,뒤 절반,6,0,-1.16,-0.19,50.0,4.88,-5.0,4.44,0,2,7.17,아니오,2020-10-20,2025-10-20
KODEX 코스닥150,10,위,가능,최근 10년,10,0,-0.64,-0.06,50.0,5.32,-5.0,4.38,0,3,6.9,예,2016-10-20,2025-10-20
KODEX 코스닥150,10,위,가능,최근 5년,5,0,3.84,0.77,60.0,4.88,-5.0,4.2,0,1,7.8,아니오,2021-10-20,2025-10-20
KODEX 코스닥150,11,아래,가능,전체,11,0,13.95,1.27,54.55,5.87,-2.26,2.97,0,0,7.18,예,2015-11-20,2025-11-20
KODEX 코스닥150,11,아래,가능,앞 절반,5,0,10.36,2.07,60.0,5.37,-1.06,2.72,0,0,7.4,아니오,2015-11-20,2019-11-20
KODEX 코스닥150,11,아래,가능,뒤 절반,6,0,3.59,0.6,50.0,5.87,-2.26,3.25,0,0,7.0,아니오,2020-11-20,2025-11-20
KODEX 코스닥150,11,아래,가능,최근 10년,10,0,14.37,1.44,60.0,5.87,-2.26,3.08,0,0,7.3,예,2016-11-18,2025-11-20
KODEX 코스닥150,11,아래,가능,최근 5년,5,0,5.7,1.14,60.0,5.87,-2.26,3.32,0,0,7.2,아니오,2021-11-19,2025-11-20
KODEX 코스닥150,11,위,가능,전체,11,0,-19.45,-1.77,36.36,2.26,-5.0,2.84,0,3,6.64,예,2015-11-20,2025-11-20
KODEX 코스닥150,11,위,가능,앞 절반,5,0,-9.99,-2.0,40.0,1.06,-5.0,2.61,0,1,7.0,아니오,2015-11-20,2019-11-20
KODEX 코스닥150,11,위,가능,뒤 절반,6,0,-9.46,-1.58,33.33,2.26,-5.0,3.25,0,2,6.33,아니오,2020-11-20,2025-11-20
KODEX 코스닥150,11,위,가능,최근 10년,10,0,-19.86,-1.99,30.0,2.26,-5.0,2.89,0,3,6.7,예,2016-11-18,2025-11-20
KODEX 코스닥150,11,위,가능,최근 5년,5,0,-11.56,-2.31,20.0,2.26,-5.0,3.02,0,2,6.4,아니오,2021-11-19,2025-11-20
KODEX 코스닥150,12,아래,가능,전체,11,0,-32.28,-2.93,9.09,2.53,-5.14,2.44,1,3,5.64,예,2015-12-18,2025-12-19
KODEX 코스닥150,12,아래,가능,앞 절반,5,0,-22.4,-4.48,0.0,-3.25,-5.14,0.82,1,2,5.2,아니오,2015-12-18,2019-12-20
KODEX 코스닥150,12,아래,가능,뒤 절반,6,0,-9.88,-1.65,16.67,2.53,-5.0,2.64,0,1,6.0,아니오,2020-12-18,2025-12-19
KODEX 코스닥150,12,아래,가능,최근 10년,10,0,-28.27,-2.83,10.0,2.53,-5.14,2.54,1,3,5.5,예,2016-12-20,2025-12-19
KODEX 코스닥150,12,아래,가능,최근 5년,5,0,-6.57,-1.31,20.0,2.53,-5.0,2.8,0,1,5.8,아니오,2021-12-20,2025-12-19
KODEX 코스닥150,12,위,가능,전체,11,0,32.86,2.99,90.91,9.82,-2.53,3.11,0,0,6.09,예,2015-12-18,2025-12-19
KODEX 코스닥150,12,위,가능,앞 절반,5,0,24.4,4.88,100.0,9.82,1.86,3.05,0,0,5.8,아니오,2015-12-18,2019-12-20
KODEX 코스닥150,12,위,가능,뒤 절반,6,0,8.46,1.41,83.33,3.57,-2.53,2.32,0,0,6.33,아니오,2020-12-18,2025-12-19
KODEX 코스닥150,12,위,가능,최근 10년,10,0,28.85,2.88,90.0,9.82,-2.53,3.26,0,0,6.0,예,2016-12-20,2025-12-19
KODEX 코스닥150,12,위,가능,최근 5년,5,0,5.15,1.03,80.0,3.57,-2.53,2.38,0,0,6.2,아니오,2021-12-20,2025-12-19
KODEX 코스닥150선물인버스,1,아래,가능,전체,10,0,-13.42,-1.34,50.0,3.68,-5.0,3.98,0,5,5.7,예,2017-01-20,2026-01-20
KODEX 코스닥150선물인버스,1,아래,가능,앞 절반,5,0,-2.59,-0.52,60.0,3.68,-5.0,4.3,0,2,7.0,아니오,2017-01-20,2021-01-20
KODEX 코스닥150선물인버스,1,아래,가능,뒤 절반,5,0,-10.83,-2.17,40.0,2.87,-5.0,3.92,0,3,4.4,아니오,2022-01-20,2026-01-20
KODEX 코스닥150선물인버스,1,아래,가능,최근 10년,10,0,-13.42,-1.34,50.0,3.68,-5.0,3.98,0,5,5.7,예,2017-01-20,2026-01-20
KODEX 코스닥150선물인버스,1,아래,가능,최근 5년,5,0,-10.83,-2.17,40.0,2.87,-5.0,3.92,0,3,4.4,아니오,2022-01-20,2026-01-20
KODEX 코스닥150선물인버스,1,위,가능,전체,10,0,8.16,0.82,40.0,9.74,-5.0,5.34,0,2,6.2,예,2017-01-20,2026-01-20
KODEX 코스닥150선물인버스,1,위,가능,앞 절반,5,0,2.44,0.49,40.0,6.83,-5.0,5.13,0,1,6.8,아니오,2017-01-20,2021-01-20
KODEX 코스닥150선물인버스,1,위,가능,뒤 절반,5,0,5.72,1.14,40.0,9.74,-5.0,6.12,0,1,5.6,아니오,2022-01-20,2026-01-20
KODEX 코스닥150선물인버스,1,위,가능,최근 10년,10,0,8.16,0.82,40.0,9.74,-5.0,5.34,0,2,6.2,예,2017-01-20,2026-01-20
KODEX 코스닥150선물인버스,1,위,가능,최근 5년,5,0,5.72,1.14,40.0,9.74,-5.0,6.12,0,1,5.6,아니오,2022-01-20,2026-01-20
KODEX 코스닥150선물인버스,2,아래,가능,전체,10,0,-7.33,-0.73,30.0,4.21,-5.0,2.99,0,2,5.3,예,2017-02-20,2026-02-20
KODEX 코스닥150선물인버스,2,아래,가능,앞 절반,5,0,-12.77,-2.55,0.0,-0.6,-5.0,2.27,0,2,4.6,아니오,2017-02-20,2021-02-19
KODEX 코스닥150선물인버스,2,아래,가능,뒤 절반,5,0,5.44,1.09,60.0,4.21,-2.49,2.58,0,0,6.0,아니오,2022-02-18,2026-02-20
KODEX 코스닥150선물인버스,2,아래,가능,최근 10년,10,0,-7.33,-0.73,30.0,4.21,-5.0,2.99,0,2,5.3,예,2017-02-20,2026-02-20
KODEX 코스닥150선물인버스,2,아래,가능,최근 5년,5,0,5.44,1.09,60.0,4.21,-2.49,2.58,0,0,6.0,아니오,2022-02-18,2026-02-20
KODEX 코스닥150선물인버스,2,위,가능,전체,10,0,10.87,1.09,70.0,8.47,-5.0,3.91,0,1,5.9,예,2017-02-20,2026-02-20
KODEX 코스닥150선물인버스,2,위,가능,앞 절반,5,0,17.1,3.42,100.0,8.47,0.6,3.56,0,0,5.8,아니오,2017-02-20,2021-02-19
KODEX 코스닥150선물인버스,2,위,가능,뒤 절반,5,0,-6.23,-1.25,40.0,2.49,-5.0,2.83,0,1,6.0,아니오,2022-02-18,2026-02-20
KODEX 코스닥150선물인버스,2,위,가능,최근 10년,10,0,10.87,1.09,70.0,8.47,-5.0,3.91,0,1,5.9,예,2017-02-20,2026-02-20
KODEX 코스닥150선물인버스,2,위,가능,최근 5년,5,0,-6.23,-1.25,40.0,2.49,-5.0,2.83,0,1,6.0,아니오,2022-02-18,2026-02-20
KODEX 코스닥150선물인버스,3,아래,가능,전체,10,0,-13.69,-1.37,40.0,6.58,-6.07,4.48,2,3,5.9,예,2017-03-20,2026-03-20
KODEX 코스닥150선물인버스,3,아래,가능,앞 절반,5,0,-14.02,-2.8,20.0,2.65,-6.07,3.79,2,1,5.4,아니오,2017-03-20,2021-03-19
KODEX 코스닥150선물인버스,3,아래,가능,뒤 절반,5,0,0.34,0.07,60.0,6.58,-5.0,5.06,0,2,6.4,아니오,2022-03-18,2026-03-20
KODEX 코스닥150선물인버스,3,아래,가능,최근 10년,10,0,-13.69,-1.37,40.0,6.58,-6.07,4.48,2,3,5.9,예,2017-03-20,2026-03-20
KODEX 코스닥150선물인버스,3,아래,가능,최근 5년,5,0,0.34,0.07,60.0,6.58,-5.0,5.06,0,2,6.4,아니오,2022-03-18,2026-03-20
KODEX 코스닥150선물인버스,3,위,가능,전체,10,0,4.41,0.44,50.0,9.93,-6.01,5.54,2,1,7.0,예,2017-03-20,2026-03-20
KODEX 코스닥150선물인버스,3,위,가능,앞 절반,5,0,-2.49,-0.5,60.0,3.04,-6.01,3.84,1,0,7.0,아니오,2017-03-20,2021-03-19
KODEX 코스닥150선물인버스,3,위,가능,뒤 절반,5,0,6.89,1.38,40.0,9.93,-5.26,7.22,1,1,7.0,아니오,2022-03-18,2026-03-20
KODEX 코스닥150선물인버스,3,위,가능,최근 10년,10,0,4.41,0.44,50.0,9.93,-6.01,5.54,2,1,7.0,예,2017-03-20,2026-03-20
KODEX 코스닥150선물인버스,3,위,가능,최근 5년,5,0,6.89,1.38,40.0,9.93,-5.26,7.22,1,1,7.0,아니오,2022-03-18,2026-03-20
KODEX 코스닥150선물인버스,4,아래,가능,전체,10,0,-14.22,-1.42,30.0,4.1,-5.0,2.99,0,3,6.3,예,2017-04-20,2026-04-20
KODEX 코스닥150선물인버스,4,아래,가능,앞 절반,5,0,-8.45,-1.69,20.0,0.68,-5.0,2.13,0,1,6.4,아니오,2017-04-20,2021-04-20
KODEX 코스닥150선물인버스,4,아래,가능,뒤 절반,5,0,-5.77,-1.15,40.0,4.1,-5.0,3.92,0,2,6.2,아니오,2022-04-20,2026-04-20
KODEX 코스닥150선물인버스,4,아래,가능,최근 10년,10,0,-14.22,-1.42,30.0,4.1,-5.0,2.99,0,3,6.3,예,2017-04-20,2026-04-20
KODEX 코스닥150선물인버스,4,아래,가능,최근 5년,5,0,-5.77,-1.15,40.0,4.1,-5.0,3.92,0,2,6.2,아니오,2022-04-20,2026-04-20
KODEX 코스닥150선물인버스,4,위,가능,전체,10,0,6.33,0.63,70.0,7.29,-5.0,3.45,0,1,6.7,예,2017-04-20,2026-04-20
KODEX 코스닥150선물인버스,4,위,가능,앞 절반,5,0,10.74,2.15,80.0,7.29,-0.68,3.06,0,0,6.8,아니오,2017-04-20,2021-04-20
KODEX 코스닥150선물인버스,4,위,가능,뒤 절반,5,0,-4.4,-0.88,60.0,2.33,-5.0,3.41,0,1,6.6,아니오,2022-04-20,2026-04-20
KODEX 코스닥150선물인버스,4,위,가능,최근 10년,10,0,6.33,0.63,70.0,7.29,-5.0,3.45,0,1,6.7,예,2017-04-20,2026-04-20
KODEX 코스닥150선물인버스,4,위,가능,최근 5년,5,0,-4.4,-0.88,60.0,2.33,-5.0,3.41,0,1,6.6,아니오,2022-04-20,2026-04-20
KODEX 코스닥150선물인버스,5,아래,가능,전체,10,0,19.43,1.94,80.0,7.35,-1.12,2.52,0,0,7.6,예,2017-05-19,2026-05-20
KODEX 코스닥150선물인버스,5,아래,가능,앞 절반,5,0,4.8,0.96,80.0,2.21,-1.12,1.35,0,0,7.8,아니오,2017-05-19,2021-05-20
KODEX 코스닥150선물인버스,5,아래,가능,뒤 절반,5,0,14.62,2.92,80.0,7.35,-1.1,3.17,0,0,7.4,아니오,2022-05-20,2026-05-20
KODEX 코스닥150선물인버스,5,아래,가능,최근 10년,10,0,19.43,1.94,80.0,7.35,-1.12,2.52,0,0,7.6,예,2017-05-19,2026-05-20
KODEX 코스닥150선물인버스,5,아래,가능,최근 5년,5,0,14.62,2.92,80.0,7.35,-1.1,3.17,0,0,7.4,아니오,2022-05-20,2026-05-20
KODEX 코스닥150선물인버스,5,위,가능,전체,10,0,-17.08,-1.71,20.0,1.12,-5.0,2.02,0,1,7.1,예,2017-05-19,2026-05-20
KODEX 코스닥150선물인버스,5,위,가능,앞 절반,5,0,-4.8,-0.96,20.0,1.12,-2.21,1.35,0,0,7.8,아니오,2017-05-19,2021-05-20
KODEX 코스닥150선물인버스,5,위,가능,뒤 절반,5,0,-12.28,-2.46,20.0,1.1,-5.0,2.44,0,1,6.4,아니오,2022-05-20,2026-05-20
KODEX 코스닥150선물인버스,5,위,가능,최근 10년,10,0,-17.08,-1.71,20.0,1.12,-5.0,2.02,0,1,7.1,예,2017-05-19,2026-05-20
KODEX 코스닥150선물인버스,5,위,가능,최근 5년,5,0,-12.28,-2.46,20.0,1.1,-5.0,2.44,0,1,6.4,아니오,2022-05-20,2026-05-20
KODEX 코스닥150선물인버스,6,아래,가능,전체,10,0,-21.16,-2.12,10.0,1.02,-5.0,2.21,0,3,6.0,예,2017-06-20,2026-06-19
KODEX 코스닥150선물인버스,6,아래,가능,앞 절반,5,0,-6.31,-1.26,20.0,1.02,-5.0,2.39,0,1,7.0,아니오,2017-06-20,2021-06-18
KODEX 코스닥150선물인버스,6,아래,가능,뒤 절반,5,0,-14.84,-2.97,0.0,-1.25,-5.0,1.88,0,2,5.0,아니오,2022-06-20,2026-06-19
KODEX 코스닥150선물인버스,6,아래,가능,최근 10년,10,0,-21.16,-2.12,10.0,1.02,-5.0,2.21,0,3,6.0,예,2017-06-20,2026-06-19
KODEX 코스닥150선물인버스,6,아래,가능,최근 5년,5,0,-14.84,-2.97,0.0,-1.25,-5.0,1.88,0,2,5.0,아니오,2022-06-20,2026-06-19
KODEX 코스닥150선물인버스,6,위,가능,전체,10,0,19.45,1.95,80.0,8.39,-1.02,2.62,0,0,7.1,예,2017-06-20,2026-06-19
KODEX 코스닥150선물인버스,6,위,가능,앞 절반,5,0,9.7,1.94,60.0,8.39,-1.02,3.78,0,0,7.2,아니오,2017-06-20,2021-06-18
KODEX 코스닥150선물인버스,6,위,가능,뒤 절반,5,0,9.75,1.95,100.0,3.78,1.13,1.08,0,0,7.0,아니오,2022-06-20,2026-06-19
KODEX 코스닥150선물인버스,6,위,가능,최근 10년,10,0,19.45,1.95,80.0,8.39,-1.02,2.62,0,0,7.1,예,2017-06-20,2026-06-19
KODEX 코스닥150선물인버스,6,위,가능,최근 5년,5,0,9.75,1.95,100.0,3.78,1.13,1.08,0,0,7.0,아니오,2022-06-20,2026-06-19
KODEX 코스닥150선물인버스,7,아래,가능,전체,10,0,-14.72,-1.47,30.0,4.92,-5.0,3.76,0,3,6.8,예,2017-07-20,2026-07-20
KODEX 코스닥150선물인버스,7,아래,가능,앞 절반,5,0,-11.39,-2.28,20.0,4.33,-5.0,3.87,0,2,6.2,아니오,2017-07-20,2021-07-20
KODEX 코스닥150선물인버스,7,아래,가능,뒤 절반,5,0,-3.33,-0.67,40.0,4.92,-5.0,3.9,0,1,7.4,아니오,2022-07-20,2026-07-20
KODEX 코스닥150선물인버스,7,아래,가능,최근 10년,10,0,-14.72,-1.47,30.0,4.92,-5.0,3.76,0,3,6.8,예,2017-07-20,2026-07-20
KODEX 코스닥150선물인버스,7,아래,가능,최근 5년,5,0,-3.33,-0.67,40.0,4.92,-5.0,3.9,0,1,7.4,아니오,2022-07-20,2026-07-20
KODEX 코스닥150선물인버스,7,위,가능,전체,10,0,5.04,0.5,60.0,6.43,-5.0,4.14,0,2,6.8,예,2017-07-20,2026-07-20
KODEX 코스닥150선물인버스,7,위,가능,앞 절반,5,0,11.8,2.36,80.0,6.43,-4.33,4.04,0,0,7.8,아니오,2017-07-20,2021-07-20
KODEX 코스닥150선물인버스,7,위,가능,뒤 절반,5,0,-6.75,-1.35,40.0,2.68,-5.0,3.7,0,2,5.8,아니오,2022-07-20,2026-07-20
KODEX 코스닥150선물인버스,7,위,가능,최근 10년,10,0,5.04,0.5,60.0,6.43,-5.0,4.14,0,2,6.8,예,2017-07-20,2026-07-20
KODEX 코스닥150선물인버스,7,위,가능,최근 5년,5,0,-6.75,-1.35,40.0,2.68,-5.0,3.7,0,2,5.8,아니오,2022-07-20,2026-07-20
KODEX 코스닥150선물인버스,8,아래,가능,전체,11,0,8.58,0.78,54.55,8.26,-5.21,5.44,1,3,6.82,예,2016-08-19,2026-08-20
KODEX 코스닥150선물인버스,8,아래,가능,앞 절반,5,0,7.38,1.48,60.0,8.26,-5.0,6.29,0,2,7.4,아니오,2016-08-19,2020-08-20
KODEX 코스닥150선물인버스,8,아래,가능,뒤 절반,6,0,1.2,0.2,50.0,7.18,-5.21,5.15,1,1,6.33,아니오,2021-08-20,2026-08-20
KODEX 코스닥150선물인버스,8,아래,가능,최근 10년,10,0,13.58,1.36,60.0,8.26,-5.21,5.36,1,2,6.7,예,2017-08-18,2026-08-20
KODEX 코스닥150선물인버스,8,아래,가능,최근 5년,5,0,-5.98,-1.2,40.0,4.88,-5.21,4.31,1,1,6.2,아니오,2022-08-19,2026-08-20
KODEX 코스닥150선물인버스,8,위,가능,전체,11,0,-17.47,-1.59,36.36,4.51,-5.56,3.41,1,3,6.64,예,2016-08-19,2026-08-20
KODEX 코스닥150선물인버스,8,위,가능,앞 절반,5,0,-9.79,-1.96,20.0,4.51,-5.0,3.89,0,2,6.4,아니오,2016-08-19,2020-08-20
KODEX 코스닥150선물인버스,8,위,가능,뒤 절반,6,0,-7.68,-1.28,50.0,1.94,-5.56,3.3,1,1,6.83,아니오,2021-08-20,2026-08-20
KODEX 코스닥150선물인버스,8,위,가능,최근 10년,10,0,-21.98,-2.2,30.0,1.94,-5.56,2.89,1,3,6.5,예,2017-08-18,2026-08-20
KODEX 코스닥150선물인버스,8,위,가능,최근 5년,5,0,-2.68,-0.54,60.0,1.94,-5.56,3.07,1,0,7.6,아니오,2022-08-19,2026-08-20
KODEX 코스닥150선물인버스,9,아래,가능,전체,10,0,-26.98,-2.7,20.0,2.39,-6.28,2.96,1,4,4.9,예,2016-09-20,2025-09-19
KODEX 코스닥150선물인버스,9,아래,가능,앞 절반,5,0,-10.59,-2.12,20.0,0.24,-5.0,2.65,0,2,4.6,아니오,2016-09-20,2020-09-18
KODEX 코스닥150선물인버스,9,아래,가능,뒤 절반,5,0,-16.39,-3.28,20.0,2.39,-6.28,3.45,1,2,5.2,아니오,2021-09-17,2025-09-19
KODEX 코스닥150선물인버스,9,아래,가능,최근 10년,10,0,-26.98,-2.7,20.0,2.39,-6.28,2.96,1,4,4.9,예,2016-09-20,2025-09-19
KODEX 코스닥150선물인버스,9,아래,가능,최근 5년,5,0,-16.39,-3.28,20.0,2.39,-6.28,3.45,1,2,5.2,아니오,2021-09-17,2025-09-19
KODEX 코스닥150선물인버스,9,위,가능,전체,10,0,30.54,3.05,80.0,10.72,-2.39,3.77,0,0,6.3,예,2016-09-20,2025-09-19
KODEX 코스닥150선물인버스,9,위,가능,앞 절반,5,0,11.51,2.3,80.0,5.5,-0.24,2.9,0,0,6.2,아니오,2016-09-20,2020-09-18
KODEX 코스닥150선물인버스,9,위,가능,뒤 절반,5,0,19.03,3.81,80.0,10.72,-2.39,4.7,0,0,6.4,아니오,2021-09-17,2025-09-19
KODEX 코스닥150선물인버스,9,위,가능,최근 10년,10,0,30.54,3.05,80.0,10.72,-2.39,3.77,0,0,6.3,예,2016-09-20,2025-09-19
KODEX 코스닥150선물인버스,9,위,가능,최근 5년,5,0,19.03,3.81,80.0,10.72,-2.39,4.7,0,0,6.4,아니오,2021-09-17,2025-09-19
KODEX 코스닥150선물인버스,10,아래,가능,전체,10,0,0.87,0.09,50.0,5.3,-5.0,4.46,0,3,6.9,예,2016-10-20,2025-10-20
KODEX 코스닥150선물인버스,10,아래,가능,앞 절반,5,0,-3.22,-0.64,40.0,5.3,-5.0,5.08,0,2,6.0,아니오,2016-10-20,2020-10-20
KODEX 코스닥150선물인버스,10,아래,가능,뒤 절반,5,0,4.08,0.82,60.0,4.94,-5.0,4.19,0,1,7.8,아니오,2021-10-20,2025-10-20
KODEX 코스닥150선물인버스,10,아래,가능,최근 10년,10,0,0.87,0.09,50.0,5.3,-5.0,4.46,0,3,6.9,예,2016-10-20,2025-10-20
KODEX 코스닥150선물인버스,10,아래,가능,최근 5년,5,0,4.08,0.82,60.0,4.94,-5.0,4.19,0,1,7.8,아니오,2021-10-20,2025-10-20
KODEX 코스닥150선물인버스,10,위,가능,전체,10,0,6.19,0.62,50.0,12.85,-5.0,5.84,0,2,6.8,예,2016-10-20,2025-10-20
KODEX 코스닥150선물인버스,10,위,가능,앞 절반,5,0,10.01,2.0,60.0,12.85,-5.0,7.26,0,1,6.4,아니오,2016-10-20,2020-10-20
KODEX 코스닥150선물인버스,10,위,가능,뒤 절반,5,0,-3.81,-0.76,40.0,5.46,-5.0,4.39,0,1,7.2,아니오,2021-10-20,2025-10-20
KODEX 코스닥150선물인버스,10,위,가능,최근 10년,10,0,6.19,0.62,50.0,12.85,-5.0,5.84,0,2,6.8,예,2016-10-20,2025-10-20
KODEX 코스닥150선물인버스,10,위,가능,최근 5년,5,0,-3.81,-0.76,40.0,5.46,-5.0,4.39,0,1,7.2,아니오,2021-10-20,2025-10-20
KODEX 코스닥150선물인버스,11,아래,가능,전체,10,0,-19.01,-1.9,30.0,2.43,-5.0,2.92,0,3,6.6,예,2016-11-18,2025-11-20
KODEX 코스닥150선물인버스,11,아래,가능,앞 절반,5,0,-7.5,-1.5,40.0,2.43,-5.0,3.19,0,1,7.0,아니오,2016-11-18,2020-11-20
KODEX 코스닥150선물인버스,11,아래,가능,뒤 절반,5,0,-11.51,-2.3,20.0,1.93,-5.0,2.93,0,2,6.2,아니오,2021-11-19,2025-11-20
KODEX 코스닥150선물인버스,11,아래,가능,최근 10년,10,0,-19.01,-1.9,30.0,2.43,-5.0,2.92,0,3,6.6,예,2016-11-18,2025-11-20
KODEX 코스닥150선물인버스,11,아래,가능,최근 5년,5,0,-11.51,-2.3,20.0,1.93,-5.0,2.93,0,2,6.2,아니오,2021-11-19,2025-11-20
KODEX 코스닥150선물인버스,11,위,가능,전체,10,0,13.27,1.33,60.0,5.94,-2.43,3.18,0,0,7.3,예,2016-11-18,2025-11-20
KODEX 코스닥150선물인버스,11,위,가능,앞 절반,5,0,8.05,1.61,60.0,5.55,-2.43,3.35,0,0,7.4,아니오,2016-11-18,2020-11-20
KODEX 코스닥150선물인버스,11,위,가능,뒤 절반,5,0,5.22,1.04,60.0,5.94,-2.23,3.38,0,0,7.2,아니오,2021-11-19,2025-11-20
KODEX 코스닥150선물인버스,11,위,가능,최근 10년,10,0,13.27,1.33,60.0,5.94,-2.43,3.18,0,0,7.3,예,2016-11-18,2025-11-20
KODEX 코스닥150선물인버스,11,위,가능,최근 5년,5,0,5.22,1.04,60.0,5.94,-2.23,3.38,0,0,7.2,아니오,2021-11-19,2025-11-20
KODEX 코스닥150선물인버스,12,아래,가능,전체,10,0,30.14,3.01,90.0,9.42,-2.02,3.07,0,0,6.0,예,2016-12-20,2025-12-19
KODEX 코스닥150선물인버스,12,아래,가능,앞 절반,5,0,23.4,4.68,100.0,9.42,1.63,2.95,0,0,5.8,아니오,2016-12-20,2020-12-18
KODEX 코스닥150선물인버스,12,아래,가능,뒤 절반,5,0,6.73,1.35,80.0,4.18,-2.02,2.36,0,0,6.2,아니오,2021-12-20,2025-12-19
KODEX 코스닥150선물인버스,12,아래,가능,최근 10년,10,0,30.14,3.01,90.0,9.42,-2.02,3.07,0,0,6.0,예,2016-12-20,2025-12-19
KODEX 코스닥150선물인버스,12,아래,가능,최근 5년,5,0,6.73,1.35,80.0,4.18,-2.02,2.36,0,0,6.2,아니오,2021-12-20,2025-12-19
KODEX 코스닥150선물인버스,12,위,가능,전체,10,0,-26.25,-2.63,10.0,2.02,-5.0,2.3,0,3,5.6,예,2016-12-20,2025-12-19
KODEX 코스닥150선물인버스,12,위,가능,앞 절반,5,0,-18.7,-3.74,0.0,-1.63,-5.0,1.39,0,2,5.4,아니오,2016-12-20,2020-12-18
KODEX 코스닥150선물인버스,12,위,가능,뒤 절반,5,0,-7.55,-1.51,20.0,2.02,-5.0,2.62,0,1,5.8,아니오,2021-12-20,2025-12-19
KODEX 코스닥150선물인버스,12,위,가능,최근 10년,10,0,-26.25,-2.63,10.0,2.02,-5.0,2.3,0,3,5.6,예,2016-12-20,2025-12-19
KODEX 코스닥150선물인버스,12,위,가능,최근 5년,5,0,-7.55,-1.51,20.0,2.02,-5.0,2.62,0,1,5.8,아니오,2021-12-20,2025-12-19
코스닥150 지수,1,아래,불가(고저가 없음),전체,17,0,1.28,0.08,58.82,9.65,-26.16,7.92,0,0,6.94,예,2010-01-20,2026-01-20
코스닥150 지수,1,아래,불가(고저가 없음),앞 절반,8,0,13.39,1.67,75.0,9.34,-1.22,3.34,0,0,6.88,아니오,2010-01-20,2017-01-20
코스닥150 지수,1,아래,불가(고저가 없음),뒤 절반,9,0,-12.1,-1.34,44.44,9.65,-26.16,10.53,0,0,7.0,아니오,2018-01-19,2026-01-20
코스닥150 지수,1,아래,불가(고저가 없음),최근 10년,10,0,-10.97,-1.1,50.0,9.65,-26.16,9.96,0,0,6.8,예,2017-01-20,2026-01-20
코스닥150 지수,1,아래,불가(고저가 없음),최근 5년,5,0,-15.92,-3.18,40.0,9.65,-26.16,13.8,0,0,6.4,아니오,2022-01-20,2026-01-20
코스닥150 지수,1,위,불가(고저가 없음),전체,17,0,-1.28,-0.08,41.18,26.16,-9.65,7.92,0,0,6.94,예,2010-01-20,2026-01-20
코스닥150 지수,1,위,불가(고저가 없음),앞 절반,8,0,-13.39,-1.67,25.0,1.22,-9.34,3.34,0,0,6.88,아니오,2010-01-20,2017-01-20
코스닥150 지수,1,위,불가(고저가 없음),뒤 절반,9,0,12.1,1.34,55.56,26.16,-9.65,10.53,0,0,7.0,아니오,2018-01-19,2026-01-20
코스닥150 지수,1,위,불가(고저가 없음),최근 10년,10,0,10.97,1.1,50.0,26.16,-9.65,9.96,0,0,6.8,예,2017-01-20,2026-01-20
코스닥150 지수,1,위,불가(고저가 없음),최근 5년,5,0,15.92,3.18,60.0,26.16,-9.65,13.8,0,0,6.4,아니오,2022-01-20,2026-01-20
코스닥150 지수,2,아래,불가(고저가 없음),전체,17,0,7.71,0.45,47.06,8.49,-4.52,3.07,0,0,5.88,예,2010-02-19,2026-02-20
코스닥150 지수,2,아래,불가(고저가 없음),앞 절반,8,0,-3.24,-0.41,25.0,2.18,-2.07,1.39,0,0,5.88,아니오,2010-02-19,2017-02-20
코스닥150 지수,2,아래,불가(고저가 없음),뒤 절반,9,0,10.96,1.22,66.67,8.49,-4.52,3.97,0,0,5.89,아니오,2018-02-20,2026-02-20
코스닥150 지수,2,아래,불가(고저가 없음),최근 10년,10,0,11.7,1.17,70.0,8.49,-4.52,3.74,0,0,5.9,예,2017-02-20,2026-02-20
코스닥150 지수,2,아래,불가(고저가 없음),최근 5년,5,0,-5.02,-1.0,40.0,2.78,-4.52,2.76,0,0,6.0,아니오,2022-02-18,2026-02-20
코스닥150 지수,2,위,불가(고저가 없음),전체,17,0,-7.71,-0.45,52.94,4.52,-8.49,3.07,0,0,5.88,예,2010-02-19,2026-02-20
코스닥150 지수,2,위,불가(고저가 없음),앞 절반,8,0,3.24,0.41,75.0,2.07,-2.18,1.39,0,0,5.88,아니오,2010-02-19,2017-02-20
코스닥150 지수,2,위,불가(고저가 없음),뒤 절반,9,0,-10.96,-1.22,33.33,4.52,-8.49,3.97,0,0,5.89,아니오,2018-02-20,2026-02-20
코스닥150 지수,2,위,불가(고저가 없음),최근 10년,10,0,-11.7,-1.17,30.0,4.52,-8.49,3.74,0,0,5.9,예,2017-02-20,2026-02-20
코스닥150 지수,2,위,불가(고저가 없음),최근 5년,5,0,5.02,1.0,60.0,4.52,-2.78,2.76,0,0,6.0,아니오,2022-02-18,2026-02-20
코스닥150 지수,3,아래,불가(고저가 없음),전체,17,0,-10.11,-0.59,52.94,9.74,-19.09,6.48,0,0,7.82,예,2010-03-19,2026-03-20
코스닥150 지수,3,아래,불가(고저가 없음),앞 절반,8,0,-5.93,-0.74,50.0,2.31,-6.92,3.06,0,0,8.0,아니오,2010-03-19,2017-03-20
코스닥150 지수,3,아래,불가(고저가 없음),뒤 절반,9,0,-4.18,-0.46,55.56,9.74,-19.09,8.71,0,0,7.67,아니오,2018-03-20,2026-03-20
코스닥150 지수,3,아래,불가(고저가 없음),최근 10년,10,0,-7.05,-0.7,50.0,9.74,-19.09,8.24,0,0,7.8,예,2017-03-20,2026-03-20
코스닥150 지수,3,아래,불가(고저가 없음),최근 5년,5,0,7.4,1.48,40.0,9.74,-7.17,7.21,0,0,7.8,아니오,2022-03-18,2026-03-20
코스닥150 지수,3,위,불가(고저가 없음),전체,17,0,10.11,0.59,47.06,19.09,-9.74,6.48,0,0,7.82,예,2010-03-19,2026-03-20
코스닥150 지수,3,위,불가(고저가 없음),앞 절반,8,0,5.93,0.74,50.0,6.92,-2.31,3.06,0,0,8.0,아니오,2010-03-19,2017-03-20
코스닥150 지수,3,위,불가(고저가 없음),뒤 절반,9,0,4.18,0.46,44.44,19.09,-9.74,8.71,0,0,7.67,아니오,2018-03-20,2026-03-20
코스닥150 지수,3,위,불가(고저가 없음),최근 10년,10,0,7.05,0.7,50.0,19.09,-9.74,8.24,0,0,7.8,예,2017-03-20,2026-03-20
코스닥150 지수,3,위,불가(고저가 없음),최근 5년,5,0,-7.4,-1.48,60.0,7.17,-9.74,7.21,0,0,7.8,아니오,2022-03-18,2026-03-20
코스닥150 지수,4,아래,불가(고저가 없음),전체,17,0,21.03,1.24,70.59,7.02,-3.76,2.82,0,0,7.12,예,2010-04-20,2026-04-20
코스닥150 지수,4,아래,불가(고저가 없음),앞 절반,8,0,9.53,1.19,75.0,4.33,-3.27,2.87,0,0,7.12,아니오,2010-04-20,2017-04-20
코스닥150 지수,4,아래,불가(고저가 없음),뒤 절반,9,0,11.5,1.28,66.67,7.02,-3.76,2.96,0,0,7.11,아니오,2018-04-20,2026-04-20
코스닥150 지수,4,아래,불가(고저가 없음),최근 10년,10,0,12.92,1.29,70.0,7.02,-3.76,2.79,0,0,7.0,예,2017-04-20,2026-04-20
코스닥150 지수,4,아래,불가(고저가 없음),최근 5년,5,0,1.49,0.3,60.0,2.61,-3.76,2.68,0,0,7.2,아니오,2022-04-20,2026-04-20
코스닥150 지수,4,위,불가(고저가 없음),전체,17,0,-21.03,-1.24,29.41,3.76,-7.02,2.82,0,0,7.12,예,2010-04-20,2026-04-20
코스닥150 지수,4,위,불가(고저가 없음),앞 절반,8,0,-9.53,-1.19,25.0,3.27,-4.33,2.87,0,0,7.12,아니오,2010-04-20,2017-04-20
코스닥150 지수,4,위,불가(고저가 없음),뒤 절반,9,0,-11.5,-1.28,33.33,3.76,-7.02,2.96,0,0,7.11,아니오,2018-04-20,2026-04-20
코스닥150 지수,4,위,불가(고저가 없음),최근 10년,10,0,-12.92,-1.29,30.0,3.76,-7.02,2.79,0,0,7.0,예,2017-04-20,2026-04-20
코스닥150 지수,4,위,불가(고저가 없음),최근 5년,5,0,-1.49,-0.3,40.0,3.76,-2.61,2.68,0,0,7.2,아니오,2022-04-20,2026-04-20
코스닥150 지수,5,아래,불가(고저가 없음),전체,17,0,-30.38,-1.79,17.65,1.9,-6.2,2.19,0,0,7.47,예,2010-05-20,2026-05-20
코스닥150 지수,5,아래,불가(고저가 없음),앞 절반,8,0,-13.14,-1.64,12.5,1.9,-5.17,2.05,0,0,7.38,아니오,2010-05-20,2017-05-19
코스닥150 지수,5,아래,불가(고저가 없음),뒤 절반,9,0,-17.24,-1.92,22.22,1.2,-6.2,2.42,0,0,7.56,아니오,2018-05-18,2026-05-20
코스닥150 지수,5,아래,불가(고저가 없음),최근 10년,10,0,-19.2,-1.92,20.0,1.2,-6.2,2.28,0,0,7.6,예,2017-05-19,2026-05-20
코스닥150 지수,5,아래,불가(고저가 없음),최근 5년,5,0,-14.17,-2.83,20.0,0.75,-6.2,2.74,0,0,7.4,아니오,2022-05-20,2026-05-20
코스닥150 지수,5,위,불가(고저가 없음),전체,17,0,30.38,1.79,82.35,6.2,-1.9,2.19,0,0,7.47,예,2010-05-20,2026-05-20
코스닥150 지수,5,위,불가(고저가 없음),앞 절반,8,0,13.14,1.64,87.5,5.17,-1.9,2.05,0,0,7.38,아니오,2010-05-20,2017-05-19
코스닥150 지수,5,위,불가(고저가 없음),뒤 절반,9,0,17.24,1.92,77.78,6.2,-1.2,2.42,0,0,7.56,아니오,2018-05-18,2026-05-20
코스닥150 지수,5,위,불가(고저가 없음),최근 10년,10,0,19.2,1.92,80.0,6.2,-1.2,2.28,0,0,7.6,예,2017-05-19,2026-05-20
코스닥150 지수,5,위,불가(고저가 없음),최근 5년,5,0,14.17,2.83,80.0,6.2,-0.75,2.74,0,0,7.4,아니오,2022-05-20,2026-05-20
코스닥150 지수,6,아래,불가(고저가 없음),전체,17,0,16.31,0.96,58.82,7.52,-5.62,2.75,0,0,7.12,예,2010-06-18,2026-06-19
코스닥150 지수,6,아래,불가(고저가 없음),앞 절반,8,0,-5.26,-0.66,37.5,1.24,-5.62,2.12,0,0,7.25,아니오,2010-06-18,2017-06-20
코스닥150 지수,6,아래,불가(고저가 없음),뒤 절반,9,0,21.57,2.4,77.78,7.52,-1.11,2.49,0,0,7.0,아니오,2018-06-20,2026-06-19
코스닥150 지수,6,아래,불가(고저가 없음),최근 10년,10,0,21.43,2.14,70.0,7.52,-1.11,2.48,0,0,7.1,예,2017-06-20,2026-06-19
코스닥150 지수,6,아래,불가(고저가 없음),최근 5년,5,0,13.2,2.64,100.0,4.02,1.48,1.11,0,0,7.0,아니오,2022-06-20,2026-06-19
코스닥150 지수,6,위,불가(고저가 없음),전체,17,0,-16.31,-0.96,41.18,5.62,-7.52,2.75,0,0,7.12,예,2010-06-18,2026-06-19
코스닥150 지수,6,위,불가(고저가 없음),앞 절반,8,0,5.26,0.66,62.5,5.62,-1.24,2.12,0,0,7.25,아니오,2010-06-18,2017-06-20
코스닥150 지수,6,위,불가(고저가 없음),뒤 절반,9,0,-21.57,-2.4,22.22,1.11,-7.52,2.49,0,0,7.0,아니오,2018-06-20,2026-06-19
코스닥150 지수,6,위,불가(고저가 없음),최근 10년,10,0,-21.43,-2.14,30.0,1.11,-7.52,2.48,0,0,7.1,예,2017-06-20,2026-06-19
코스닥150 지수,6,위,불가(고저가 없음),최근 5년,5,0,-13.2,-2.64,0.0,-1.48,-4.02,1.11,0,0,7.0,아니오,2022-06-20,2026-06-19
코스닥150 지수,7,아래,불가(고저가 없음),전체,17,0,29.76,1.75,70.59,8.22,-4.51,3.74,0,0,7.88,예,2010-07-20,2026-07-20
코스닥150 지수,7,아래,불가(고저가 없음),앞 절반,8,0,17.43,2.18,75.0,8.22,-3.9,3.78,0,0,7.75,아니오,2010-07-20,2017-07-20
코스닥150 지수,7,아래,불가(고저가 없음),뒤 절반,9,0,12.33,1.37,66.67,6.23,-4.51,3.89,0,0,8.0,아니오,2018-07-20,2026-07-20
코스닥150 지수,7,아래,불가(고저가 없음),최근 10년,10,0,15.83,1.58,70.0,6.23,-4.51,3.73,0,0,7.9,예,2017-07-20,2026-07-20
코스닥150 지수,7,아래,불가(고저가 없음),최근 5년,5,0,4.28,0.86,60.0,4.72,-4.2,3.62,0,0,8.0,아니오,2022-07-20,2026-07-20
코스닥150 지수,7,위,불가(고저가 없음),전체,17,0,-29.76,-1.75,29.41,4.51,-8.22,3.74,0,0,7.88,예,2010-07-20,2026-07-20
코스닥150 지수,7,위,불가(고저가 없음),앞 절반,8,0,-17.43,-2.18,25.0,3.9,-8.22,3.78,0,0,7.75,아니오,2010-07-20,2017-07-20
코스닥150 지수,7,위,불가(고저가 없음),뒤 절반,9,0,-12.33,-1.37,33.33,4.51,-6.23,3.89,0,0,8.0,아니오,2018-07-20,2026-07-20
코스닥150 지수,7,위,불가(고저가 없음),최근 10년,10,0,-15.83,-1.58,30.0,4.51,-6.23,3.73,0,0,7.9,예,2017-07-20,2026-07-20
코스닥150 지수,7,위,불가(고저가 없음),최근 5년,5,0,-4.28,-0.86,40.0,4.2,-4.72,3.62,0,0,8.0,아니오,2022-07-20,2026-07-20
코스닥150 지수,8,아래,불가(고저가 없음),전체,17,0,-30.1,-1.77,35.29,5.61,-8.65,4.27,0,0,7.82,예,2010-08-20,2026-08-20
코스닥150 지수,8,아래,불가(고저가 없음),앞 절반,8,0,-3.2,-0.4,37.5,5.61,-4.89,4.16,0,0,7.88,아니오,2010-08-20,2017-08-18
코스닥150 지수,8,아래,불가(고저가 없음),뒤 절반,9,0,-26.9,-2.99,33.33,2.0,-8.65,4.22,0,0,7.78,아니오,2018-08-20,2026-08-20
코스닥150 지수,8,아래,불가(고저가 없음),최근 10년,10,0,-29.69,-2.97,30.0,2.0,-8.65,3.98,0,0,7.9,예,2017-08-18,2026-08-20
코스닥150 지수,8,아래,불가(고저가 없음),최근 5년,5,0,-2.02,-0.4,60.0,2.0,-5.46,3.18,0,0,7.8,아니오,2022-08-19,2026-08-20
코스닥150 지수,8,위,불가(고저가 없음),전체,17,0,30.1,1.77,64.71,8.65,-5.61,4.27,0,0,7.82,예,2010-08-20,2026-08-20
코스닥150 지수,8,위,불가(고저가 없음),앞 절반,8,0,3.2,0.4,62.5,4.89,-5.61,4.16,0,0,7.88,아니오,2010-08-20,2017-08-18
코스닥150 지수,8,위,불가(고저가 없음),뒤 절반,9,0,26.9,2.99,66.67,8.65,-2.0,4.22,0,0,7.78,아니오,2018-08-20,2026-08-20
코스닥150 지수,8,위,불가(고저가 없음),최근 10년,10,0,29.69,2.97,70.0,8.65,-2.0,3.98,0,0,7.9,예,2017-08-18,2026-08-20
코스닥150 지수,8,위,불가(고저가 없음),최근 5년,5,0,2.02,0.4,40.0,5.46,-2.0,3.18,0,0,7.8,아니오,2022-08-19,2026-08-20
코스닥150 지수,9,아래,불가(고저가 없음),전체,16,0,35.69,2.23,75.0,10.42,-2.89,3.44,0,0,6.31,예,2010-09-20,2025-09-19
코스닥150 지수,9,아래,불가(고저가 없음),앞 절반,8,0,4.87,0.61,75.0,3.82,-2.89,2.28,0,0,6.62,아니오,2010-09-20,2017-09-20
코스닥150 지수,9,아래,불가(고저가 없음),뒤 절반,8,0,30.82,3.85,75.0,10.42,-1.84,3.76,0,0,6.0,아니오,2018-09-20,2025-09-19
코스닥150 지수,9,아래,불가(고저가 없음),최근 10년,10,0,32.09,3.21,80.0,10.42,-1.84,3.59,0,0,6.3,예,2016-09-20,2025-09-19
코스닥150 지수,9,아래,불가(고저가 없음),최근 5년,5,0,19.9,3.98,80.0,10.42,-1.84,4.41,0,0,6.4,아니오,2021-09-17,2025-09-19
코스닥150 지수,9,위,불가(고저가 없음),전체,16,0,-35.69,-2.23,25.0,2.89,-10.42,3.44,0,0,6.31,예,2010-09-20,2025-09-19
코스닥150 지수,9,위,불가(고저가 없음),앞 절반,8,0,-4.87,-0.61,25.0,2.89,-3.82,2.28,0,0,6.62,아니오,2010-09-20,2017-09-20
코스닥150 지수,9,위,불가(고저가 없음),뒤 절반,8,0,-30.82,-3.85,25.0,1.84,-10.42,3.76,0,0,6.0,아니오,2018-09-20,2025-09-19
코스닥150 지수,9,위,불가(고저가 없음),최근 10년,10,0,-32.09,-3.21,20.0,1.84,-10.42,3.59,0,0,6.3,예,2016-09-20,2025-09-19
코스닥150 지수,9,위,불가(고저가 없음),최근 5년,5,0,-19.9,-3.98,20.0,1.84,-10.42,4.41,0,0,6.4,아니오,2021-09-17,2025-09-19
코스닥150 지수,10,아래,불가(고저가 없음),전체,16,0,3.13,0.2,43.75,11.76,-5.16,4.48,0,0,7.88,예,2010-10-20,2025-10-20
코스닥150 지수,10,아래,불가(고저가 없음),앞 절반,8,0,-4.38,-0.55,37.5,3.18,-4.07,2.48,0,0,7.75,아니오,2010-10-20,2017-10-20
코스닥150 지수,10,아래,불가(고저가 없음),뒤 절반,8,0,7.5,0.94,50.0,11.76,-5.16,5.96,0,0,8.0,아니오,2018-10-19,2025-10-20
코스닥150 지수,10,아래,불가(고저가 없음),최근 10년,10,0,6.96,0.7,50.0,11.76,-5.16,5.53,0,0,7.8,예,2016-10-20,2025-10-20
코스닥150 지수,10,아래,불가(고저가 없음),최근 5년,5,0,-3.02,-0.6,40.0,5.5,-4.72,4.3,0,0,7.8,아니오,2021-10-20,2025-10-20
코스닥150 지수,10,위,불가(고저가 없음),전체,16,0,-3.13,-0.2,56.25,5.16,-11.76,4.48,0,0,7.88,예,2010-10-20,2025-10-20
코스닥150 지수,10,위,불가(고저가 없음),앞 절반,8,0,4.38,0.55,62.5,4.07,-3.18,2.48,0,0,7.75,아니오,2010-10-20,2017-10-20
코스닥150 지수,10,위,불가(고저가 없음),뒤 절반,8,0,-7.5,-0.94,50.0,5.16,-11.76,5.96,0,0,8.0,아니오,2018-10-19,2025-10-20
코스닥150 지수,10,위,불가(고저가 없음),최근 10년,10,0,-6.96,-0.7,50.0,5.16,-11.76,5.53,0,0,7.8,예,2016-10-20,2025-10-20
코스닥150 지수,10,위,불가(고저가 없음),최근 5년,5,0,3.02,0.6,60.0,4.72,-5.5,4.3,0,0,7.8,아니오,2021-10-20,2025-10-20
코스닥150 지수,11,아래,불가(고저가 없음),전체,16,0,15.72,0.98,50.0,6.17,-2.96,2.94,0,0,7.19,예,2010-11-19,2025-11-20
코스닥150 지수,11,아래,불가(고저가 없음),앞 절반,8,0,9.71,1.21,50.0,5.49,-2.96,2.91,0,0,7.25,아니오,2010-11-19,2017-11-20
코스닥150 지수,11,아래,불가(고저가 없음),뒤 절반,8,0,6.0,0.75,50.0,6.17,-2.82,3.15,0,0,7.12,아니오,2018-11-20,2025-11-20
코스닥150 지수,11,아래,불가(고저가 없음),최근 10년,10,0,14.82,1.48,60.0,6.17,-2.82,3.22,0,0,7.3,예,2016-11-18,2025-11-20
코스닥150 지수,11,아래,불가(고저가 없음),최근 5년,5,0,5.84,1.17,60.0,6.17,-2.82,3.5,0,0,7.2,아니오,2021-11-19,2025-11-20
코스닥150 지수,11,위,불가(고저가 없음),전체,16,0,-15.72,-0.98,50.0,2.96,-6.17,2.94,0,0,7.19,예,2010-11-19,2025-11-20
코스닥150 지수,11,위,불가(고저가 없음),앞 절반,8,0,-9.71,-1.21,50.0,2.96,-5.49,2.91,0,0,7.25,아니오,2010-11-19,2017-11-20
코스닥150 지수,11,위,불가(고저가 없음),뒤 절반,8,0,-6.0,-0.75,50.0,2.82,-6.17,3.15,0,0,7.12,아니오,2018-11-20,2025-11-20
코스닥150 지수,11,위,불가(고저가 없음),최근 10년,10,0,-14.82,-1.48,40.0,2.82,-6.17,3.22,0,0,7.3,예,2016-11-18,2025-11-20
코스닥150 지수,11,위,불가(고저가 없음),최근 5년,5,0,-5.84,-1.17,40.0,2.82,-6.17,3.5,0,0,7.2,아니오,2021-11-19,2025-11-20
코스닥150 지수,12,아래,불가(고저가 없음),전체,16,0,-42.8,-2.67,12.5,3.09,-9.94,2.75,0,0,6.12,예,2010-12-20,2025-12-19
코스닥150 지수,12,아래,불가(고저가 없음),앞 절반,8,0,-29.25,-3.66,0.0,-1.13,-9.94,2.74,0,0,6.25,아니오,2010-12-20,2017-12-20
코스닥150 지수,12,아래,불가(고저가 없음),뒤 절반,8,0,-13.55,-1.69,25.0,3.09,-5.04,2.54,0,0,6.0,아니오,2018-12-20,2025-12-19
코스닥150 지수,12,아래,불가(고저가 없음),최근 10년,10,0,-26.62,-2.66,20.0,3.09,-9.94,3.43,0,0,6.0,예,2016-12-20,2025-12-19
코스닥150 지수,12,아래,불가(고저가 없음),최근 5년,5,0,-4.35,-0.87,40.0,3.09,-3.78,2.71,0,0,6.2,아니오,2021-12-20,2025-12-19
코스닥150 지수,12,위,불가(고저가 없음),전체,16,0,42.8,2.67,87.5,9.94,-3.09,2.75,0,0,6.12,예,2010-12-20,2025-12-19
코스닥150 지수,12,위,불가(고저가 없음),앞 절반,8,0,29.25,3.66,100.0,9.94,1.13,2.74,0,0,6.25,아니오,2010-12-20,2017-12-20
코스닥150 지수,12,위,불가(고저가 없음),뒤 절반,8,0,13.55,1.69,75.0,5.04,-3.09,2.54,0,0,6.0,아니오,2018-12-20,2025-12-19
코스닥150 지수,12,위,불가(고저가 없음),최근 10년,10,0,26.62,2.66,80.0,9.94,-3.09,3.43,0,0,6.0,예,2016-12-20,2025-12-19
코스닥150 지수,12,위,불가(고저가 없음),최근 5년,5,0,4.35,0.87,60.0,3.78,-3.09,2.71,0,0,6.2,아니오,2021-12-20,2025-12-19
코스닥 종합지수,1,아래,불가(고저가 없음),전체,30,0,-4.46,-0.15,43.33,8.95,-17.73,5.71,0,0,7.07,예,1997-01-20,2026-01-20
코스닥 종합지수,1,아래,불가(고저가 없음),앞 절반,15,0,-1.5,-0.1,40.0,8.74,-9.26,5.48,0,0,7.2,예,1997-01-20,2011-01-20
코스닥 종합지수,1,아래,불가(고저가 없음),뒤 절반,15,0,-2.96,-0.2,46.67,8.95,-17.73,6.13,0,0,6.93,예,2012-01-20,2026-01-20
코스닥 종합지수,1,아래,불가(고저가 없음),최근 10년,10,0,-1.64,-0.16,50.0,8.95,-17.73,7.57,0,0,6.8,예,2017-01-20,2026-01-20
코스닥 종합지수,1,아래,불가(고저가 없음),최근 5년,5,0,-6.84,-1.37,40.0,8.95,-17.73,10.26,0,0,6.4,아니오,2022-01-20,2026-01-20
코스닥 종합지수,1,위,불가(고저가 없음),전체,30,0,4.46,0.15,56.67,17.73,-8.95,5.71,0,0,7.07,예,1997-01-20,2026-01-20
코스닥 종합지수,1,위,불가(고저가 없음),앞 절반,15,0,1.5,0.1,60.0,9.26,-8.74,5.48,0,0,7.2,예,1997-01-20,2011-01-20
코스닥 종합지수,1,위,불가(고저가 없음),뒤 절반,15,0,2.96,0.2,53.33,17.73,-8.95,6.13,0,0,6.93,예,2012-01-20,2026-01-20
코스닥 종합지수,1,위,불가(고저가 없음),최근 10년,10,0,1.64,0.16,50.0,17.73,-8.95,7.57,0,0,6.8,예,2017-01-20,2026-01-20
코스닥 종합지수,1,위,불가(고저가 없음),최근 5년,5,0,6.84,1.37,60.0,17.73,-8.95,10.26,0,0,6.4,아니오,2022-01-20,2026-01-20
코스닥 종합지수,2,아래,불가(고저가 없음),전체,30,0,30.33,1.01,56.67,12.42,-4.39,3.75,0,0,5.97,예,1997-02-20,2026-02-20
코스닥 종합지수,2,아래,불가(고저가 없음),앞 절반,15,0,16.58,1.11,60.0,12.42,-4.39,4.14,0,0,6.0,예,1997-02-20,2011-02-18
코스닥 종합지수,2,아래,불가(고저가 없음),뒤 절반,15,0,13.75,0.92,53.33,10.41,-3.36,3.45,0,0,5.93,예,2012-02-20,2026-02-20
코스닥 종합지수,2,아래,불가(고저가 없음),최근 10년,10,0,20.3,2.03,80.0,10.41,-3.36,3.74,0,0,5.9,예,2017-02-20,2026-02-20
코스닥 종합지수,2,아래,불가(고저가 없음),최근 5년,5,0,-0.1,-0.02,60.0,3.16,-3.36,2.32,0,0,6.0,아니오,2022-02-18,2026-02-20
코스닥 종합지수,2,위,불가(고저가 없음),전체,30,0,-30.33,-1.01,43.33,4.39,-12.42,3.75,0,0,5.97,예,1997-02-20,2026-02-20
코스닥 종합지수,2,위,불가(고저가 없음),앞 절반,15,0,-16.58,-1.11,40.0,4.39,-12.42,4.14,0,0,6.0,예,1997-02-20,2011-02-18
코스닥 종합지수,2,위,불가(고저가 없음),뒤 절반,15,0,-13.75,-0.92,46.67,3.36,-10.41,3.45,0,0,5.93,예,2012-02-20,2026-02-20
코스닥 종합지수,2,위,불가(고저가 없음),최근 10년,10,0,-20.3,-2.03,20.0,3.36,-10.41,3.74,0,0,5.9,예,2017-02-20,2026-02-20
코스닥 종합지수,2,위,불가(고저가 없음),최근 5년,5,0,0.1,0.02,40.0,3.36,-3.16,2.32,0,0,6.0,아니오,2022-02-18,2026-02-20
코스닥 종합지수,3,아래,불가(고저가 없음),전체,30,0,-21.3,-0.71,43.33,9.4,-21.66,5.4,0,0,7.93,예,1997-03-20,2026-03-20
코스닥 종합지수,3,아래,불가(고저가 없음),앞 절반,15,0,-10.24,-0.68,40.0,4.14,-6.19,3.51,0,0,8.13,예,1997-03-20,2011-03-18
코스닥 종합지수,3,아래,불가(고저가 없음),뒤 절반,15,0,-11.07,-0.74,46.67,9.4,-21.66,6.92,0,0,7.73,예,2012-03-20,2026-03-20
코스닥 종합지수,3,아래,불가(고저가 없음),최근 10년,10,0,-11.82,-1.18,40.0,9.4,-21.66,8.5,0,0,7.8,예,2017-03-20,2026-03-20
코스닥 종합지수,3,아래,불가(고저가 없음),최근 5년,5,0,7.05,1.41,40.0,9.4,-5.65,6.52,0,0,7.8,아니오,2022-03-18,2026-03-20
코스닥 종합지수,3,위,불가(고저가 없음),전체,30,0,21.3,0.71,56.67,21.66,-9.4,5.4,0,0,7.93,예,1997-03-20,2026-03-20
코스닥 종합지수,3,위,불가(고저가 없음),앞 절반,15,0,10.24,0.68,60.0,6.19,-4.14,3.51,0,0,8.13,예,1997-03-20,2011-03-18
코스닥 종합지수,3,위,불가(고저가 없음),뒤 절반,15,0,11.07,0.74,53.33,21.66,-9.4,6.92,0,0,7.73,예,2012-03-20,2026-03-20
코스닥 종합지수,3,위,불가(고저가 없음),최근 10년,10,0,11.82,1.18,60.0,21.66,-9.4,8.5,0,0,7.8,예,2017-03-20,2026-03-20
코스닥 종합지수,3,위,불가(고저가 없음),최근 5년,5,0,-7.05,-1.41,60.0,5.65,-9.4,6.52,0,0,7.8,아니오,2022-03-18,2026-03-20
코스닥 종합지수,4,아래,불가(고저가 없음),전체,30,0,37.37,1.25,66.67,14.6,-7.44,4.12,0,0,7.23,예,1997-04-19,2026-04-20
코스닥 종합지수,4,아래,불가(고저가 없음),앞 절반,15,0,23.07,1.54,60.0,14.6,-7.44,5.27,0,0,7.4,예,1997-04-19,2011-04-20
코스닥 종합지수,4,아래,불가(고저가 없음),뒤 절반,15,0,14.31,0.95,73.33,4.84,-4.14,2.66,0,0,7.07,예,2012-04-20,2026-04-20
코스닥 종합지수,4,아래,불가(고저가 없음),최근 10년,10,0,10.06,1.01,70.0,4.84,-3.21,2.6,0,0,7.0,예,2017-04-20,2026-04-20
코스닥 종합지수,4,아래,불가(고저가 없음),최근 5년,5,0,2.82,0.56,60.0,4.84,-3.21,3.21,0,0,7.2,아니오,2022-04-20,2026-04-20
코스닥 종합지수,4,위,불가(고저가 없음),전체,30,0,-37.37,-1.25,33.33,7.44,-14.6,4.12,0,0,7.23,예,1997-04-19,2026-04-20
코스닥 종합지수,4,위,불가(고저가 없음),앞 절반,15,0,-23.07,-1.54,40.0,7.44,-14.6,5.27,0,0,7.4,예,1997-04-19,2011-04-20
코스닥 종합지수,4,위,불가(고저가 없음),뒤 절반,15,0,-14.31,-0.95,26.67,4.14,-4.84,2.66,0,0,7.07,예,2012-04-20,2026-04-20
코스닥 종합지수,4,위,불가(고저가 없음),최근 10년,10,0,-10.06,-1.01,30.0,3.21,-4.84,2.6,0,0,7.0,예,2017-04-20,2026-04-20
코스닥 종합지수,4,위,불가(고저가 없음),최근 5년,5,0,-2.82,-0.56,40.0,3.21,-4.84,3.21,0,0,7.2,아니오,2022-04-20,2026-04-20
코스닥 종합지수,5,아래,불가(고저가 없음),전체,30,0,-38.42,-1.28,30.0,12.06,-16.93,5.08,0,0,7.67,예,1997-05-20,2026-05-20
코스닥 종합지수,5,아래,불가(고저가 없음),앞 절반,15,0,-18.54,-1.24,40.0,12.06,-16.93,7.16,0,0,7.73,예,1997-05-20,2011-05-20
코스닥 종합지수,5,아래,불가(고저가 없음),뒤 절반,15,0,-19.88,-1.33,20.0,0.84,-5.18,1.48,0,0,7.6,예,2012-05-18,2026-05-20
코스닥 종합지수,5,아래,불가(고저가 없음),최근 10년,10,0,-10.56,-1.06,20.0,0.84,-2.63,1.11,0,0,7.6,예,2017-05-19,2026-05-20
코스닥 종합지수,5,아래,불가(고저가 없음),최근 5년,5,0,-6.9,-1.38,20.0,0.84,-2.63,1.31,0,0,7.4,아니오,2022-05-20,2026-05-20
코스닥 종합지수,5,위,불가(고저가 없음),전체,30,0,38.42,1.28,70.0,16.93,-12.06,5.08,0,0,7.67,예,1997-05-20,2026-05-20
코스닥 종합지수,5,위,불가(고저가 없음),앞 절반,15,0,18.54,1.24,60.0,16.93,-12.06,7.16,0,0,7.73,예,1997-05-20,2011-05-20
코스닥 종합지수,5,위,불가(고저가 없음),뒤 절반,15,0,19.88,1.33,80.0,5.18,-0.84,1.48,0,0,7.6,예,2012-05-18,2026-05-20
코스닥 종합지수,5,위,불가(고저가 없음),최근 10년,10,0,10.56,1.06,80.0,2.63,-0.84,1.11,0,0,7.6,예,2017-05-19,2026-05-20
코스닥 종합지수,5,위,불가(고저가 없음),최근 5년,5,0,6.9,1.38,80.0,2.63,-0.84,1.31,0,0,7.4,아니오,2022-05-20,2026-05-20
코스닥 종합지수,6,아래,불가(고저가 없음),전체,30,0,27.1,0.9,66.67,7.48,-4.88,3.05,0,0,7.2,예,1997-06-20,2026-06-19
코스닥 종합지수,6,아래,불가(고저가 없음),앞 절반,15,0,5.97,0.4,60.0,7.48,-4.88,3.79,0,0,7.4,예,1997-06-20,2011-06-20
코스닥 종합지수,6,아래,불가(고저가 없음),뒤 절반,15,0,21.13,1.41,73.33,5.22,-1.69,2.09,0,0,7.0,예,2012-06-20,2026-06-19
코스닥 종합지수,6,아래,불가(고저가 없음),최근 10년,10,0,20.59,2.06,90.0,5.22,-1.39,2.09,0,0,7.1,예,2017-06-20,2026-06-19
코스닥 종합지수,6,아래,불가(고저가 없음),최근 5년,5,0,13.7,2.74,100.0,5.22,1.27,1.54,0,0,7.0,아니오,2022-06-20,2026-06-19
코스닥 종합지수,6,위,불가(고저가 없음),전체,30,0,-27.1,-0.9,33.33,4.88,-7.48,3.05,0,0,7.2,예,1997-06-20,2026-06-19
코스닥 종합지수,6,위,불가(고저가 없음),앞 절반,15,0,-5.97,-0.4,40.0,4.88,-7.48,3.79,0,0,7.4,예,1997-06-20,2011-06-20
코스닥 종합지수,6,위,불가(고저가 없음),뒤 절반,15,0,-21.13,-1.41,26.67,1.69,-5.22,2.09,0,0,7.0,예,2012-06-20,2026-06-19
코스닥 종합지수,6,위,불가(고저가 없음),최근 10년,10,0,-20.59,-2.06,10.0,1.39,-5.22,2.09,0,0,7.1,예,2017-06-20,2026-06-19
코스닥 종합지수,6,위,불가(고저가 없음),최근 5년,5,0,-13.7,-2.74,0.0,-1.27,-5.22,1.54,0,0,7.0,아니오,2022-06-20,2026-06-19
코스닥 종합지수,7,아래,불가(고저가 없음),전체,31,0,53.33,1.72,58.06,10.17,-4.79,3.9,0,0,8.03,예,1996-07-20,2026-07-20
코스닥 종합지수,7,아래,불가(고저가 없음),앞 절반,15,0,26.83,1.79,53.33,10.17,-4.79,4.6,0,0,8.2,예,1996-07-20,2010-07-20
코스닥 종합지수,7,아래,불가(고저가 없음),뒤 절반,16,0,26.5,1.66,62.5,7.36,-4.26,3.25,0,0,7.88,예,2011-07-20,2026-07-20
코스닥 종합지수,7,아래,불가(고저가 없음),최근 10년,10,0,16.18,1.62,70.0,6.51,-4.26,3.1,0,0,7.9,예,2017-07-20,2026-07-20
코스닥 종합지수,7,아래,불가(고저가 없음),최근 5년,5,0,6.85,1.37,60.0,3.99,-1.63,2.37,0,0,8.0,아니오,2022-07-20,2026-07-20
코스닥 종합지수,7,위,불가(고저가 없음),전체,31,0,-53.33,-1.72,41.94,4.79,-10.17,3.9,0,0,8.03,예,1996-07-20,2026-07-20
코스닥 종합지수,7,위,불가(고저가 없음),앞 절반,15,0,-26.83,-1.79,46.67,4.79,-10.17,4.6,0,0,8.2,예,1996-07-20,2010-07-20
코스닥 종합지수,7,위,불가(고저가 없음),뒤 절반,16,0,-26.5,-1.66,37.5,4.26,-7.36,3.25,0,0,7.88,예,2011-07-20,2026-07-20
코스닥 종합지수,7,위,불가(고저가 없음),최근 10년,10,0,-16.18,-1.62,30.0,4.26,-6.51,3.1,0,0,7.9,예,2017-07-20,2026-07-20
코스닥 종합지수,7,위,불가(고저가 없음),최근 5년,5,0,-6.85,-1.37,40.0,1.63,-3.99,2.37,0,0,8.0,아니오,2022-07-20,2026-07-20
코스닥 종합지수,8,아래,불가(고저가 없음),전체,31,0,-28.15,-0.91,48.39,9.02,-11.55,4.66,0,0,8.0,예,1996-08-20,2026-08-20
코스닥 종합지수,8,아래,불가(고저가 없음),앞 절반,15,0,4.63,0.31,66.67,9.02,-11.55,5.28,0,0,8.13,예,1996-08-20,2010-08-20
코스닥 종합지수,8,아래,불가(고저가 없음),뒤 절반,16,0,-32.78,-2.05,31.25,4.67,-7.28,3.82,0,0,7.88,예,2011-08-19,2026-08-20
코스닥 종합지수,8,아래,불가(고저가 없음),최근 10년,10,0,-27.55,-2.76,30.0,2.51,-7.28,3.65,0,0,7.9,예,2017-08-18,2026-08-20
코스닥 종합지수,8,아래,불가(고저가 없음),최근 5년,5,0,-4.13,-0.83,60.0,2.51,-5.82,3.33,0,0,7.8,아니오,2022-08-19,2026-08-20
코스닥 종합지수,8,위,불가(고저가 없음),전체,31,0,28.15,0.91,51.61,11.55,-9.02,4.66,0,0,8.0,예,1996-08-20,2026-08-20
코스닥 종합지수,8,위,불가(고저가 없음),앞 절반,15,0,-4.63,-0.31,33.33,11.55,-9.02,5.28,0,0,8.13,예,1996-08-20,2010-08-20
코스닥 종합지수,8,위,불가(고저가 없음),뒤 절반,16,0,32.78,2.05,68.75,7.28,-4.67,3.82,0,0,7.88,예,2011-08-19,2026-08-20
코스닥 종합지수,8,위,불가(고저가 없음),최근 10년,10,0,27.55,2.76,70.0,7.28,-2.51,3.65,0,0,7.9,예,2017-08-18,2026-08-20
코스닥 종합지수,8,위,불가(고저가 없음),최근 5년,5,0,4.13,0.83,40.0,5.82,-2.51,3.33,0,0,7.8,아니오,2022-08-19,2026-08-20
코스닥 종합지수,9,아래,불가(고저가 없음),전체,30,0,65.03,2.17,70.0,12.98,-5.22,4.29,0,0,6.43,예,1996-09-20,2025-09-19
코스닥 종합지수,9,아래,불가(고저가 없음),앞 절반,15,0,27.59,1.84,66.67,12.98,-5.22,5.15,0,0,6.47,예,1996-09-20,2010-09-20
코스닥 종합지수,9,아래,불가(고저가 없음),뒤 절반,15,0,37.44,2.5,73.33,11.53,-2.08,3.39,0,0,6.4,예,2011-09-20,2025-09-19
코스닥 종합지수,9,아래,불가(고저가 없음),최근 10년,10,0,30.66,3.07,70.0,11.53,-2.08,3.85,0,0,6.3,예,2016-09-20,2025-09-19
코스닥 종합지수,9,아래,불가(고저가 없음),최근 5년,5,0,20.72,4.14,80.0,11.53,-2.08,4.91,0,0,6.4,아니오,2021-09-17,2025-09-19
코스닥 종합지수,9,위,불가(고저가 없음),전체,30,0,-65.03,-2.17,30.0,5.22,-12.98,4.29,0,0,6.43,예,1996-09-20,2025-09-19
코스닥 종합지수,9,위,불가(고저가 없음),앞 절반,15,0,-27.59,-1.84,33.33,5.22,-12.98,5.15,0,0,6.47,예,1996-09-20,2010-09-20
코스닥 종합지수,9,위,불가(고저가 없음),뒤 절반,15,0,-37.44,-2.5,26.67,2.08,-11.53,3.39,0,0,6.4,예,2011-09-20,2025-09-19
코스닥 종합지수,9,위,불가(고저가 없음),최근 10년,10,0,-30.66,-3.07,30.0,2.08,-11.53,3.85,0,0,6.3,예,2016-09-20,2025-09-19
코스닥 종합지수,9,위,불가(고저가 없음),최근 5년,5,0,-20.72,-4.14,20.0,2.08,-11.53,4.91,0,0,6.4,아니오,2021-09-17,2025-09-19
코스닥 종합지수,10,아래,불가(고저가 없음),전체,30,0,35.87,1.2,50.0,12.76,-4.64,4.52,0,0,8.07,예,1996-10-19,2025-10-20
코스닥 종합지수,10,아래,불가(고저가 없음),앞 절반,15,0,21.32,1.42,46.67,12.76,-4.64,4.93,0,0,8.2,예,1996-10-19,2010-10-20
코스닥 종합지수,10,아래,불가(고저가 없음),뒤 절반,15,0,14.55,0.97,53.33,12.4,-4.41,4.23,0,0,7.93,예,2011-10-20,2025-10-20
코스닥 종합지수,10,아래,불가(고저가 없음),최근 10년,10,0,17.6,1.76,60.0,12.4,-3.16,4.8,0,0,7.8,예,2016-10-20,2025-10-20
코스닥 종합지수,10,아래,불가(고저가 없음),최근 5년,5,0,1.58,0.32,60.0,4.31,-2.81,2.89,0,0,7.8,아니오,2021-10-20,2025-10-20
코스닥 종합지수,10,위,불가(고저가 없음),전체,30,0,-35.87,-1.2,50.0,4.64,-12.76,4.52,0,0,8.07,예,1996-10-19,2025-10-20
코스닥 종합지수,10,위,불가(고저가 없음),앞 절반,15,0,-21.32,-1.42,53.33,4.64,-12.76,4.93,0,0,8.2,예,1996-10-19,2010-10-20
코스닥 종합지수,10,위,불가(고저가 없음),뒤 절반,15,0,-14.55,-0.97,46.67,4.41,-12.4,4.23,0,0,7.93,예,2011-10-20,2025-10-20
코스닥 종합지수,10,위,불가(고저가 없음),최근 10년,10,0,-17.6,-1.76,40.0,3.16,-12.4,4.8,0,0,7.8,예,2016-10-20,2025-10-20
코스닥 종합지수,10,위,불가(고저가 없음),최근 5년,5,0,-1.58,-0.32,40.0,2.81,-4.31,2.89,0,0,7.8,아니오,2021-10-20,2025-10-20
코스닥 종합지수,11,아래,불가(고저가 없음),전체,30,0,-4.58,-0.15,43.33,16.1,-12.61,5.14,0,0,7.27,예,1996-11-20,2025-11-20
코스닥 종합지수,11,아래,불가(고저가 없음),앞 절반,15,0,-11.54,-0.77,40.0,16.1,-12.61,6.82,0,0,7.33,예,1996-11-20,2010-11-19
코스닥 종합지수,11,아래,불가(고저가 없음),뒤 절반,15,0,6.96,0.46,46.67,7.32,-2.56,2.71,0,0,7.2,예,2011-11-18,2025-11-20
코스닥 종합지수,11,아래,불가(고저가 없음),최근 10년,10,0,9.44,0.94,60.0,7.32,-2.32,3.07,0,0,7.3,예,2016-11-18,2025-11-20
코스닥 종합지수,11,아래,불가(고저가 없음),최근 5년,5,0,3.73,0.75,60.0,7.32,-2.32,3.94,0,0,7.2,아니오,2021-11-19,2025-11-20
코스닥 종합지수,11,위,불가(고저가 없음),전체,30,0,4.58,0.15,56.67,12.61,-16.1,5.14,0,0,7.27,예,1996-11-20,2025-11-20
코스닥 종합지수,11,위,불가(고저가 없음),앞 절반,15,0,11.54,0.77,60.0,12.61,-16.1,6.82,0,0,7.33,예,1996-11-20,2010-11-19
코스닥 종합지수,11,위,불가(고저가 없음),뒤 절반,15,0,-6.96,-0.46,53.33,2.56,-7.32,2.71,0,0,7.2,예,2011-11-18,2025-11-20
코스닥 종합지수,11,위,불가(고저가 없음),최근 10년,10,0,-9.44,-0.94,40.0,2.32,-7.32,3.07,0,0,7.3,예,2016-11-18,2025-11-20
코스닥 종합지수,11,위,불가(고저가 없음),최근 5년,5,0,-3.73,-0.75,40.0,2.32,-7.32,3.94,0,0,7.2,아니오,2021-11-19,2025-11-20
코스닥 종합지수,12,아래,불가(고저가 없음),전체,30,0,-13.4,-0.45,36.67,14.3,-7.48,4.36,0,0,5.87,예,1996-12-20,2025-12-19
코스닥 종합지수,12,아래,불가(고저가 없음),앞 절반,15,0,16.68,1.11,66.67,14.3,-7.48,5.48,0,0,5.73,예,1996-12-20,2010-12-20
코스닥 종합지수,12,아래,불가(고저가 없음),뒤 절반,15,0,-30.08,-2.01,6.67,3.39,-5.71,2.02,0,0,6.0,예,2011-12-20,2025-12-19
코스닥 종합지수,12,아래,불가(고저가 없음),최근 10년,10,0,-18.35,-1.84,10.0,3.39,-5.71,2.45,0,0,6.0,예,2016-12-20,2025-12-19
코스닥 종합지수,12,아래,불가(고저가 없음),최근 5년,5,0,-4.01,-0.8,20.0,3.39,-4.39,2.79,0,0,6.2,아니오,2021-12-20,2025-12-19
코스닥 종합지수,12,위,불가(고저가 없음),전체,30,0,13.4,0.45,63.33,7.48,-14.3,4.36,0,0,5.87,예,1996-12-20,2025-12-19
코스닥 종합지수,12,위,불가(고저가 없음),앞 절반,15,0,-16.68,-1.11,33.33,7.48,-14.3,5.48,0,0,5.73,예,1996-12-20,2010-12-20
코스닥 종합지수,12,위,불가(고저가 없음),뒤 절반,15,0,30.08,2.01,93.33,5.71,-3.39,2.02,0,0,6.0,예,2011-12-20,2025-12-19
코스닥 종합지수,12,위,불가(고저가 없음),최근 10년,10,0,18.35,1.84,90.0,5.71,-3.39,2.45,0,0,6.0,예,2016-12-20,2025-12-19
코스닥 종합지수,12,위,불가(고저가 없음),최근 5년,5,0,4.01,0.8,80.0,4.39,-3.39,2.79,0,0,6.2,아니오,2021-12-20,2025-12-19
