종목,테스트,파라미터,시작연도,방향,시대 구간,구간,표본,거는 방향,적중률(%),방향 기대값(%),합산 수익률(%),기준선(%),기준선 대비 차이(%p),1차 판정
QQQ,테스트 A(역대급 등락),K=5,2003,폭등,전체,1일,3,아래,100.0,2.94,8.83,44.47,55.53,후보
QQQ,테스트 A(역대급 등락),K=5,2003,폭등,전체,2일,3,아래,66.67,4.1,12.31,42.91,23.75,후보
QQQ,테스트 A(역대급 등락),K=5,2003,폭등,전체,3일,3,아래,66.67,2.26,6.77,42.15,24.52,후보
QQQ,테스트 A(역대급 등락),K=5,2003,폭등,전체,1주,3,아래,66.67,1.41,4.24,41.04,25.63,후보
QQQ,테스트 A(역대급 등락),K=5,2003,폭등,전체,2주,3,아래,66.67,7.86,23.57,38.5,28.17,후보
QQQ,테스트 A(역대급 등락),K=5,2003,폭등,전체,1개월,3,아래,66.67,5.83,17.48,34.84,31.82,후보
QQQ,테스트 A(역대급 등락),K=5,2003,폭락,전체,1일,3,위,100.0,7.16,21.48,55.05,44.95,후보
QQQ,테스트 A(역대급 등락),K=5,2003,폭락,전체,2일,3,위,66.67,1.78,5.34,56.65,10.02,후보
QQQ,테스트 A(역대급 등락),K=5,2003,폭락,전체,3일,3,위,100.0,5.38,16.15,57.72,42.28,후보
QQQ,테스트 A(역대급 등락),K=5,2003,폭락,전체,1주,3,위,100.0,0.3,0.91,58.76,41.24,후보
QQQ,테스트 A(역대급 등락),K=5,2003,폭락,전체,2주,3,위,100.0,8.5,25.51,61.35,38.65,후보
QQQ,테스트 A(역대급 등락),K=5,2003,폭락,전체,1개월,3,위,66.67,12.58,37.75,65.05,1.61,후보
QQQ,테스트 A(역대급 등락),K=5,2003,역방향 전체,전체,1일,6,위,100.0,5.05,30.31,49.76,50.24,후보
QQQ,테스트 A(역대급 등락),K=5,2003,역방향 전체,전체,2일,6,위,66.67,2.94,17.65,49.78,16.89,후보
QQQ,테스트 A(역대급 등락),K=5,2003,역방향 전체,전체,3일,6,위,83.33,3.82,22.92,49.93,33.4,후보
QQQ,테스트 A(역대급 등락),K=5,2003,역방향 전체,전체,1주,6,위,83.33,0.86,5.15,49.9,33.43,후보
QQQ,테스트 A(역대급 등락),K=5,2003,역방향 전체,전체,2주,6,위,83.33,8.18,49.08,49.92,33.41,후보
QQQ,테스트 A(역대급 등락),K=5,2003,역방향 전체,전체,1개월,6,위,66.67,9.2,55.23,49.95,16.72,후보
QQQ,테스트 A(역대급 등락),K=10,2003,폭등,전체,1일,3,아래,100.0,2.94,8.83,44.47,55.53,후보
QQQ,테스트 A(역대급 등락),K=10,2003,폭등,전체,2일,3,아래,66.67,4.1,12.31,42.91,23.75,후보
QQQ,테스트 A(역대급 등락),K=10,2003,폭등,전체,3일,3,아래,66.67,2.26,6.77,42.15,24.52,후보
QQQ,테스트 A(역대급 등락),K=10,2003,폭등,전체,1주,3,아래,66.67,1.41,4.24,41.04,25.63,후보
QQQ,테스트 A(역대급 등락),K=10,2003,폭등,전체,2주,3,아래,66.67,7.86,23.57,38.5,28.17,후보
QQQ,테스트 A(역대급 등락),K=10,2003,폭등,전체,1개월,3,아래,66.67,5.83,17.48,34.84,31.82,후보
QQQ,테스트 A(역대급 등락),K=10,2003,폭락,전체,1일,4,위,100.0,6.09,24.36,55.05,44.95,후보
QQQ,테스트 A(역대급 등락),K=10,2003,폭락,전체,2일,4,위,75.0,1.79,7.14,56.65,18.35,후보
QQQ,테스트 A(역대급 등락),K=10,2003,폭락,전체,3일,4,위,75.0,3.33,13.32,57.72,17.28,후보
QQQ,테스트 A(역대급 등락),K=10,2003,폭락,전체,1주,4,위,75.0,-1.73,-6.92,58.76,16.24,제외
QQQ,테스트 A(역대급 등락),K=10,2003,폭락,전체,2주,4,위,75.0,4.6,18.4,61.35,13.65,후보
QQQ,테스트 A(역대급 등락),K=10,2003,폭락,전체,1개월,4,아래,50.0,-5.5,-21.99,34.84,15.16,제외
QQQ,테스트 A(역대급 등락),K=10,2003,역방향 전체,전체,1일,7,위,100.0,4.74,33.19,49.76,50.24,후보
QQQ,테스트 A(역대급 등락),K=10,2003,역방향 전체,전체,2일,7,위,71.43,2.78,19.45,49.78,21.65,후보
QQQ,테스트 A(역대급 등락),K=10,2003,역방향 전체,전체,3일,7,위,71.43,2.87,20.09,49.93,21.5,후보
QQQ,테스트 A(역대급 등락),K=10,2003,역방향 전체,전체,1주,7,위,71.43,-0.38,-2.67,49.9,21.53,제외
QQQ,테스트 A(역대급 등락),K=10,2003,역방향 전체,전체,2주,7,위,71.43,5.99,41.96,49.92,21.5,후보
QQQ,테스트 A(역대급 등락),K=10,2003,역방향 전체,전체,1개월,7,위,57.14,5.64,39.47,49.95,7.19,제외
QQQ,테스트 A(역대급 등락),K=20,2003,폭등,전체,1일,7,아래,85.71,3.25,22.75,44.47,41.25,후보
QQQ,테스트 A(역대급 등락),K=20,2003,폭등,전체,2일,7,아래,57.14,2.09,14.63,42.91,14.23,제외
QQQ,테스트 A(역대급 등락),K=20,2003,폭등,전체,3일,7,아래,57.14,2.57,17.99,42.15,15.0,제외
QQQ,테스트 A(역대급 등락),K=20,2003,폭등,전체,1주,7,아래,42.86,1.47,10.26,41.04,1.82,제외
QQQ,테스트 A(역대급 등락),K=20,2003,폭등,전체,2주,7,아래,42.86,2.04,14.28,38.5,4.36,제외
QQQ,테스트 A(역대급 등락),K=20,2003,폭등,전체,1개월,7,위,71.43,3.62,25.37,65.05,6.37,후보
QQQ,테스트 A(역대급 등락),K=20,2003,폭락,전체,1일,7,위,85.71,4.62,32.35,55.05,30.67,후보
QQQ,테스트 A(역대급 등락),K=20,2003,폭락,전체,2일,7,위,71.43,1.54,10.81,56.65,14.78,후보
QQQ,테스트 A(역대급 등락),K=20,2003,폭락,전체,3일,7,아래,42.86,-0.59,-4.12,42.15,0.71,제외
QQQ,테스트 A(역대급 등락),K=20,2003,폭락,전체,1주,7,위,71.43,-0.69,-4.82,58.76,12.67,제외
QQQ,테스트 A(역대급 등락),K=20,2003,폭락,전체,2주,7,아래,42.86,-1.59,-11.16,38.5,4.36,제외
QQQ,테스트 A(역대급 등락),K=20,2003,폭락,전체,1개월,7,아래,42.86,-4.55,-31.86,34.84,8.01,제외
QQQ,테스트 A(역대급 등락),K=20,2003,역방향 전체,전체,1일,14,위,85.71,3.94,55.1,49.76,35.96,후보
QQQ,테스트 A(역대급 등락),K=20,2003,역방향 전체,전체,2일,14,위,64.29,1.82,25.44,49.78,14.5,후보
QQQ,테스트 A(역대급 등락),K=20,2003,역방향 전체,전체,3일,14,위,57.14,1.58,22.11,49.93,7.21,제외
QQQ,테스트 A(역대급 등락),K=20,2003,역방향 전체,전체,1주,14,위,57.14,0.39,5.44,49.9,7.24,제외
QQQ,테스트 A(역대급 등락),K=20,2003,역방향 전체,전체,2주,14,위,50.0,1.82,25.44,49.92,0.08,제외
QQQ,테스트 A(역대급 등락),K=20,2003,역방향 전체,전체,1개월,14,아래,57.14,-0.46,-6.49,49.95,7.19,제외
QQQ,테스트 A(역대급 등락),K=5,2005,폭등,전체,1일,3,아래,100.0,2.94,8.83,44.38,55.62,후보
QQQ,테스트 A(역대급 등락),K=5,2005,폭등,전체,2일,3,아래,66.67,4.1,12.31,42.84,23.82,후보
QQQ,테스트 A(역대급 등락),K=5,2005,폭등,전체,3일,3,아래,66.67,2.26,6.77,41.93,24.73,후보
QQQ,테스트 A(역대급 등락),K=5,2005,폭등,전체,1주,3,아래,66.67,1.41,4.24,40.7,25.97,후보
QQQ,테스트 A(역대급 등락),K=5,2005,폭등,전체,2주,3,아래,66.67,7.86,23.57,38.13,28.54,후보
QQQ,테스트 A(역대급 등락),K=5,2005,폭등,전체,1개월,3,아래,66.67,5.83,17.48,34.95,31.72,후보
QQQ,테스트 A(역대급 등락),K=5,2005,폭락,전체,1일,3,위,100.0,7.16,21.48,55.15,44.85,후보
QQQ,테스트 A(역대급 등락),K=5,2005,폭락,전체,2일,3,위,66.67,1.78,5.34,56.75,9.91,후보
QQQ,테스트 A(역대급 등락),K=5,2005,폭락,전체,3일,3,위,100.0,5.38,16.15,57.94,42.06,후보
QQQ,테스트 A(역대급 등락),K=5,2005,폭락,전체,1주,3,위,100.0,0.3,0.91,59.12,40.88,후보
QQQ,테스트 A(역대급 등락),K=5,2005,폭락,전체,2주,3,위,100.0,8.5,25.51,61.71,38.29,후보
QQQ,테스트 A(역대급 등락),K=5,2005,폭락,전체,1개월,3,위,66.67,12.58,37.75,64.96,1.71,후보
QQQ,테스트 A(역대급 등락),K=5,2005,역방향 전체,전체,1일,6,위,100.0,5.05,30.31,49.76,50.24,후보
QQQ,테스트 A(역대급 등락),K=5,2005,역방향 전체,전체,2일,6,위,66.67,2.94,17.65,49.8,16.87,후보
QQQ,테스트 A(역대급 등락),K=5,2005,역방향 전체,전체,3일,6,위,83.33,3.82,22.92,49.94,33.4,후보
QQQ,테스트 A(역대급 등락),K=5,2005,역방향 전체,전체,1주,6,위,83.33,0.86,5.15,49.91,33.43,후보
QQQ,테스트 A(역대급 등락),K=5,2005,역방향 전체,전체,2주,6,위,83.33,8.18,49.08,49.92,33.42,후보
QQQ,테스트 A(역대급 등락),K=5,2005,역방향 전체,전체,1개월,6,위,66.67,9.2,55.23,49.95,16.71,후보
QQQ,테스트 A(역대급 등락),K=10,2005,폭등,전체,1일,3,아래,100.0,2.94,8.83,44.38,55.62,후보
QQQ,테스트 A(역대급 등락),K=10,2005,폭등,전체,2일,3,아래,66.67,4.1,12.31,42.84,23.82,후보
QQQ,테스트 A(역대급 등락),K=10,2005,폭등,전체,3일,3,아래,66.67,2.26,6.77,41.93,24.73,후보
QQQ,테스트 A(역대급 등락),K=10,2005,폭등,전체,1주,3,아래,66.67,1.41,4.24,40.7,25.97,후보
QQQ,테스트 A(역대급 등락),K=10,2005,폭등,전체,2주,3,아래,66.67,7.86,23.57,38.13,28.54,후보
QQQ,테스트 A(역대급 등락),K=10,2005,폭등,전체,1개월,3,아래,66.67,5.83,17.48,34.95,31.72,후보
QQQ,테스트 A(역대급 등락),K=10,2005,폭락,전체,1일,4,위,100.0,6.09,24.36,55.15,44.85,후보
QQQ,테스트 A(역대급 등락),K=10,2005,폭락,전체,2일,4,위,75.0,1.79,7.14,56.75,18.25,후보
QQQ,테스트 A(역대급 등락),K=10,2005,폭락,전체,3일,4,위,75.0,3.33,13.32,57.94,17.06,후보
QQQ,테스트 A(역대급 등락),K=10,2005,폭락,전체,1주,4,위,75.0,-1.73,-6.92,59.12,15.88,제외
QQQ,테스트 A(역대급 등락),K=10,2005,폭락,전체,2주,4,위,75.0,4.6,18.4,61.71,13.29,후보
QQQ,테스트 A(역대급 등락),K=10,2005,폭락,전체,1개월,4,아래,50.0,-5.5,-21.99,34.95,15.05,제외
QQQ,테스트 A(역대급 등락),K=10,2005,역방향 전체,전체,1일,7,위,100.0,4.74,33.19,49.76,50.24,후보
QQQ,테스트 A(역대급 등락),K=10,2005,역방향 전체,전체,2일,7,위,71.43,2.78,19.45,49.8,21.63,후보
QQQ,테스트 A(역대급 등락),K=10,2005,역방향 전체,전체,3일,7,위,71.43,2.87,20.09,49.94,21.49,후보
QQQ,테스트 A(역대급 등락),K=10,2005,역방향 전체,전체,1주,7,위,71.43,-0.38,-2.67,49.91,21.52,제외
QQQ,테스트 A(역대급 등락),K=10,2005,역방향 전체,전체,2주,7,위,71.43,5.99,41.96,49.92,21.51,후보
QQQ,테스트 A(역대급 등락),K=10,2005,역방향 전체,전체,1개월,7,위,57.14,5.64,39.47,49.95,7.19,제외
QQQ,테스트 A(역대급 등락),K=20,2005,폭등,전체,1일,7,아래,85.71,3.25,22.75,44.38,41.34,후보
QQQ,테스트 A(역대급 등락),K=20,2005,폭등,전체,2일,7,아래,57.14,2.09,14.63,42.84,14.3,제외
QQQ,테스트 A(역대급 등락),K=20,2005,폭등,전체,3일,7,아래,57.14,2.57,17.99,41.93,15.21,제외
QQQ,테스트 A(역대급 등락),K=20,2005,폭등,전체,1주,7,아래,42.86,1.47,10.26,40.7,2.16,제외
QQQ,테스트 A(역대급 등락),K=20,2005,폭등,전체,2주,7,아래,42.86,2.04,14.28,38.13,4.73,제외
QQQ,테스트 A(역대급 등락),K=20,2005,폭등,전체,1개월,7,위,71.43,3.62,25.37,64.96,6.47,후보
QQQ,테스트 A(역대급 등락),K=20,2005,폭락,전체,1일,7,위,85.71,4.62,32.35,55.15,30.57,후보
QQQ,테스트 A(역대급 등락),K=20,2005,폭락,전체,2일,7,위,71.43,1.54,10.81,56.75,14.68,후보
QQQ,테스트 A(역대급 등락),K=20,2005,폭락,전체,3일,7,아래,42.86,-0.59,-4.12,41.93,0.92,제외
QQQ,테스트 A(역대급 등락),K=20,2005,폭락,전체,1주,7,위,71.43,-0.69,-4.82,59.12,12.31,제외
QQQ,테스트 A(역대급 등락),K=20,2005,폭락,전체,2주,7,아래,42.86,-1.59,-11.16,38.13,4.73,제외
QQQ,테스트 A(역대급 등락),K=20,2005,폭락,전체,1개월,7,아래,42.86,-4.55,-31.86,34.95,7.91,제외
QQQ,테스트 A(역대급 등락),K=20,2005,역방향 전체,전체,1일,14,위,85.71,3.94,55.1,49.76,35.95,후보
QQQ,테스트 A(역대급 등락),K=20,2005,역방향 전체,전체,2일,14,위,64.29,1.82,25.44,49.8,14.49,후보
QQQ,테스트 A(역대급 등락),K=20,2005,역방향 전체,전체,3일,14,위,57.14,1.58,22.11,49.94,7.21,제외
QQQ,테스트 A(역대급 등락),K=20,2005,역방향 전체,전체,1주,14,위,57.14,0.39,5.44,49.91,7.23,제외
QQQ,테스트 A(역대급 등락),K=20,2005,역방향 전체,전체,2주,14,위,50.0,1.82,25.44,49.92,0.08,제외
QQQ,테스트 A(역대급 등락),K=20,2005,역방향 전체,전체,1개월,14,아래,57.14,-0.46,-6.49,49.95,7.19,제외
QQQ,테스트 A(역대급 등락),K=5,2008,폭등,전체,1일,3,아래,100.0,2.94,8.83,44.39,55.61,후보
QQQ,테스트 A(역대급 등락),K=5,2008,폭등,전체,2일,3,아래,66.67,4.1,12.31,42.38,24.29,후보
QQQ,테스트 A(역대급 등락),K=5,2008,폭등,전체,3일,3,아래,66.67,2.26,6.77,41.62,25.05,후보
QQQ,테스트 A(역대급 등락),K=5,2008,폭등,전체,1주,3,아래,66.67,1.41,4.24,40.27,26.39,후보
QQQ,테스트 A(역대급 등락),K=5,2008,폭등,전체,2주,3,아래,66.67,7.86,23.57,37.69,28.97,후보
QQQ,테스트 A(역대급 등락),K=5,2008,폭등,전체,1개월,3,아래,66.67,5.83,17.48,33.55,33.12,후보
QQQ,테스트 A(역대급 등락),K=5,2008,폭락,전체,1일,3,위,100.0,7.16,21.48,55.18,44.82,후보
QQQ,테스트 A(역대급 등락),K=5,2008,폭락,전체,2일,3,위,66.67,1.78,5.34,57.39,9.28,후보
QQQ,테스트 A(역대급 등락),K=5,2008,폭락,전체,3일,3,위,100.0,5.38,16.15,58.25,41.75,후보
QQQ,테스트 A(역대급 등락),K=5,2008,폭락,전체,1주,3,위,100.0,0.3,0.91,59.56,40.44,후보
QQQ,테스트 A(역대급 등락),K=5,2008,폭락,전체,2주,3,위,100.0,8.5,25.51,62.22,37.78,후보
QQQ,테스트 A(역대급 등락),K=5,2008,폭락,전체,1개월,3,위,66.67,12.58,37.75,66.41,0.26,후보
QQQ,테스트 A(역대급 등락),K=5,2008,역방향 전체,전체,1일,6,위,100.0,5.05,30.31,49.79,50.21,후보
QQQ,테스트 A(역대급 등락),K=5,2008,역방향 전체,전체,2일,6,위,66.67,2.94,17.65,49.88,16.78,후보
QQQ,테스트 A(역대급 등락),K=5,2008,역방향 전체,전체,3일,6,위,83.33,3.82,22.92,49.94,33.4,후보
QQQ,테스트 A(역대급 등락),K=5,2008,역방향 전체,전체,1주,6,위,83.33,0.86,5.15,49.91,33.42,후보
QQQ,테스트 A(역대급 등락),K=5,2008,역방향 전체,전체,2주,6,위,83.33,8.18,49.08,49.96,33.38,후보
QQQ,테스트 A(역대급 등락),K=5,2008,역방향 전체,전체,1개월,6,위,66.67,9.2,55.23,49.98,16.69,후보
QQQ,테스트 A(역대급 등락),K=10,2008,폭등,전체,1일,3,아래,100.0,2.94,8.83,44.39,55.61,후보
QQQ,테스트 A(역대급 등락),K=10,2008,폭등,전체,2일,3,아래,66.67,4.1,12.31,42.38,24.29,후보
QQQ,테스트 A(역대급 등락),K=10,2008,폭등,전체,3일,3,아래,66.67,2.26,6.77,41.62,25.05,후보
QQQ,테스트 A(역대급 등락),K=10,2008,폭등,전체,1주,3,아래,66.67,1.41,4.24,40.27,26.39,후보
QQQ,테스트 A(역대급 등락),K=10,2008,폭등,전체,2주,3,아래,66.67,7.86,23.57,37.69,28.97,후보
QQQ,테스트 A(역대급 등락),K=10,2008,폭등,전체,1개월,3,아래,66.67,5.83,17.48,33.55,33.12,후보
QQQ,테스트 A(역대급 등락),K=10,2008,폭락,전체,1일,4,위,100.0,6.09,24.36,55.18,44.82,후보
QQQ,테스트 A(역대급 등락),K=10,2008,폭락,전체,2일,4,위,75.0,1.79,7.14,57.39,17.61,후보
QQQ,테스트 A(역대급 등락),K=10,2008,폭락,전체,3일,4,위,75.0,3.33,13.32,58.25,16.75,후보
QQQ,테스트 A(역대급 등락),K=10,2008,폭락,전체,1주,4,위,75.0,-1.73,-6.92,59.56,15.44,제외
QQQ,테스트 A(역대급 등락),K=10,2008,폭락,전체,2주,4,위,75.0,4.6,18.4,62.22,12.78,후보
QQQ,테스트 A(역대급 등락),K=10,2008,폭락,전체,1개월,4,아래,50.0,-5.5,-21.99,33.55,16.45,제외
QQQ,테스트 A(역대급 등락),K=10,2008,역방향 전체,전체,1일,7,위,100.0,4.74,33.19,49.79,50.21,후보
QQQ,테스트 A(역대급 등락),K=10,2008,역방향 전체,전체,2일,7,위,71.43,2.78,19.45,49.88,21.55,후보
QQQ,테스트 A(역대급 등락),K=10,2008,역방향 전체,전체,3일,7,위,71.43,2.87,20.09,49.94,21.49,후보
QQQ,테스트 A(역대급 등락),K=10,2008,역방향 전체,전체,1주,7,위,71.43,-0.38,-2.67,49.91,21.51,제외
QQQ,테스트 A(역대급 등락),K=10,2008,역방향 전체,전체,2주,7,위,71.43,5.99,41.96,49.96,21.47,후보
QQQ,테스트 A(역대급 등락),K=10,2008,역방향 전체,전체,1개월,7,위,57.14,5.64,39.47,49.98,7.16,제외
QQQ,테스트 A(역대급 등락),K=20,2008,폭등,전체,1일,7,아래,85.71,3.25,22.75,44.39,41.32,후보
QQQ,테스트 A(역대급 등락),K=20,2008,폭등,전체,2일,7,아래,57.14,2.09,14.63,42.38,14.77,제외
QQQ,테스트 A(역대급 등락),K=20,2008,폭등,전체,3일,7,아래,57.14,2.57,17.99,41.62,15.52,제외
QQQ,테스트 A(역대급 등락),K=20,2008,폭등,전체,1주,7,아래,42.86,1.47,10.26,40.27,2.58,제외
QQQ,테스트 A(역대급 등락),K=20,2008,폭등,전체,2주,7,아래,42.86,2.04,14.28,37.69,5.17,제외
QQQ,테스트 A(역대급 등락),K=20,2008,폭등,전체,1개월,7,위,71.43,3.62,25.37,66.41,5.02,후보
QQQ,테스트 A(역대급 등락),K=20,2008,폭락,전체,1일,7,위,85.71,4.62,32.35,55.18,30.53,후보
QQQ,테스트 A(역대급 등락),K=20,2008,폭락,전체,2일,7,위,71.43,1.54,10.81,57.39,14.04,후보
QQQ,테스트 A(역대급 등락),K=20,2008,폭락,전체,3일,7,아래,42.86,-0.59,-4.12,41.62,1.24,제외
QQQ,테스트 A(역대급 등락),K=20,2008,폭락,전체,1주,7,위,71.43,-0.69,-4.82,59.56,11.87,제외
QQQ,테스트 A(역대급 등락),K=20,2008,폭락,전체,2주,7,아래,42.86,-1.59,-11.16,37.69,5.17,제외
QQQ,테스트 A(역대급 등락),K=20,2008,폭락,전체,1개월,7,아래,42.86,-4.55,-31.86,33.55,9.31,제외
QQQ,테스트 A(역대급 등락),K=20,2008,역방향 전체,전체,1일,14,위,85.71,3.94,55.1,49.79,35.93,후보
QQQ,테스트 A(역대급 등락),K=20,2008,역방향 전체,전체,2일,14,위,64.29,1.82,25.44,49.88,14.4,후보
QQQ,테스트 A(역대급 등락),K=20,2008,역방향 전체,전체,3일,14,위,57.14,1.58,22.11,49.94,7.21,제외
QQQ,테스트 A(역대급 등락),K=20,2008,역방향 전체,전체,1주,14,위,57.14,0.39,5.44,49.91,7.23,제외
QQQ,테스트 A(역대급 등락),K=20,2008,역방향 전체,전체,2주,14,위,50.0,1.82,25.44,49.96,0.04,제외
QQQ,테스트 A(역대급 등락),K=20,2008,역방향 전체,전체,1개월,14,아래,57.14,-0.46,-6.49,49.98,7.16,제외
QQQ,테스트 A(역대급 등락),K=5,2011,폭등,전체,1일,1,아래,100.0,4.25,4.25,44.11,55.89,후보
QQQ,테스트 A(역대급 등락),K=5,2011,폭등,전체,2일,1,아래,100.0,2.49,2.49,41.89,58.11,후보
QQQ,테스트 A(역대급 등락),K=5,2011,폭등,전체,3일,1,아래,100.0,1.83,1.83,41.14,58.86,후보
QQQ,테스트 A(역대급 등락),K=5,2011,폭등,전체,1주,1,아래,100.0,4.68,4.68,39.96,60.04,후보
QQQ,테스트 A(역대급 등락),K=5,2011,폭등,전체,2주,1,위,100.0,0.29,0.29,62.78,37.22,후보
QQQ,테스트 A(역대급 등락),K=5,2011,폭등,전체,1개월,1,위,100.0,4.71,4.71,67.09,32.91,후보
QQQ,테스트 A(역대급 등락),K=5,2011,폭락,전체,1일,2,위,100.0,8.03,16.05,55.56,44.44,후보
QQQ,테스트 A(역대급 등락),K=5,2011,폭락,전체,2일,2,아래,50.0,0.11,0.21,41.89,8.11,제외
QQQ,테스트 A(역대급 등락),K=5,2011,폭락,전체,3일,2,위,100.0,3.83,7.66,58.76,41.24,후보
QQQ,테스트 A(역대급 등락),K=5,2011,폭락,전체,1주,2,위,100.0,0.44,0.88,59.91,40.09,후보
QQQ,테스트 A(역대급 등락),K=5,2011,폭락,전체,2주,2,위,100.0,10.83,21.65,62.78,37.22,후보
QQQ,테스트 A(역대급 등락),K=5,2011,폭락,전체,1개월,2,위,100.0,19.1,38.2,67.09,32.91,후보
QQQ,테스트 A(역대급 등락),K=5,2011,역방향 전체,전체,1일,3,위,100.0,6.77,20.31,49.84,50.16,후보
QQQ,테스트 A(역대급 등락),K=5,2011,역방향 전체,전체,2일,3,위,66.67,0.76,2.28,49.9,16.77,후보
QQQ,테스트 A(역대급 등락),K=5,2011,역방향 전체,전체,3일,3,위,100.0,3.16,9.48,49.95,50.05,후보
QQQ,테스트 A(역대급 등락),K=5,2011,역방향 전체,전체,1주,3,위,100.0,1.85,5.56,49.94,50.06,후보
QQQ,테스트 A(역대급 등락),K=5,2011,역방향 전체,전체,2주,3,위,66.67,7.12,21.36,49.96,16.7,후보
QQQ,테스트 A(역대급 등락),K=5,2011,역방향 전체,전체,1개월,3,위,66.67,11.16,33.49,49.99,16.68,후보
QQQ,테스트 A(역대급 등락),K=10,2011,폭등,전체,1일,1,아래,100.0,4.25,4.25,44.11,55.89,후보
QQQ,테스트 A(역대급 등락),K=10,2011,폭등,전체,2일,1,아래,100.0,2.49,2.49,41.89,58.11,후보
QQQ,테스트 A(역대급 등락),K=10,2011,폭등,전체,3일,1,아래,100.0,1.83,1.83,41.14,58.86,후보
QQQ,테스트 A(역대급 등락),K=10,2011,폭등,전체,1주,1,아래,100.0,4.68,4.68,39.96,60.04,후보
QQQ,테스트 A(역대급 등락),K=10,2011,폭등,전체,2주,1,위,100.0,0.29,0.29,62.78,37.22,후보
QQQ,테스트 A(역대급 등락),K=10,2011,폭등,전체,1개월,1,위,100.0,4.71,4.71,67.09,32.91,후보
QQQ,테스트 A(역대급 등락),K=10,2011,폭락,전체,1일,2,위,100.0,8.03,16.05,55.56,44.44,후보
QQQ,테스트 A(역대급 등락),K=10,2011,폭락,전체,2일,2,아래,50.0,0.11,0.21,41.89,8.11,제외
QQQ,테스트 A(역대급 등락),K=10,2011,폭락,전체,3일,2,위,100.0,3.83,7.66,58.76,41.24,후보
QQQ,테스트 A(역대급 등락),K=10,2011,폭락,전체,1주,2,위,100.0,0.44,0.88,59.91,40.09,후보
QQQ,테스트 A(역대급 등락),K=10,2011,폭락,전체,2주,2,위,100.0,10.83,21.65,62.78,37.22,후보
QQQ,테스트 A(역대급 등락),K=10,2011,폭락,전체,1개월,2,위,100.0,19.1,38.2,67.09,32.91,후보
QQQ,테스트 A(역대급 등락),K=10,2011,역방향 전체,전체,1일,3,위,100.0,6.77,20.31,49.84,50.16,후보
QQQ,테스트 A(역대급 등락),K=10,2011,역방향 전체,전체,2일,3,위,66.67,0.76,2.28,49.9,16.77,후보
QQQ,테스트 A(역대급 등락),K=10,2011,역방향 전체,전체,3일,3,위,100.0,3.16,9.48,49.95,50.05,후보
QQQ,테스트 A(역대급 등락),K=10,2011,역방향 전체,전체,1주,3,위,100.0,1.85,5.56,49.94,50.06,후보
QQQ,테스트 A(역대급 등락),K=10,2011,역방향 전체,전체,2주,3,위,66.67,7.12,21.36,49.96,16.7,후보
QQQ,테스트 A(역대급 등락),K=10,2011,역방향 전체,전체,1개월,3,위,66.67,11.16,33.49,49.99,16.68,후보
QQQ,테스트 A(역대급 등락),K=20,2011,폭등,전체,1일,5,아래,80.0,3.63,18.17,44.11,35.89,후보
QQQ,테스트 A(역대급 등락),K=20,2011,폭등,전체,2일,5,아래,60.0,0.96,4.81,41.89,18.11,후보
QQQ,테스트 A(역대급 등락),K=20,2011,폭등,전체,3일,5,아래,60.0,2.61,13.05,41.14,18.86,후보
QQQ,테스트 A(역대급 등락),K=20,2011,폭등,전체,1주,5,위,60.0,-2.14,-10.7,59.91,0.09,제외
QQQ,테스트 A(역대급 등락),K=20,2011,폭등,전체,2주,5,위,80.0,1.92,9.58,62.78,17.22,후보
QQQ,테스트 A(역대급 등락),K=20,2011,폭등,전체,1개월,5,위,100.0,9.51,47.57,67.09,32.91,후보
QQQ,테스트 A(역대급 등락),K=20,2011,폭락,전체,1일,3,위,100.0,7.17,21.5,55.56,44.44,후보
QQQ,테스트 A(역대급 등락),K=20,2011,폭락,전체,2일,3,위,66.67,0.21,0.64,57.91,8.76,후보
QQQ,테스트 A(역대급 등락),K=20,2011,폭락,전체,3일,3,위,66.67,-0.25,-0.74,58.76,7.91,제외
QQQ,테스트 A(역대급 등락),K=20,2011,폭락,전체,1주,3,위,66.67,-3.89,-11.66,59.91,6.76,제외
QQQ,테스트 A(역대급 등락),K=20,2011,폭락,전체,2주,3,위,66.67,3.24,9.72,62.78,3.88,후보
QQQ,테스트 A(역대급 등락),K=20,2011,폭락,전체,1개월,3,위,100.0,13.22,39.66,67.09,32.91,후보
QQQ,테스트 A(역대급 등락),K=20,2011,역방향 전체,전체,1일,8,위,87.5,4.96,39.67,49.84,37.66,후보
QQQ,테스트 A(역대급 등락),K=20,2011,역방향 전체,전체,2일,8,위,62.5,0.68,5.46,49.9,12.6,후보
QQQ,테스트 A(역대급 등락),K=20,2011,역방향 전체,전체,3일,8,위,62.5,1.54,12.31,49.95,12.55,후보
QQQ,테스트 A(역대급 등락),K=20,2011,역방향 전체,전체,1주,8,위,50.0,-0.12,-0.96,49.94,0.06,제외
QQQ,테스트 A(역대급 등락),K=20,2011,역방향 전체,전체,2주,8,아래,62.5,-0.02,-0.14,49.96,12.54,제외
QQQ,테스트 A(역대급 등락),K=20,2011,역방향 전체,전체,1개월,8,아래,62.5,0.99,7.9,49.99,12.51,후보
QQQ,테스트 A(역대급 등락),K=5,2011,폭등,2020년대,1일,1,아래,100.0,4.25,4.25,44.21,55.79,후보
QQQ,테스트 A(역대급 등락),K=5,2011,폭등,2020년대,2일,1,아래,100.0,2.49,2.49,42.57,57.43,후보
QQQ,테스트 A(역대급 등락),K=5,2011,폭등,2020년대,3일,1,아래,100.0,1.83,1.83,42.17,57.83,후보
QQQ,테스트 A(역대급 등락),K=5,2011,폭등,2020년대,1주,1,아래,100.0,4.68,4.68,41.03,58.97,후보
QQQ,테스트 A(역대급 등락),K=5,2011,폭등,2020년대,2주,1,위,100.0,0.29,0.29,62.45,37.55,후보
QQQ,테스트 A(역대급 등락),K=5,2011,폭등,2020년대,1개월,1,위,100.0,4.71,4.71,65.46,34.54,후보
QQQ,테스트 A(역대급 등락),K=5,2011,폭락,2020년대,1일,2,위,100.0,8.03,16.05,55.73,44.27,후보
QQQ,테스트 A(역대급 등락),K=5,2011,폭락,2020년대,2일,2,아래,50.0,0.11,0.21,42.57,7.43,제외
QQQ,테스트 A(역대급 등락),K=5,2011,폭락,2020년대,3일,2,위,100.0,3.83,7.66,57.83,42.17,후보
QQQ,테스트 A(역대급 등락),K=5,2011,폭락,2020년대,1주,2,위,100.0,0.44,0.88,58.85,41.15,후보
QQQ,테스트 A(역대급 등락),K=5,2011,폭락,2020년대,2주,2,위,100.0,10.83,21.65,62.45,37.55,후보
QQQ,테스트 A(역대급 등락),K=5,2011,폭락,2020년대,1개월,2,위,100.0,19.1,38.2,65.46,34.54,후보
QQQ,테스트 A(역대급 등락),K=5,2011,역방향 전체,2020년대,1일,3,위,100.0,6.77,20.31,49.97,50.03,후보
QQQ,테스트 A(역대급 등락),K=5,2011,역방향 전체,2020년대,2일,3,위,66.67,0.76,2.28,49.97,16.7,후보
QQQ,테스트 A(역대급 등락),K=5,2011,역방향 전체,2020년대,3일,3,위,100.0,3.16,9.48,50.0,50.0,후보
QQQ,테스트 A(역대급 등락),K=5,2011,역방향 전체,2020년대,1주,3,위,100.0,1.85,5.56,49.94,50.06,후보
QQQ,테스트 A(역대급 등락),K=5,2011,역방향 전체,2020년대,2주,3,위,66.67,7.12,21.36,49.97,16.7,후보
QQQ,테스트 A(역대급 등락),K=5,2011,역방향 전체,2020년대,1개월,3,위,66.67,11.16,33.49,50.0,16.67,후보
QQQ,테스트 A(역대급 등락),K=10,2011,폭등,2020년대,1일,1,아래,100.0,4.25,4.25,44.21,55.79,후보
QQQ,테스트 A(역대급 등락),K=10,2011,폭등,2020년대,2일,1,아래,100.0,2.49,2.49,42.57,57.43,후보
QQQ,테스트 A(역대급 등락),K=10,2011,폭등,2020년대,3일,1,아래,100.0,1.83,1.83,42.17,57.83,후보
QQQ,테스트 A(역대급 등락),K=10,2011,폭등,2020년대,1주,1,아래,100.0,4.68,4.68,41.03,58.97,후보
QQQ,테스트 A(역대급 등락),K=10,2011,폭등,2020년대,2주,1,위,100.0,0.29,0.29,62.45,37.55,후보
QQQ,테스트 A(역대급 등락),K=10,2011,폭등,2020년대,1개월,1,위,100.0,4.71,4.71,65.46,34.54,후보
QQQ,테스트 A(역대급 등락),K=10,2011,폭락,2020년대,1일,2,위,100.0,8.03,16.05,55.73,44.27,후보
QQQ,테스트 A(역대급 등락),K=10,2011,폭락,2020년대,2일,2,아래,50.0,0.11,0.21,42.57,7.43,제외
QQQ,테스트 A(역대급 등락),K=10,2011,폭락,2020년대,3일,2,위,100.0,3.83,7.66,57.83,42.17,후보
QQQ,테스트 A(역대급 등락),K=10,2011,폭락,2020년대,1주,2,위,100.0,0.44,0.88,58.85,41.15,후보
QQQ,테스트 A(역대급 등락),K=10,2011,폭락,2020년대,2주,2,위,100.0,10.83,21.65,62.45,37.55,후보
QQQ,테스트 A(역대급 등락),K=10,2011,폭락,2020년대,1개월,2,위,100.0,19.1,38.2,65.46,34.54,후보
QQQ,테스트 A(역대급 등락),K=10,2011,역방향 전체,2020년대,1일,3,위,100.0,6.77,20.31,49.97,50.03,후보
QQQ,테스트 A(역대급 등락),K=10,2011,역방향 전체,2020년대,2일,3,위,66.67,0.76,2.28,49.97,16.7,후보
QQQ,테스트 A(역대급 등락),K=10,2011,역방향 전체,2020년대,3일,3,위,100.0,3.16,9.48,50.0,50.0,후보
QQQ,테스트 A(역대급 등락),K=10,2011,역방향 전체,2020년대,1주,3,위,100.0,1.85,5.56,49.94,50.06,후보
QQQ,테스트 A(역대급 등락),K=10,2011,역방향 전체,2020년대,2주,3,위,66.67,7.12,21.36,49.97,16.7,후보
QQQ,테스트 A(역대급 등락),K=10,2011,역방향 전체,2020년대,1개월,3,위,66.67,11.16,33.49,50.0,16.67,후보
QQQ,테스트 A(역대급 등락),K=20,2011,폭등,2020년대,1일,5,아래,80.0,3.63,18.17,44.21,35.79,후보
QQQ,테스트 A(역대급 등락),K=20,2011,폭등,2020년대,2일,5,아래,60.0,0.96,4.81,42.57,17.43,후보
QQQ,테스트 A(역대급 등락),K=20,2011,폭등,2020년대,3일,5,아래,60.0,2.61,13.05,42.17,17.83,후보
QQQ,테스트 A(역대급 등락),K=20,2011,폭등,2020년대,1주,5,위,60.0,-2.14,-10.7,58.85,1.15,제외
QQQ,테스트 A(역대급 등락),K=20,2011,폭등,2020년대,2주,5,위,80.0,1.92,9.58,62.45,17.55,후보
QQQ,테스트 A(역대급 등락),K=20,2011,폭등,2020년대,1개월,5,위,100.0,9.51,47.57,65.46,34.54,후보
QQQ,테스트 A(역대급 등락),K=20,2011,폭락,2020년대,1일,3,위,100.0,7.17,21.5,55.73,44.27,후보
QQQ,테스트 A(역대급 등락),K=20,2011,폭락,2020년대,2일,3,위,66.67,0.21,0.64,57.37,9.29,후보
QQQ,테스트 A(역대급 등락),K=20,2011,폭락,2020년대,3일,3,위,66.67,-0.25,-0.74,57.83,8.84,제외
QQQ,테스트 A(역대급 등락),K=20,2011,폭락,2020년대,1주,3,위,66.67,-3.89,-11.66,58.85,7.81,제외
QQQ,테스트 A(역대급 등락),K=20,2011,폭락,2020년대,2주,3,위,66.67,3.24,9.72,62.45,4.22,후보
QQQ,테스트 A(역대급 등락),K=20,2011,폭락,2020년대,1개월,3,위,100.0,13.22,39.66,65.46,34.54,후보
QQQ,테스트 A(역대급 등락),K=20,2011,역방향 전체,2020년대,1일,8,위,87.5,4.96,39.67,49.97,37.53,후보
QQQ,테스트 A(역대급 등락),K=20,2011,역방향 전체,2020년대,2일,8,위,62.5,0.68,5.46,49.97,12.53,후보
QQQ,테스트 A(역대급 등락),K=20,2011,역방향 전체,2020년대,3일,8,위,62.5,1.54,12.31,50.0,12.5,후보
QQQ,테스트 A(역대급 등락),K=20,2011,역방향 전체,2020년대,1주,8,위,50.0,-0.12,-0.96,49.94,0.06,제외
QQQ,테스트 A(역대급 등락),K=20,2011,역방향 전체,2020년대,2주,8,아래,62.5,-0.02,-0.14,49.97,12.53,제외
QQQ,테스트 A(역대급 등락),K=20,2011,역방향 전체,2020년대,1개월,8,아래,62.5,0.99,7.9,50.0,12.5,후보
KODEX 200,테스트 A(역대급 등락),K=5,2003,폭등,전체,1일,25,아래,60.0,1.03,25.65,45.25,14.75,후보
KODEX 200,테스트 A(역대급 등락),K=5,2003,폭등,전체,2일,25,아래,52.0,0.41,10.15,45.46,6.54,제외
KODEX 200,테스트 A(역대급 등락),K=5,2003,폭등,전체,3일,25,위,56.0,0.85,21.26,54.56,1.44,제외
KODEX 200,테스트 A(역대급 등락),K=5,2003,폭등,전체,1주,25,위,64.0,1.4,34.94,56.04,7.96,후보
KODEX 200,테스트 A(역대급 등락),K=5,2003,폭등,전체,2주,25,위,64.0,1.35,33.84,56.91,7.09,후보
KODEX 200,테스트 A(역대급 등락),K=5,2003,폭등,전체,1개월,25,아래,44.0,-1.56,-39.08,41.8,2.2,제외
KODEX 200,테스트 A(역대급 등락),K=5,2003,폭락,전체,1일,36,위,55.56,0.36,13.02,53.24,2.31,제외
KODEX 200,테스트 A(역대급 등락),K=5,2003,폭락,전체,2일,36,위,69.44,1.14,41.12,54.01,15.44,후보
KODEX 200,테스트 A(역대급 등락),K=5,2003,폭락,전체,3일,36,위,61.11,1.28,46.05,54.56,6.55,후보
KODEX 200,테스트 A(역대급 등락),K=5,2003,폭락,전체,1주,36,위,61.11,2.78,100.04,56.04,5.07,후보
KODEX 200,테스트 A(역대급 등락),K=5,2003,폭락,전체,2주,36,아래,41.67,-2.18,-78.41,42.82,-1.15,제외
KODEX 200,테스트 A(역대급 등락),K=5,2003,폭락,전체,1개월,36,아래,52.78,-0.64,-23.21,41.8,10.98,제외
KODEX 200,테스트 A(역대급 등락),K=5,2003,역방향 전체,전체,1일,61,위,57.38,0.63,38.68,49.25,8.13,제외
KODEX 200,테스트 A(역대급 등락),K=5,2003,역방향 전체,전체,2일,61,위,62.3,0.84,51.27,49.73,12.56,후보
KODEX 200,테스트 A(역대급 등락),K=5,2003,역방향 전체,전체,3일,61,위,54.1,0.41,24.79,49.7,4.4,제외
KODEX 200,테스트 A(역대급 등락),K=5,2003,역방향 전체,전체,1주,61,위,49.18,1.07,65.09,49.74,-0.56,제외
KODEX 200,테스트 A(역대급 등락),K=5,2003,역방향 전체,전체,2주,61,아래,50.82,-0.73,-44.57,49.86,0.96,제외
KODEX 200,테스트 A(역대급 등락),K=5,2003,역방향 전체,전체,1개월,61,아래,54.1,0.26,15.87,49.91,4.18,제외
KODEX 200,테스트 A(역대급 등락),K=10,2003,폭등,전체,1일,38,아래,65.79,1.07,40.56,45.25,20.54,후보
KODEX 200,테스트 A(역대급 등락),K=10,2003,폭등,전체,2일,38,아래,50.0,0.45,17.11,45.46,4.54,제외
KODEX 200,테스트 A(역대급 등락),K=10,2003,폭등,전체,3일,38,아래,50.0,-0.51,-19.25,44.84,5.16,제외
KODEX 200,테스트 A(역대급 등락),K=10,2003,폭등,전체,1주,38,위,57.89,0.98,37.37,56.04,1.86,제외
KODEX 200,테스트 A(역대급 등락),K=10,2003,폭등,전체,2주,38,위,60.53,0.6,22.96,56.91,3.62,후보
KODEX 200,테스트 A(역대급 등락),K=10,2003,폭등,전체,1개월,38,위,60.53,2.46,93.46,58.03,2.5,후보
KODEX 200,테스트 A(역대급 등락),K=10,2003,폭락,전체,1일,49,위,55.1,0.44,21.63,53.24,1.86,제외
KODEX 200,테스트 A(역대급 등락),K=10,2003,폭락,전체,2일,49,위,67.35,1.12,54.89,54.01,13.34,후보
KODEX 200,테스트 A(역대급 등락),K=10,2003,폭락,전체,3일,49,위,57.14,0.81,39.5,54.56,2.58,제외
KODEX 200,테스트 A(역대급 등락),K=10,2003,폭락,전체,1주,49,아래,44.9,-1.78,-87.01,43.45,1.45,제외
KODEX 200,테스트 A(역대급 등락),K=10,2003,폭락,전체,2주,49,아래,44.9,-1.36,-66.59,42.82,2.08,제외
KODEX 200,테스트 A(역대급 등락),K=10,2003,폭락,전체,1개월,49,아래,51.02,-0.48,-23.44,41.8,9.22,제외
KODEX 200,테스트 A(역대급 등락),K=10,2003,역방향 전체,전체,1일,87,위,59.77,0.71,62.19,49.25,10.52,제외
KODEX 200,테스트 A(역대급 등락),K=10,2003,역방향 전체,전체,2일,87,위,59.77,0.83,72.0,49.73,10.04,제외
KODEX 200,테스트 A(역대급 등락),K=10,2003,역방향 전체,전체,3일,87,위,54.02,0.23,20.24,49.7,4.32,제외
KODEX 200,테스트 A(역대급 등락),K=10,2003,역방향 전체,전체,1주,87,아래,50.57,-0.57,-49.64,49.74,0.83,제외
KODEX 200,테스트 A(역대급 등락),K=10,2003,역방향 전체,전체,2주,87,아래,51.72,-0.5,-43.63,49.86,1.86,제외
KODEX 200,테스트 A(역대급 등락),K=10,2003,역방향 전체,전체,1개월,87,아래,55.17,0.8,70.02,49.91,5.26,제외
KODEX 200,테스트 A(역대급 등락),K=20,2003,폭등,전체,1일,72,아래,58.33,0.54,38.82,45.25,13.08,제외
KODEX 200,테스트 A(역대급 등락),K=20,2003,폭등,전체,2일,72,아래,48.61,0.4,28.99,45.46,3.15,제외
KODEX 200,테스트 A(역대급 등락),K=20,2003,폭등,전체,3일,72,아래,47.22,0.04,3.09,44.84,2.38,제외
KODEX 200,테스트 A(역대급 등락),K=20,2003,폭등,전체,1주,72,아래,43.06,-0.42,-30.31,43.45,-0.39,제외
KODEX 200,테스트 A(역대급 등락),K=20,2003,폭등,전체,2주,72,아래,45.83,0.37,26.88,42.82,3.02,제외
KODEX 200,테스트 A(역대급 등락),K=20,2003,폭등,전체,1개월,71,아래,47.89,-1.35,-95.98,41.8,6.09,제외
KODEX 200,테스트 A(역대급 등락),K=20,2003,폭락,전체,1일,86,위,61.63,0.7,60.4,53.24,8.38,후보
KODEX 200,테스트 A(역대급 등락),K=20,2003,폭락,전체,2일,86,위,61.63,1.64,140.74,54.01,7.62,후보
KODEX 200,테스트 A(역대급 등락),K=20,2003,폭락,전체,3일,86,위,60.47,1.28,110.2,54.56,5.9,후보
KODEX 200,테스트 A(역대급 등락),K=20,2003,폭락,전체,1주,86,위,58.14,2.16,185.4,56.04,2.1,제외
KODEX 200,테스트 A(역대급 등락),K=20,2003,폭락,전체,2주,86,위,60.47,2.17,186.72,56.91,3.56,후보
KODEX 200,테스트 A(역대급 등락),K=20,2003,폭락,전체,1개월,86,아래,43.02,-2.27,-194.98,41.8,1.22,제외
KODEX 200,테스트 A(역대급 등락),K=20,2003,역방향 전체,전체,1일,158,위,60.13,0.63,99.21,49.25,10.88,후보
KODEX 200,테스트 A(역대급 등락),K=20,2003,역방향 전체,전체,2일,158,위,55.7,1.07,169.73,49.73,5.96,제외
KODEX 200,테스트 A(역대급 등락),K=20,2003,역방향 전체,전체,3일,158,위,54.43,0.72,113.29,49.7,4.73,제외
KODEX 200,테스트 A(역대급 등락),K=20,2003,역방향 전체,전체,1주,158,위,51.27,0.98,155.09,49.74,1.52,제외
KODEX 200,테스트 A(역대급 등락),K=20,2003,역방향 전체,전체,2주,158,위,53.8,1.35,213.6,49.86,3.93,제외
KODEX 200,테스트 A(역대급 등락),K=20,2003,역방향 전체,전체,1개월,157,위,52.87,0.63,99.01,49.91,2.95,제외
KODEX 200,테스트 A(역대급 등락),K=5,2005,폭등,전체,1일,17,아래,70.59,1.32,22.43,45.24,25.35,후보
KODEX 200,테스트 A(역대급 등락),K=5,2005,폭등,전체,2일,17,아래,52.94,0.63,10.68,45.59,7.36,제외
KODEX 200,테스트 A(역대급 등락),K=5,2005,폭등,전체,3일,17,아래,47.06,-1.04,-17.66,44.94,2.12,제외
KODEX 200,테스트 A(역대급 등락),K=5,2005,폭등,전체,1주,17,위,64.71,1.79,30.38,56.07,8.63,후보
KODEX 200,테스트 A(역대급 등락),K=5,2005,폭등,전체,2주,17,위,82.35,2.71,46.12,56.39,25.96,후보
KODEX 200,테스트 A(역대급 등락),K=5,2005,폭등,전체,1개월,17,위,58.82,2.2,37.4,57.52,1.31,제외
KODEX 200,테스트 A(역대급 등락),K=5,2005,폭락,전체,1일,19,위,68.42,0.54,10.18,53.39,15.03,후보
KODEX 200,테스트 A(역대급 등락),K=5,2005,폭락,전체,2일,19,위,73.68,0.87,16.61,53.98,19.7,후보
KODEX 200,테스트 A(역대급 등락),K=5,2005,폭락,전체,3일,19,위,63.16,1.54,29.31,54.5,8.66,후보
KODEX 200,테스트 A(역대급 등락),K=5,2005,폭락,전체,1주,19,위,63.16,4.17,79.32,56.07,7.08,후보
KODEX 200,테스트 A(역대급 등락),K=5,2005,폭락,전체,2주,19,위,57.89,3.51,66.65,56.39,1.51,제외
KODEX 200,테스트 A(역대급 등락),K=5,2005,폭락,전체,1개월,19,아래,52.63,-0.03,-0.53,42.33,10.3,제외
KODEX 200,테스트 A(역대급 등락),K=5,2005,역방향 전체,전체,1일,36,위,69.44,0.91,32.61,49.32,20.13,후보
KODEX 200,테스트 A(역대급 등락),K=5,2005,역방향 전체,전체,2일,36,위,63.89,0.76,27.29,49.78,14.1,후보
KODEX 200,테스트 A(역대급 등락),K=5,2005,역방향 전체,전체,3일,36,위,55.56,0.32,11.65,49.72,5.84,제외
KODEX 200,테스트 A(역대급 등락),K=5,2005,역방향 전체,전체,1주,36,아래,50.0,-1.36,-48.94,49.8,0.2,제외
KODEX 200,테스트 A(역대급 등락),K=5,2005,역방향 전체,전체,2주,36,아래,61.11,-0.57,-20.53,49.9,11.21,제외
KODEX 200,테스트 A(역대급 등락),K=5,2005,역방향 전체,전체,1개월,36,아래,55.56,1.02,36.87,49.92,5.63,제외
KODEX 200,테스트 A(역대급 등락),K=10,2005,폭등,전체,1일,25,아래,72.0,1.22,30.56,45.24,26.76,후보
KODEX 200,테스트 A(역대급 등락),K=10,2005,폭등,전체,2일,25,아래,48.0,0.35,8.7,45.59,2.41,제외
KODEX 200,테스트 A(역대급 등락),K=10,2005,폭등,전체,3일,25,아래,48.0,-1.29,-32.19,44.94,3.06,제외
KODEX 200,테스트 A(역대급 등락),K=10,2005,폭등,전체,1주,25,위,64.0,2.12,53.01,56.07,7.93,후보
KODEX 200,테스트 A(역대급 등락),K=10,2005,폭등,전체,2주,25,위,80.0,2.6,64.98,56.39,23.61,후보
KODEX 200,테스트 A(역대급 등락),K=10,2005,폭등,전체,1개월,25,위,68.0,4.28,106.91,57.52,10.48,후보
KODEX 200,테스트 A(역대급 등락),K=10,2005,폭락,전체,1일,26,위,69.23,1.02,26.56,53.39,15.84,후보
KODEX 200,테스트 A(역대급 등락),K=10,2005,폭락,전체,2일,26,위,80.77,1.73,45.03,53.98,26.78,후보
KODEX 200,테스트 A(역대급 등락),K=10,2005,폭락,전체,3일,26,위,65.38,1.45,37.63,54.5,10.89,후보
KODEX 200,테스트 A(역대급 등락),K=10,2005,폭락,전체,1주,26,위,57.69,3.14,81.77,56.07,1.62,제외
KODEX 200,테스트 A(역대급 등락),K=10,2005,폭락,전체,2주,26,위,61.54,2.72,70.84,56.39,5.15,후보
KODEX 200,테스트 A(역대급 등락),K=10,2005,폭락,전체,1개월,26,위,57.69,0.8,20.84,57.52,0.17,제외
KODEX 200,테스트 A(역대급 등락),K=10,2005,역방향 전체,전체,1일,51,위,70.59,1.12,57.12,49.32,21.27,후보
KODEX 200,테스트 A(역대급 등락),K=10,2005,역방향 전체,전체,2일,51,위,64.71,1.05,53.73,49.78,14.92,후보
KODEX 200,테스트 A(역대급 등락),K=10,2005,역방향 전체,전체,3일,51,위,56.86,0.11,5.44,49.72,7.14,제외
KODEX 200,테스트 A(역대급 등락),K=10,2005,역방향 전체,전체,1주,51,아래,50.98,-0.56,-28.76,49.8,1.18,제외
KODEX 200,테스트 A(역대급 등락),K=10,2005,역방향 전체,전체,2주,51,아래,58.82,-0.12,-5.87,49.9,8.93,제외
KODEX 200,테스트 A(역대급 등락),K=10,2005,역방향 전체,전체,1개월,51,아래,54.9,1.69,86.07,49.92,4.98,제외
KODEX 200,테스트 A(역대급 등락),K=20,2005,폭등,전체,1일,40,아래,67.5,0.7,28.08,45.24,22.26,후보
KODEX 200,테스트 A(역대급 등락),K=20,2005,폭등,전체,2일,40,아래,52.5,0.53,21.19,45.59,6.91,제외
KODEX 200,테스트 A(역대급 등락),K=20,2005,폭등,전체,3일,40,아래,52.5,-0.23,-9.24,44.94,7.56,제외
KODEX 200,테스트 A(역대급 등락),K=20,2005,폭등,전체,1주,40,위,57.5,1.13,45.02,56.07,1.43,제외
KODEX 200,테스트 A(역대급 등락),K=20,2005,폭등,전체,2주,40,위,67.5,0.53,21.4,56.39,11.11,후보
KODEX 200,테스트 A(역대급 등락),K=20,2005,폭등,전체,1개월,39,위,58.97,3.09,120.63,57.52,1.46,제외
KODEX 200,테스트 A(역대급 등락),K=20,2005,폭락,전체,1일,48,위,70.83,1.18,56.68,53.39,17.44,후보
KODEX 200,테스트 A(역대급 등락),K=20,2005,폭락,전체,2일,48,위,75.0,2.66,127.88,53.98,21.02,후보
KODEX 200,테스트 A(역대급 등락),K=20,2005,폭락,전체,3일,48,위,68.75,2.11,101.16,54.5,14.25,후보
KODEX 200,테스트 A(역대급 등락),K=20,2005,폭락,전체,1주,48,위,66.67,3.56,170.81,56.07,10.59,후보
KODEX 200,테스트 A(역대급 등락),K=20,2005,폭락,전체,2주,48,위,68.75,3.65,175.38,56.39,12.36,후보
KODEX 200,테스트 A(역대급 등락),K=20,2005,폭락,전체,1개월,48,위,68.75,3.77,180.83,57.52,11.23,후보
KODEX 200,테스트 A(역대급 등락),K=20,2005,역방향 전체,전체,1일,88,위,69.32,0.96,84.76,49.32,20.0,후보
KODEX 200,테스트 A(역대급 등락),K=20,2005,역방향 전체,전체,2일,88,위,64.77,1.69,149.07,49.78,14.99,후보
KODEX 200,테스트 A(역대급 등락),K=20,2005,역방향 전체,전체,3일,88,위,61.36,1.04,91.91,49.72,11.64,후보
KODEX 200,테스트 A(역대급 등락),K=20,2005,역방향 전체,전체,1주,88,위,54.55,1.43,125.79,49.8,4.74,제외
KODEX 200,테스트 A(역대급 등락),K=20,2005,역방향 전체,전체,2주,88,위,52.27,1.75,153.98,49.9,2.38,제외
KODEX 200,테스트 A(역대급 등락),K=20,2005,역방향 전체,전체,1개월,87,위,56.32,0.69,60.2,49.92,6.4,제외
KODEX 200,테스트 A(역대급 등락),K=5,2008,폭등,전체,1일,14,아래,71.43,1.59,22.32,45.93,25.5,후보
KODEX 200,테스트 A(역대급 등락),K=5,2008,폭등,전체,2일,14,아래,50.0,0.74,10.42,46.48,3.52,제외
KODEX 200,테스트 A(역대급 등락),K=5,2008,폭등,전체,3일,14,아래,50.0,-0.96,-13.45,46.1,3.9,제외
KODEX 200,테스트 A(역대급 등락),K=5,2008,폭등,전체,1주,14,위,64.29,1.69,23.63,54.73,9.56,후보
KODEX 200,테스트 A(역대급 등락),K=5,2008,폭등,전체,2주,14,위,78.57,2.3,32.26,55.0,23.57,후보
KODEX 200,테스트 A(역대급 등락),K=5,2008,폭등,전체,1개월,14,아래,50.0,-1.59,-22.23,43.9,6.1,제외
KODEX 200,테스트 A(역대급 등락),K=5,2008,폭락,전체,1일,16,위,68.75,0.67,10.75,52.96,15.79,후보
KODEX 200,테스트 A(역대급 등락),K=5,2008,폭락,전체,2일,16,위,68.75,0.79,12.65,53.11,15.64,후보
KODEX 200,테스트 A(역대급 등락),K=5,2008,폭락,전체,3일,16,위,68.75,2.25,35.94,53.31,15.44,후보
KODEX 200,테스트 A(역대급 등락),K=5,2008,폭락,전체,1주,16,위,68.75,4.94,78.99,54.73,14.02,후보
KODEX 200,테스트 A(역대급 등락),K=5,2008,폭락,전체,2주,16,위,62.5,3.93,62.87,55.0,7.5,후보
KODEX 200,테스트 A(역대급 등락),K=5,2008,폭락,전체,1개월,16,아래,56.25,0.48,7.6,43.9,12.35,제외
KODEX 200,테스트 A(역대급 등락),K=5,2008,역방향 전체,전체,1일,30,위,70.0,1.1,33.07,49.45,20.55,후보
KODEX 200,테스트 A(역대급 등락),K=5,2008,역방향 전체,전체,2일,30,위,60.0,0.77,23.07,49.79,10.21,후보
KODEX 200,테스트 A(역대급 등락),K=5,2008,역방향 전체,전체,3일,30,위,60.0,0.75,22.48,49.71,10.29,후보
KODEX 200,테스트 A(역대급 등락),K=5,2008,역방향 전체,전체,1주,30,위,53.33,1.85,55.36,49.83,3.51,제외
KODEX 200,테스트 A(역대급 등락),K=5,2008,역방향 전체,전체,2주,30,아래,56.67,-1.02,-30.61,49.9,6.76,제외
KODEX 200,테스트 A(역대급 등락),K=5,2008,역방향 전체,전체,1개월,30,아래,53.33,0.99,29.84,49.95,3.39,제외
KODEX 200,테스트 A(역대급 등락),K=10,2008,폭등,전체,1일,22,아래,72.73,1.38,30.45,45.93,26.8,후보
KODEX 200,테스트 A(역대급 등락),K=10,2008,폭등,전체,2일,22,위,54.55,-0.38,-8.43,53.11,1.44,제외
KODEX 200,테스트 A(역대급 등락),K=10,2008,폭등,전체,3일,22,아래,50.0,-1.27,-27.99,46.1,3.9,제외
KODEX 200,테스트 A(역대급 등락),K=10,2008,폭등,전체,1주,22,위,63.64,2.1,46.25,54.73,8.91,후보
KODEX 200,테스트 A(역대급 등락),K=10,2008,폭등,전체,2주,22,위,77.27,2.32,51.11,55.0,22.27,후보
KODEX 200,테스트 A(역대급 등락),K=10,2008,폭등,전체,1개월,22,위,63.64,4.17,91.74,55.99,7.65,후보
KODEX 200,테스트 A(역대급 등락),K=10,2008,폭락,전체,1일,22,위,72.73,1.24,27.37,52.96,19.76,후보
KODEX 200,테스트 A(역대급 등락),K=10,2008,폭락,전체,2일,22,위,77.27,1.81,39.79,53.11,24.17,후보
KODEX 200,테스트 A(역대급 등락),K=10,2008,폭락,전체,3일,22,위,72.73,2.02,44.52,53.31,19.41,후보
KODEX 200,테스트 A(역대급 등락),K=10,2008,폭락,전체,1주,22,위,59.09,3.59,78.94,54.73,4.36,제외
KODEX 200,테스트 A(역대급 등락),K=10,2008,폭락,전체,2주,22,위,68.18,3.39,74.54,55.0,13.18,후보
KODEX 200,테스트 A(역대급 등락),K=10,2008,폭락,전체,1개월,22,아래,45.45,-0.48,-10.55,43.9,1.55,제외
KODEX 200,테스트 A(역대급 등락),K=10,2008,역방향 전체,전체,1일,44,위,72.73,1.31,57.82,49.45,23.28,후보
KODEX 200,테스트 A(역대급 등락),K=10,2008,역방향 전체,전체,2일,44,위,61.36,1.1,48.23,49.79,11.57,후보
KODEX 200,테스트 A(역대급 등락),K=10,2008,역방향 전체,전체,3일,44,위,61.36,0.38,16.53,49.71,11.66,후보
KODEX 200,테스트 A(역대급 등락),K=10,2008,역방향 전체,전체,1주,44,아래,50.0,-0.74,-32.69,49.83,0.17,제외
KODEX 200,테스트 A(역대급 등락),K=10,2008,역방향 전체,전체,2주,44,아래,54.55,-0.53,-23.43,49.9,4.64,제외
KODEX 200,테스트 A(역대급 등락),K=10,2008,역방향 전체,전체,1개월,44,아래,54.55,1.85,81.19,49.95,4.6,제외
KODEX 200,테스트 A(역대급 등락),K=20,2008,폭등,전체,1일,34,아래,64.71,0.77,26.33,45.93,18.78,후보
KODEX 200,테스트 A(역대급 등락),K=20,2008,폭등,전체,2일,34,아래,50.0,0.5,17.08,46.48,3.52,제외
KODEX 200,테스트 A(역대급 등락),K=20,2008,폭등,전체,3일,34,아래,55.88,-0.15,-5.26,46.1,9.78,제외
KODEX 200,테스트 A(역대급 등락),K=20,2008,폭등,전체,1주,34,위,55.88,1.04,35.41,54.73,1.16,제외
KODEX 200,테스트 A(역대급 등락),K=20,2008,폭등,전체,2주,34,위,61.76,-0.08,-2.86,55.0,6.76,제외
KODEX 200,테스트 A(역대급 등락),K=20,2008,폭등,전체,1개월,33,아래,45.45,-3.1,-102.28,43.9,1.55,제외
KODEX 200,테스트 A(역대급 등락),K=20,2008,폭락,전체,1일,41,위,70.73,1.32,54.05,52.96,17.77,후보
KODEX 200,테스트 A(역대급 등락),K=20,2008,폭락,전체,2일,41,위,73.17,2.93,120.2,53.11,20.06,후보
KODEX 200,테스트 A(역대급 등락),K=20,2008,폭락,전체,3일,41,위,75.61,2.64,108.2,53.31,22.3,후보
KODEX 200,테스트 A(역대급 등락),K=20,2008,폭락,전체,1주,41,위,68.29,3.92,160.84,54.73,13.57,후보
KODEX 200,테스트 A(역대급 등락),K=20,2008,폭락,전체,2주,41,위,70.73,4.19,171.87,55.0,15.73,후보
KODEX 200,테스트 A(역대급 등락),K=20,2008,폭락,전체,1개월,41,위,70.73,4.11,168.46,55.99,14.74,후보
KODEX 200,테스트 A(역대급 등락),K=20,2008,역방향 전체,전체,1일,75,위,68.0,1.07,80.37,49.45,18.55,후보
KODEX 200,테스트 A(역대급 등락),K=20,2008,역방향 전체,전체,2일,75,위,62.67,1.83,137.28,49.79,12.87,후보
KODEX 200,테스트 A(역대급 등락),K=20,2008,역방향 전체,전체,3일,75,위,66.67,1.37,102.94,49.71,16.96,후보
KODEX 200,테스트 A(역대급 등락),K=20,2008,역방향 전체,전체,1주,75,위,57.33,1.67,125.43,49.83,7.51,제외
KODEX 200,테스트 A(역대급 등락),K=20,2008,역방향 전체,전체,2주,75,위,56.0,2.33,174.73,49.9,6.1,제외
KODEX 200,테스트 A(역대급 등락),K=20,2008,역방향 전체,전체,1개월,74,위,59.46,0.89,66.19,49.95,9.51,제외
KODEX 200,테스트 A(역대급 등락),K=5,2011,폭등,전체,1일,6,아래,66.67,2.09,12.53,46.02,20.65,후보
KODEX 200,테스트 A(역대급 등락),K=5,2011,폭등,전체,2일,6,아래,66.67,2.08,12.5,46.7,19.96,후보
KODEX 200,테스트 A(역대급 등락),K=5,2011,폭등,전체,3일,6,아래,66.67,-0.92,-5.52,46.38,20.29,제외
KODEX 200,테스트 A(역대급 등락),K=5,2011,폭등,전체,1주,6,위,66.67,2.47,14.84,54.43,12.24,후보
KODEX 200,테스트 A(역대급 등락),K=5,2011,폭등,전체,2주,6,위,100.0,7.9,47.4,54.19,45.81,후보
KODEX 200,테스트 A(역대급 등락),K=5,2011,폭등,전체,1개월,6,위,66.67,9.05,54.32,54.94,11.72,후보
KODEX 200,테스트 A(역대급 등락),K=5,2011,폭락,전체,1일,8,위,75.0,1.93,15.43,52.97,22.03,후보
KODEX 200,테스트 A(역대급 등락),K=5,2011,폭락,전체,2일,8,위,75.0,3.14,25.15,52.83,22.17,후보
KODEX 200,테스트 A(역대급 등락),K=5,2011,폭락,전체,3일,8,위,87.5,4.43,35.47,53.1,34.4,후보
KODEX 200,테스트 A(역대급 등락),K=5,2011,폭락,전체,1주,8,위,75.0,6.31,50.45,54.43,20.57,후보
KODEX 200,테스트 A(역대급 등락),K=5,2011,폭락,전체,2주,8,위,62.5,6.52,52.19,54.19,8.31,후보
KODEX 200,테스트 A(역대급 등락),K=5,2011,폭락,전체,1개월,8,위,62.5,3.29,26.36,54.94,7.56,후보
KODEX 200,테스트 A(역대급 등락),K=5,2011,역방향 전체,전체,1일,14,위,71.43,2.0,27.95,49.49,21.93,후보
KODEX 200,테스트 A(역대급 등락),K=5,2011,역방향 전체,전체,2일,14,위,71.43,2.69,37.65,49.77,21.66,후보
KODEX 200,테스트 A(역대급 등락),K=5,2011,역방향 전체,전체,3일,14,위,78.57,2.14,29.95,49.74,28.83,후보
KODEX 200,테스트 A(역대급 등락),K=5,2011,역방향 전체,전체,1주,14,위,57.14,2.54,35.6,49.82,7.32,제외
KODEX 200,테스트 A(역대급 등락),K=5,2011,역방향 전체,전체,2주,14,아래,64.29,-0.34,-4.79,49.91,14.38,제외
KODEX 200,테스트 A(역대급 등락),K=5,2011,역방향 전체,전체,1개월,14,위,50.0,-2.0,-27.96,49.95,0.05,제외
KODEX 200,테스트 A(역대급 등락),K=10,2011,폭등,전체,1일,14,아래,71.43,1.48,20.66,46.02,25.41,후보
KODEX 200,테스트 A(역대급 등락),K=10,2011,폭등,전체,2일,14,아래,50.0,0.75,10.51,46.7,3.3,제외
KODEX 200,테스트 A(역대급 등락),K=10,2011,폭등,전체,3일,14,아래,57.14,-1.43,-20.06,46.38,10.77,제외
KODEX 200,테스트 A(역대급 등락),K=10,2011,폭등,전체,1주,14,위,64.29,2.68,37.47,54.43,9.86,후보
KODEX 200,테스트 A(역대급 등락),K=10,2011,폭등,전체,2주,14,위,85.71,4.73,66.26,54.19,31.53,후보
KODEX 200,테스트 A(역대급 등락),K=10,2011,폭등,전체,1개월,14,위,78.57,8.85,123.83,54.94,23.63,후보
KODEX 200,테스트 A(역대급 등락),K=10,2011,폭락,전체,1일,13,위,76.92,2.3,29.94,52.97,23.95,후보
KODEX 200,테스트 A(역대급 등락),K=10,2011,폭락,전체,2일,13,위,84.62,3.77,49.06,52.83,31.79,후보
KODEX 200,테스트 A(역대급 등락),K=10,2011,폭락,전체,3일,13,위,84.62,3.32,43.2,53.1,31.51,후보
KODEX 200,테스트 A(역대급 등락),K=10,2011,폭락,전체,1주,13,위,61.54,3.88,50.4,54.43,7.11,후보
KODEX 200,테스트 A(역대급 등락),K=10,2011,폭락,전체,2주,13,위,69.23,4.73,61.5,54.19,15.04,후보
KODEX 200,테스트 A(역대급 등락),K=10,2011,폭락,전체,1개월,13,위,69.23,3.37,43.81,54.94,14.29,후보
KODEX 200,테스트 A(역대급 등락),K=10,2011,역방향 전체,전체,1일,27,위,74.07,1.87,50.6,49.49,24.58,후보
KODEX 200,테스트 A(역대급 등락),K=10,2011,역방향 전체,전체,2일,27,위,66.67,2.21,59.57,49.77,16.9,후보
KODEX 200,테스트 A(역대급 등락),K=10,2011,역방향 전체,전체,3일,27,위,70.37,0.86,23.15,49.74,20.63,후보
KODEX 200,테스트 A(역대급 등락),K=10,2011,역방향 전체,전체,1주,27,아래,51.85,-0.48,-12.93,49.82,2.03,제외
KODEX 200,테스트 A(역대급 등락),K=10,2011,역방향 전체,전체,2주,27,아래,59.26,0.18,4.76,49.91,9.35,제외
KODEX 200,테스트 A(역대급 등락),K=10,2011,역방향 전체,전체,1개월,27,아래,55.56,2.96,80.03,49.95,5.61,제외
KODEX 200,테스트 A(역대급 등락),K=20,2011,폭등,전체,1일,22,아래,63.64,0.99,21.72,46.02,17.62,후보
KODEX 200,테스트 A(역대급 등락),K=20,2011,폭등,전체,2일,22,아래,59.09,1.18,25.93,46.7,12.39,제외
KODEX 200,테스트 A(역대급 등락),K=20,2011,폭등,전체,3일,22,아래,68.18,0.46,10.08,46.38,21.8,후보
KODEX 200,테스트 A(역대급 등락),K=20,2011,폭등,전체,1주,22,아래,45.45,-1.3,-28.57,45.21,0.25,제외
KODEX 200,테스트 A(역대급 등락),K=20,2011,폭등,전체,2주,22,위,68.18,0.76,16.7,54.19,13.99,후보
KODEX 200,테스트 A(역대급 등락),K=20,2011,폭등,전체,1개월,21,위,66.67,6.22,130.71,54.94,11.72,후보
KODEX 200,테스트 A(역대급 등락),K=20,2011,폭락,전체,1일,25,위,64.0,1.67,41.82,52.97,11.03,후보
KODEX 200,테스트 A(역대급 등락),K=20,2011,폭락,전체,2일,25,위,76.0,4.38,109.39,52.83,23.17,후보
KODEX 200,테스트 A(역대급 등락),K=20,2011,폭락,전체,3일,25,위,80.0,3.52,87.88,53.1,26.9,후보
KODEX 200,테스트 A(역대급 등락),K=20,2011,폭락,전체,1주,25,위,72.0,5.0,124.98,54.43,17.57,후보
KODEX 200,테스트 A(역대급 등락),K=20,2011,폭락,전체,2주,25,위,76.0,6.65,166.14,54.19,21.81,후보
KODEX 200,테스트 A(역대급 등락),K=20,2011,폭락,전체,1개월,25,위,80.0,7.2,179.88,54.94,25.06,후보
KODEX 200,테스트 A(역대급 등락),K=20,2011,역방향 전체,전체,1일,47,위,63.83,1.35,63.54,49.49,14.34,후보
KODEX 200,테스트 A(역대급 등락),K=20,2011,역방향 전체,전체,2일,47,위,68.09,2.88,135.32,49.77,18.32,후보
KODEX 200,테스트 A(역대급 등락),K=20,2011,역방향 전체,전체,3일,47,위,74.47,2.08,97.96,49.74,24.73,후보
KODEX 200,테스트 A(역대급 등락),K=20,2011,역방향 전체,전체,1주,47,위,59.57,2.05,96.41,49.82,9.76,제외
KODEX 200,테스트 A(역대급 등락),K=20,2011,역방향 전체,전체,2주,47,위,55.32,3.18,149.44,49.91,5.41,제외
KODEX 200,테스트 A(역대급 등락),K=20,2011,역방향 전체,전체,1개월,46,위,58.7,1.07,49.18,49.95,8.75,제외
KODEX 200,테스트 A(역대급 등락),K=10,2011,폭등,2010년대,1일,1,아래,100.0,1.08,1.08,46.86,53.14,후보
KODEX 200,테스트 A(역대급 등락),K=10,2011,폭등,2010년대,2일,1,위,100.0,1.76,1.76,51.65,48.35,후보
KODEX 200,테스트 A(역대급 등락),K=10,2011,폭등,2010년대,3일,1,위,100.0,1.85,1.85,51.6,48.4,후보
KODEX 200,테스트 A(역대급 등락),K=10,2011,폭등,2010년대,1주,1,아래,100.0,3.48,3.48,47.04,52.96,후보
KODEX 200,테스트 A(역대급 등락),K=10,2011,폭등,2010년대,2주,1,위,100.0,4.74,4.74,53.05,46.95,후보
KODEX 200,테스트 A(역대급 등락),K=10,2011,폭등,2010년대,1개월,1,위,100.0,11.45,11.45,52.82,47.18,후보
KODEX 200,테스트 A(역대급 등락),K=10,2011,폭락,2010년대,1일,1,아래,100.0,1.8,1.8,46.86,53.14,후보
KODEX 200,테스트 A(역대급 등락),K=10,2011,폭락,2010년대,2일,1,위,100.0,1.87,1.87,51.65,48.35,후보
KODEX 200,테스트 A(역대급 등락),K=10,2011,폭락,2010년대,3일,1,위,100.0,0.73,0.73,51.6,48.4,후보
KODEX 200,테스트 A(역대급 등락),K=10,2011,폭락,2010년대,1주,1,위,100.0,2.34,2.34,52.46,47.54,후보
KODEX 200,테스트 A(역대급 등락),K=10,2011,폭락,2010년대,2주,1,위,100.0,7.07,7.07,53.05,46.95,후보
KODEX 200,테스트 A(역대급 등락),K=10,2011,폭락,2010년대,1개월,1,위,100.0,7.36,7.36,52.82,47.18,후보
KODEX 200,테스트 A(역대급 등락),K=10,2011,역방향 전체,2010년대,1일,2,위,50.0,-0.36,-0.72,49.37,0.63,제외
KODEX 200,테스트 A(역대급 등락),K=10,2011,역방향 전체,2010년대,2일,2,위,50.0,0.05,0.11,49.8,0.2,제외
KODEX 200,테스트 A(역대급 등락),K=10,2011,역방향 전체,2010년대,3일,2,위,50.0,-0.56,-1.12,49.73,0.27,제외
KODEX 200,테스트 A(역대급 등락),K=10,2011,역방향 전체,2010년대,1주,2,위,100.0,2.91,5.82,49.75,50.25,후보
KODEX 200,테스트 A(역대급 등락),K=10,2011,역방향 전체,2010년대,2주,2,위,50.0,1.17,2.34,49.89,0.11,제외
KODEX 200,테스트 A(역대급 등락),K=10,2011,역방향 전체,2010년대,1개월,2,위,50.0,-2.05,-4.09,49.93,0.07,제외
KODEX 200,테스트 A(역대급 등락),K=20,2011,폭등,2010년대,1일,2,아래,50.0,0.22,0.44,46.86,3.14,제외
KODEX 200,테스트 A(역대급 등락),K=20,2011,폭등,2010년대,2일,2,아래,50.0,-0.18,-0.36,47.95,2.05,제외
KODEX 200,테스트 A(역대급 등락),K=20,2011,폭등,2010년대,3일,2,아래,50.0,2.79,5.58,47.86,2.14,제외
KODEX 200,테스트 A(역대급 등락),K=20,2011,폭등,2010년대,1주,2,아래,100.0,4.59,9.18,47.04,52.96,후보
KODEX 200,테스트 A(역대급 등락),K=20,2011,폭등,2010년대,2주,2,아래,50.0,-1.6,-3.19,46.73,3.27,제외
KODEX 200,테스트 A(역대급 등락),K=20,2011,폭등,2010년대,1개월,2,아래,50.0,-4.91,-9.83,47.04,2.96,제외
KODEX 200,테스트 A(역대급 등락),K=20,2011,폭락,2010년대,1일,4,아래,75.0,0.65,2.59,46.86,28.14,후보
KODEX 200,테스트 A(역대급 등락),K=20,2011,폭락,2010년대,2일,4,위,100.0,3.13,12.52,51.65,48.35,후보
KODEX 200,테스트 A(역대급 등락),K=20,2011,폭락,2010년대,3일,4,위,100.0,2.54,10.15,51.6,48.4,후보
KODEX 200,테스트 A(역대급 등락),K=20,2011,폭락,2010년대,1주,4,위,75.0,2.3,9.18,52.46,22.54,후보
KODEX 200,테스트 A(역대급 등락),K=20,2011,폭락,2010년대,2주,4,위,75.0,3.85,15.4,53.05,21.95,후보
KODEX 200,테스트 A(역대급 등락),K=20,2011,폭락,2010년대,1개월,4,위,100.0,5.94,23.74,52.82,47.18,후보
KODEX 200,테스트 A(역대급 등락),K=20,2011,역방향 전체,2010년대,1일,6,아래,66.67,0.36,2.15,49.37,17.3,후보
KODEX 200,테스트 A(역대급 등락),K=20,2011,역방향 전체,2010년대,2일,6,위,83.33,2.03,12.16,49.8,33.54,후보
KODEX 200,테스트 A(역대급 등락),K=20,2011,역방향 전체,2010년대,3일,6,위,83.33,2.62,15.73,49.73,33.6,후보
KODEX 200,테스트 A(역대급 등락),K=20,2011,역방향 전체,2010년대,1주,6,위,83.33,3.06,18.37,49.75,33.58,후보
KODEX 200,테스트 A(역대급 등락),K=20,2011,역방향 전체,2010년대,2주,6,위,66.67,2.04,12.21,49.89,16.78,후보
KODEX 200,테스트 A(역대급 등락),K=20,2011,역방향 전체,2010년대,1개월,6,위,83.33,2.32,13.92,49.93,33.4,후보
KODEX 200,테스트 A(역대급 등락),K=5,2011,폭등,2020년대,1일,6,아래,66.67,2.09,12.53,44.87,21.79,후보
KODEX 200,테스트 A(역대급 등락),K=5,2011,폭등,2020년대,2일,6,아래,66.67,2.08,12.5,45.02,21.65,후보
KODEX 200,테스트 A(역대급 등락),K=5,2011,폭등,2020년대,3일,6,아래,66.67,-0.92,-5.52,44.38,22.29,제외
KODEX 200,테스트 A(역대급 등락),K=5,2011,폭등,2020년대,1주,6,위,66.67,2.47,14.84,57.1,9.57,후보
KODEX 200,테스트 A(역대급 등락),K=5,2011,폭등,2020년대,2주,6,위,100.0,7.9,47.4,55.74,44.26,후보
KODEX 200,테스트 A(역대급 등락),K=5,2011,폭등,2020년대,1개월,6,위,66.67,9.05,54.32,57.85,8.82,후보
KODEX 200,테스트 A(역대급 등락),K=5,2011,폭락,2020년대,1일,8,위,75.0,1.93,15.43,54.46,20.54,후보
KODEX 200,테스트 A(역대급 등락),K=5,2011,폭락,2020년대,2일,8,위,75.0,3.14,25.15,54.43,20.57,후보
KODEX 200,테스트 A(역대급 등락),K=5,2011,폭락,2020년대,3일,8,위,87.5,4.43,35.47,55.13,32.37,후보
KODEX 200,테스트 A(역대급 등락),K=5,2011,폭락,2020년대,1주,8,위,75.0,6.31,50.45,57.1,17.9,후보
KODEX 200,테스트 A(역대급 등락),K=5,2011,폭락,2020년대,2주,8,위,62.5,6.52,52.19,55.74,6.76,후보
KODEX 200,테스트 A(역대급 등락),K=5,2011,폭락,2020년대,1개월,8,위,62.5,3.29,26.36,57.85,4.65,후보
KODEX 200,테스트 A(역대급 등락),K=5,2011,역방향 전체,2020년대,1일,14,위,71.43,2.0,27.95,49.66,21.76,후보
KODEX 200,테스트 A(역대급 등락),K=5,2011,역방향 전체,2020년대,2일,14,위,71.43,2.69,37.65,49.73,21.7,후보
KODEX 200,테스트 A(역대급 등락),K=5,2011,역방향 전체,2020년대,3일,14,위,78.57,2.14,29.95,49.76,28.82,후보
KODEX 200,테스트 A(역대급 등락),K=5,2011,역방향 전체,2020년대,1주,14,위,57.14,2.54,35.6,49.91,7.23,제외
KODEX 200,테스트 A(역대급 등락),K=5,2011,역방향 전체,2020년대,2주,14,아래,64.29,-0.34,-4.79,49.94,14.35,제외
KODEX 200,테스트 A(역대급 등락),K=5,2011,역방향 전체,2020년대,1개월,14,위,50.0,-2.0,-27.96,49.97,0.03,제외
KODEX 200,테스트 A(역대급 등락),K=10,2011,폭등,2020년대,1일,13,아래,69.23,1.51,19.58,44.87,24.36,후보
KODEX 200,테스트 A(역대급 등락),K=10,2011,폭등,2020년대,2일,13,아래,53.85,0.94,12.27,45.02,8.82,제외
KODEX 200,테스트 A(역대급 등락),K=10,2011,폭등,2020년대,3일,13,아래,61.54,-1.4,-18.21,44.38,17.16,제외
KODEX 200,테스트 A(역대급 등락),K=10,2011,폭등,2020년대,1주,13,위,69.23,3.15,40.95,57.1,12.13,후보
KODEX 200,테스트 A(역대급 등락),K=10,2011,폭등,2020년대,2주,13,위,84.62,4.73,61.52,55.74,28.88,후보
KODEX 200,테스트 A(역대급 등락),K=10,2011,폭등,2020년대,1개월,13,위,76.92,8.64,112.38,57.85,19.07,후보
KODEX 200,테스트 A(역대급 등락),K=10,2011,폭락,2020년대,1일,12,위,83.33,2.65,31.75,54.46,28.88,후보
KODEX 200,테스트 A(역대급 등락),K=10,2011,폭락,2020년대,2일,12,위,83.33,3.93,47.19,54.43,28.9,후보
KODEX 200,테스트 A(역대급 등락),K=10,2011,폭락,2020년대,3일,12,위,83.33,3.54,42.47,55.13,28.2,후보
KODEX 200,테스트 A(역대급 등락),K=10,2011,폭락,2020년대,1주,12,위,58.33,4.01,48.06,57.1,1.23,제외
KODEX 200,테스트 A(역대급 등락),K=10,2011,폭락,2020년대,2주,12,위,66.67,4.54,54.42,55.74,10.93,후보
KODEX 200,테스트 A(역대급 등락),K=10,2011,폭락,2020년대,1개월,12,위,66.67,3.04,36.44,57.85,8.82,후보
KODEX 200,테스트 A(역대급 등락),K=10,2011,역방향 전체,2020년대,1일,25,위,76.0,2.05,51.32,49.66,26.34,후보
KODEX 200,테스트 A(역대급 등락),K=10,2011,역방향 전체,2020년대,2일,25,위,68.0,2.38,59.46,49.73,18.27,후보
KODEX 200,테스트 A(역대급 등락),K=10,2011,역방향 전체,2020년대,3일,25,위,72.0,0.97,24.27,49.76,22.24,후보
KODEX 200,테스트 A(역대급 등락),K=10,2011,역방향 전체,2020년대,1주,25,아래,56.0,-0.28,-7.11,49.91,6.09,제외
KODEX 200,테스트 A(역대급 등락),K=10,2011,역방향 전체,2020년대,2주,25,아래,60.0,0.28,7.1,49.94,10.06,후보
KODEX 200,테스트 A(역대급 등락),K=10,2011,역방향 전체,2020년대,1개월,25,아래,56.0,3.04,75.94,49.97,6.03,제외
KODEX 200,테스트 A(역대급 등락),K=20,2011,폭등,2020년대,1일,20,아래,65.0,1.06,21.28,44.87,20.13,후보
KODEX 200,테스트 A(역대급 등락),K=20,2011,폭등,2020년대,2일,20,아래,60.0,1.31,26.29,45.02,14.98,후보
KODEX 200,테스트 A(역대급 등락),K=20,2011,폭등,2020년대,3일,20,아래,70.0,0.22,4.5,44.38,25.62,후보
KODEX 200,테스트 A(역대급 등락),K=20,2011,폭등,2020년대,1주,20,위,60.0,1.89,37.76,57.1,2.9,후보
KODEX 200,테스트 A(역대급 등락),K=20,2011,폭등,2020년대,2주,20,위,70.0,0.68,13.51,55.74,14.26,후보
KODEX 200,테스트 A(역대급 등락),K=20,2011,폭등,2020년대,1개월,19,위,68.42,6.36,120.88,57.85,10.57,후보
KODEX 200,테스트 A(역대급 등락),K=20,2011,폭락,2020년대,1일,21,위,71.43,2.11,44.41,54.46,16.97,후보
KODEX 200,테스트 A(역대급 등락),K=20,2011,폭락,2020년대,2일,21,위,71.43,4.61,96.86,54.43,17.0,후보
KODEX 200,테스트 A(역대급 등락),K=20,2011,폭락,2020년대,3일,21,위,76.19,3.7,77.73,55.13,21.06,후보
KODEX 200,테스트 A(역대급 등락),K=20,2011,폭락,2020년대,1주,21,위,71.43,5.51,115.8,57.1,14.33,후보
KODEX 200,테스트 A(역대급 등락),K=20,2011,폭락,2020년대,2주,21,위,76.19,7.18,150.73,55.74,20.45,후보
KODEX 200,테스트 A(역대급 등락),K=20,2011,폭락,2020년대,1개월,21,위,76.19,7.44,156.14,57.85,18.34,후보
KODEX 200,테스트 A(역대급 등락),K=20,2011,역방향 전체,2020년대,1일,41,위,68.29,1.6,65.69,49.66,18.63,후보
KODEX 200,테스트 A(역대급 등락),K=20,2011,역방향 전체,2020년대,2일,41,위,65.85,3.0,123.15,49.73,16.13,후보
KODEX 200,테스트 A(역대급 등락),K=20,2011,역방향 전체,2020년대,3일,41,위,73.17,2.01,82.23,49.76,23.42,후보
KODEX 200,테스트 A(역대급 등락),K=20,2011,역방향 전체,2020년대,1주,41,위,56.1,1.9,78.04,49.91,6.19,제외
KODEX 200,테스트 A(역대급 등락),K=20,2011,역방향 전체,2020년대,2주,41,위,53.66,3.35,137.23,49.94,3.72,제외
KODEX 200,테스트 A(역대급 등락),K=20,2011,역방향 전체,2020년대,1개월,40,위,55.0,0.88,35.26,49.97,5.03,제외
