레벨,레벨가,목표가,매수일,매수 판정환율,매수 집행가,매도일,매도 판정환율,매도 집행가,투입액,매수비용,회수액,매도비용,매도과세,실현손익,이탈 보너스,보유일
1,1008.0,1016.064,2005-06-03,1007.8,1007.8,2005-06-28,1021.1,1021.1,5602699.0,10085.0,5656221.0,10200.0,0.0,53522.0,29065.0,25
2,1016.064,1024.1925,2005-04-19,1013.9,1013.9,2005-06-29,1026.3,1026.3,4573185.0,8232.0,4612465.0,8317.0,0.0,39280.0,19310.0,71
4,1032.3861,1040.6451,2005-07-14,1031.8,1031.8,2005-07-15,1042.2,1042.2,5625707.0,10126.0,5661973.0,10210.0,0.0,36266.0,11677.0,1
2,1016.064,1024.1925,2005-08-04,1011.6,1011.6,2005-08-19,1025.7,1025.7,5610599.0,10099.0,5668340.0,10221.0,0.0,57741.0,33258.0,15
3,1024.1925,1032.3861,2005-07-22,1021.3,1021.3,2005-08-30,1034.2,1034.2,5622311.0,10120.0,5672849.0,10230.0,0.0,50538.0,25990.0,39
3,1024.1925,1032.3861,2005-09-05,1022.6,1022.6,2005-09-26,1034.7,1034.7,5646175.0,10163.0,5692435.0,10265.0,0.0,46261.0,21600.0,21
4,1032.3861,1040.6451,2005-07-22,1021.3,1021.3,2005-09-30,1041.1,1041.1,5622311.0,10120.0,5710697.0,10298.0,0.0,88386.0,63906.0,70
5,1040.6451,1048.9703,2005-07-12,1039.5,1039.5,2005-10-18,1051.5,1051.5,5632086.0,10138.0,5676612.0,10236.0,0.0,44526.0,19924.0,98
6,1048.9703,1057.3621,2005-07-06,1047.8,1047.8,2005-10-21,1057.9,1057.9,5634536.0,10142.0,5668387.0,10221.0,0.0,33851.0,9220.0,107
5,1040.6451,1048.9703,2005-10-31,1040.2,1040.2,2005-11-07,1049.5,1049.5,5702775.0,10265.0,5733066.0,10338.0,0.0,30291.0,5354.0,7
-7,945.7498,953.3158,2006-06-05,943.0,943.0,2006-06-08,953.4,953.4,5053245.0,9096.0,5090600.0,9180.0,0.0,37355.0,15277.0,3
-7,945.7498,953.3158,2006-07-03,944.9,944.9,2006-07-14,953.8,953.8,5066293.0,9119.0,5095619.0,9189.0,0.0,29325.0,7176.0,11
-6,953.3158,960.9424,2006-06-30,948.9,948.9,2006-08-02,962.3,962.3,5078883.0,9142.0,5132079.0,9254.0,0.0,53197.0,31035.0,33
-7,945.7498,953.3158,2006-09-21,944.3,944.3,2006-10-09,963.9,963.9,5108820.0,9196.0,5196102.0,9370.0,0.0,87283.0,65051.0,18
-6,953.3158,960.9424,2006-09-19,952.2,952.2,2006-10-09,963.9,963.9,5130059.0,9234.0,5174416.0,9331.0,0.0,44356.0,21955.0,20
-8,938.2439,945.7498,2007-01-10,937.8,937.8,2007-03-05,951.4,951.4,5064164.0,9115.0,5119126.0,9231.0,0.0,54962.0,32868.0,54
-10,923.4102,930.7975,2007-08-02,922.8,922.8,2007-08-10,931.9,931.9,5379236.0,9683.0,5412743.0,9761.0,0.0,33508.0,9994.0,8
-9,930.7975,938.2439,2007-04-13,929.2,929.2,2007-08-16,946.3,946.3,5169767.0,9306.0,5245969.0,9460.0,0.0,76202.0,53684.0,125
-8,938.2439,945.7498,2007-03-21,938.0,938.0,2007-08-16,946.3,946.3,5188617.0,9340.0,5215702.0,9405.0,0.0,27085.0,4395.0,148
-11,916.0816,923.4102,2007-11-14,913.5,913.5,2007-11-21,928.9,928.9,6957079.0,12523.0,7048918.0,12711.0,0.0,91839.0,61517.0,7
-10,923.4102,930.7975,2007-09-20,923.1,923.1,2007-11-22,933.6,933.6,5708183.0,10275.0,5752348.0,10373.0,0.0,44164.0,19229.0,63
-10,923.4102,930.7975,2007-11-30,921.1,921.1,2007-12-17,933.6,933.6,7018052.0,12632.0,7087707.0,12781.0,0.0,69655.0,39025.0,17
-9,930.7975,938.2439,2007-09-14,928.4,928.4,2007-12-18,939.4,939.4,5726341.0,10307.0,5773348.0,10411.0,0.0,47007.0,21997.0,95
-8,938.2439,945.7498,2007-09-03,937.3,937.3,2008-01-21,948.5,948.5,5752543.0,10355.0,5800344.0,10459.0,0.0,47801.0,22677.0,140
-7,945.7498,953.3158,2006-10-30,944.6,944.6,2008-01-22,954.0,954.0,5136395.0,9246.0,5168851.0,9321.0,0.0,32456.0,10005.0,449
-8,938.2439,945.7498,2008-02-28,936.5,936.5,2008-03-03,946.9,946.9,6849721.0,12329.0,6900878.0,12444.0,0.0,51157.0,21231.0,4
-7,945.7498,953.3158,2008-01-29,944.2,944.2,2008-03-07,957.5,957.5,6866810.0,12360.0,6938489.0,12512.0,0.0,71680.0,41716.0,38
-6,953.3158,960.9424,2006-10-26,949.7,949.7,2008-03-10,965.3,965.3,5148723.0,9268.0,5214475.0,9403.0,0.0,65751.0,43306.0,501
-5,960.9424,968.6299,2006-06-15,959.5,959.5,2008-03-11,970.0,970.0,5097436.0,9175.0,5134683.0,9259.0,0.0,37247.0,14976.0,635
-3,976.3789,984.19,2006-03-15,974.8,974.8,2008-03-14,997.3,997.3,5088360.0,9159.0,5187084.0,9354.0,0.0,98724.0,76603.0,730
1,1008.0,1016.064,2006-01-02,1008.0,1008.0,2008-03-17,1029.2,1029.2,5910032.0,10638.0,6012626.0,10842.0,0.0,102594.0,76879.0,805
2,1016.064,1024.1925,2005-12-15,1014.0,1014.0,2008-03-17,1029.2,1029.2,5914645.0,10646.0,5981714.0,10787.0,0.0,67069.0,41270.0,823
-3,976.3789,984.19,2008-03-25,976.3,976.3,2008-03-26,986.8,986.8,4688020.0,8438.0,4721396.0,8514.0,0.0,33376.0,12892.0,1
-2,984.19,992.0635,2008-03-25,976.3,976.3,2008-03-28,993.0,993.0,4688020.0,8438.0,4751061.0,8567.0,0.0,63040.0,42609.0,3
-3,976.3789,984.19,2008-04-02,974.7,974.7,2008-04-15,986.9,986.9,4688069.0,8439.0,4729675.0,8529.0,0.0,41606.0,21136.0,13
-2,984.19,992.0635,2008-04-01,983.8,983.8,2008-04-18,1000.7,1000.7,4707011.0,8473.0,4770649.0,8603.0,0.0,63638.0,43125.0,17
-1,992.0635,1000.0,2008-03-25,976.3,976.3,2008-04-18,1000.7,1000.7,4688020.0,8438.0,4787902.0,8634.0,0.0,99881.0,79517.0,24
-1,992.0635,1000.0,2008-04-21,991.5,991.5,2008-04-29,1001.0,1001.0,4735849.0,8525.0,4764029.0,8591.0,0.0,28179.0,7476.0,8
0,1000.0,1008.0,2008-03-24,997.2,997.2,2008-05-02,1009.6,1009.6,4723088.0,8502.0,4764620.0,8592.0,0.0,41532.0,20908.0,39
1,1008.0,1016.064,2008-03-21,1003.1,1003.1,2008-05-07,1026.1,1026.1,4730743.0,8515.0,4821809.0,8695.0,0.0,91065.0,70498.0,47
2,1016.064,1024.1925,2008-03-18,1014.0,1014.0,2008-05-07,1026.1,1026.1,2371719.0,4269.0,2391389.0,4312.0,0.0,19669.0,9311.0,50
3,1024.1925,1032.3861,2005-12-14,1016.3,1016.3,2008-05-08,1049.6,1049.6,5918389.0,10653.0,6090326.0,10982.0,0.0,171937.0,146310.0,876
4,1032.3861,1040.6451,2005-12-13,1026.0,1026.0,2008-05-08,1049.6,1049.6,5930729.0,10675.0,6045325.0,10901.0,0.0,114596.0,88812.0,877
5,1040.6451,1048.9703,2005-11-14,1037.8,1037.8,2008-05-08,1049.6,1049.6,5928088.0,10671.0,5973927.0,10772.0,0.0,45839.0,19943.0,906
3,1024.1925,1032.3861,2008-06-02,1022.6,1022.6,2008-06-12,1034.0,1034.0,2410690.0,4339.0,2428797.0,4380.0,0.0,18107.0,7575.0,10
4,1032.3861,1040.6451,2008-05-29,1030.3,1030.3,2008-06-13,1041.0,1041.0,2413488.0,4344.0,2429782.0,4381.0,0.0,16294.0,5747.0,15
3,1024.1925,1032.3861,2008-06-17,1023.2,1023.2,2008-06-23,1039.0,1039.0,2416570.0,4350.0,2445060.0,4409.0,0.0,28490.0,17951.0,6
4,1032.3861,1040.6451,2008-06-17,1023.2,1023.2,2008-06-27,1041.5,1041.5,2416570.0,4350.0,2450943.0,4420.0,0.0,34373.0,23845.0,10
5,1040.6451,1048.9703,2008-05-27,1037.7,1037.7,2008-07-04,1050.4,1050.4,2414984.0,4347.0,2435748.0,4392.0,0.0,20764.0,10218.0,38
1,1008.0,1016.064,2008-07-09,1004.9,1004.9,2008-07-21,1018.0,1018.0,4837986.0,8708.0,4883427.0,8806.0,0.0,45441.0,24321.0,12
1,1008.0,1016.064,2008-07-24,1007.1,1007.1,2008-08-04,1017.4,1017.4,4849926.0,8730.0,4881906.0,8803.0,0.0,31980.0,10783.0,11
2,1016.064,1024.1925,2008-07-09,1004.9,1004.9,2008-08-08,1027.9,1027.9,2418993.0,4354.0,2465459.0,4446.0,0.0,46466.0,35949.0,30
3,1024.1925,1032.3861,2008-07-09,1004.9,1004.9,2008-08-12,1034.7,1034.7,2418993.0,4354.0,2481769.0,4475.0,0.0,62776.0,52288.0,34
4,1032.3861,1040.6451,2008-07-09,1004.9,1004.9,2008-08-18,1046.9,1046.9,2418993.0,4354.0,2511031.0,4528.0,0.0,92038.0,81603.0,40
5,1040.6451,1048.9703,2008-07-08,1032.7,1032.7,2008-08-19,1049.4,1049.4,2426353.0,4367.0,2456722.0,4430.0,0.0,30369.0,19791.0,42
6,1048.9703,1057.3621,2005-10-26,1042.5,1042.5,2008-08-22,1062.5,1062.5,5701913.0,10263.0,5790401.0,10442.0,0.0,88487.0,63659.0,1031
7,1057.3621,1065.821,2005-01-07,1051.1,1051.1,2008-08-25,1078.9,1078.9,5264975.0,9477.0,5384788.0,9710.0,0.0,119813.0,96956.0,1326
30,1270.0358,1280.1961,2008-11-03,1262.0,1262.0,2008-11-04,1288.0,1288.0,1237755.0,2228.0,1258711.0,2270.0,0.0,20957.0,15570.0,1
30,1270.0358,1280.1961,2008-11-05,1266.0,1266.0,2008-11-06,1331.0,1331.0,1238386.0,2229.0,1297285.0,2339.0,0.0,58899.0,53579.0,1
31,1280.1961,1290.4377,2008-11-03,1262.0,1262.0,2008-11-06,1331.0,1331.0,1237755.0,2228.0,1300734.0,2346.0,0.0,62979.0,57668.0,3
32,1290.4377,1300.7612,2008-11-03,1262.0,1262.0,2008-11-06,1331.0,1331.0,1237755.0,2228.0,1300734.0,2346.0,0.0,62979.0,57668.0,3
32,1290.4377,1300.7612,2008-12-19,1290.0,1290.0,2008-12-22,1309.0,1309.0,1081897.0,1947.0,1093884.0,1973.0,0.0,11986.0,7267.0,3
33,1300.7612,1311.1672,2008-12-18,1292.0,1292.0,2008-12-23,1338.0,1338.0,1081996.0,1948.0,1116489.0,2013.0,0.0,34493.0,29813.0,5
34,1311.1672,1321.6566,2008-12-18,1292.0,1292.0,2008-12-23,1338.0,1338.0,1081996.0,1948.0,1116489.0,2013.0,0.0,34493.0,29813.0,5
35,1321.6566,1332.2298,2008-12-18,1292.0,1292.0,2008-12-23,1338.0,1338.0,1081996.0,1948.0,1116489.0,2013.0,0.0,34493.0,29813.0,5
29,1259.9562,1270.0358,2008-12-30,1259.5,1259.5,2009-01-02,1321.0,1321.0,1081372.0,1946.0,1130095.0,2038.0,0.0,48723.0,44072.0,3
30,1270.0358,1280.1961,2008-12-29,1263.0,1263.0,2009-01-02,1321.0,1321.0,1081676.0,1947.0,1127280.0,2033.0,0.0,45604.0,40946.0,4
31,1280.1961,1290.4377,2008-12-29,1263.0,1263.0,2009-01-02,1321.0,1321.0,1081676.0,1947.0,1127280.0,2033.0,0.0,45604.0,40946.0,4
32,1290.4377,1300.7612,2008-12-29,1263.0,1263.0,2009-01-02,1321.0,1321.0,1081676.0,1947.0,1127280.0,2033.0,0.0,45604.0,40946.0,4
33,1300.7612,1311.1672,2008-12-26,1299.0,1299.0,2009-01-02,1321.0,1321.0,1084094.0,1951.0,1098489.0,1981.0,0.0,14395.0,9670.0,7
33,1300.7612,1311.1672,2009-01-07,1292.5,1292.5,2009-01-08,1333.0,1333.0,1086094.0,1955.0,1116098.0,2013.0,0.0,30004.0,25298.0,1
34,1311.1672,1321.6566,2008-12-24,1306.5,1306.5,2009-01-08,1333.0,1333.0,1084434.0,1952.0,1102450.0,1988.0,0.0,18016.0,13296.0,15
35,1321.6566,1332.2298,2008-12-24,1306.5,1306.5,2009-01-08,1333.0,1333.0,1084434.0,1952.0,1102450.0,1988.0,0.0,18016.0,13296.0,15
36,1332.2298,1342.8877,2008-12-17,1325.0,1325.0,2009-01-09,1343.0,1343.0,1083634.0,1951.0,1094405.0,1973.0,0.0,10771.0,6041.0,23
37,1342.8877,1353.6308,2008-12-17,1325.0,1325.0,2009-01-12,1359.0,1359.0,1083634.0,1951.0,1107443.0,1997.0,0.0,23809.0,19103.0,26
38,1353.6308,1364.4598,2008-12-16,1349.6,1349.6,2009-01-15,1392.0,1392.0,1084441.0,1952.0,1114488.0,2010.0,0.0,30047.0,25348.0,30
39,1364.4598,1375.3755,2008-12-11,1358.5,1358.5,2009-01-15,1392.0,1392.0,1084127.0,1951.0,1106866.0,1996.0,0.0,22739.0,18029.0,35
40,1375.3755,1386.3785,2008-12-11,1358.5,1358.5,2009-01-15,1392.0,1392.0,1084127.0,1951.0,1106866.0,1996.0,0.0,22739.0,18029.0,35
39,1364.4598,1375.3755,2009-01-16,1358.0,1358.0,2009-01-22,1378.0,1378.0,1091632.0,1965.0,1103725.0,1990.0,0.0,12093.0,7331.0,6
40,1375.3755,1386.3785,2009-01-16,1358.0,1358.0,2009-01-23,1390.9,1390.9,1091632.0,1965.0,1114057.0,2009.0,0.0,22425.0,17682.0,7
41,1386.3785,1397.4695,2008-12-11,1358.5,1358.5,2009-02-12,1404.5,1404.5,1084127.0,1951.0,1116805.0,2014.0,0.0,32678.0,27986.0,63
42,1397.4695,1408.6493,2008-12-10,1393.8,1393.8,2009-02-16,1427.5,1427.5,1084268.0,1952.0,1106490.0,1995.0,0.0,22222.0,17510.0,68
43,1408.6493,1419.9185,2009-03-17,1408.5,1408.5,2009-03-18,1421.5,1421.5,1038622.0,1870.0,1044438.0,1883.0,0.0,5816.0,1275.0,1
42,1397.4695,1408.6493,2009-03-19,1396.0,1396.0,2009-03-20,1412.5,1412.5,1038598.0,1869.0,1047094.0,1888.0,0.0,8496.0,3960.0,1
36,1332.2298,1342.8877,2009-03-26,1330.5,1330.5,2009-03-27,1348.0,1348.0,1036545.0,1866.0,1046401.0,1887.0,0.0,9856.0,5332.0,1
37,1342.8877,1353.6308,2009-03-26,1330.5,1330.5,2009-03-30,1391.5,1391.5,1036545.0,1866.0,1080168.0,1948.0,0.0,43624.0,39160.0,4
38,1353.6308,1364.4598,2009-03-26,1330.5,1330.5,2009-03-30,1391.5,1391.5,1036545.0,1866.0,1080168.0,1948.0,0.0,43624.0,39160.0,4
39,1364.4598,1375.3755,2009-03-25,1363.0,1363.0,2009-03-30,1391.5,1391.5,1038011.0,1868.0,1055904.0,1904.0,0.0,17893.0,13376.0,5
40,1375.3755,1386.3785,2009-03-25,1363.0,1363.0,2009-03-30,1391.5,1391.5,1038011.0,1868.0,1055904.0,1904.0,0.0,17893.0,13376.0,5
34,1311.1672,1321.6566,2009-04-06,1309.5,1309.5,2009-04-07,1322.5,1322.5,1010526.0,1819.0,1016887.0,1834.0,0.0,6361.0,1944.0,1
35,1321.6566,1332.2298,2009-04-06,1309.5,1309.5,2009-04-08,1354.5,1354.5,1010526.0,1819.0,1041492.0,1878.0,0.0,30966.0,26594.0,2
36,1332.2298,1342.8877,2009-04-06,1309.5,1309.5,2009-04-08,1354.5,1354.5,1010526.0,1819.0,1041492.0,1878.0,0.0,30966.0,26594.0,2
37,1342.8877,1353.6308,2009-04-02,1334.5,1334.5,2009-04-08,1354.5,1354.5,1011806.0,1821.0,1023276.0,1845.0,0.0,11470.0,7057.0,6
36,1332.2298,1342.8877,2009-04-09,1322.5,1322.5,2009-04-21,1349.5,1349.5,1012213.0,1822.0,1029163.0,1856.0,0.0,16950.0,12545.0,12
37,1342.8877,1353.6308,2009-04-09,1322.5,1322.5,2009-04-28,1356.8,1356.8,1012213.0,1822.0,1034731.0,1866.0,0.0,22517.0,18122.0,19
27,1240.0362,1249.9565,2009-05-11,1237.9,1237.9,2009-05-14,1267.2,1267.2,2013689.0,3625.0,2053937.0,3704.0,0.0,40248.0,31496.0,3
28,1249.9565,1259.9562,2009-05-08,1247.0,1247.0,2009-05-14,1267.2,1267.2,1007801.0,1814.0,1020443.0,1840.0,0.0,12642.0,8248.0,6
28,1249.9565,1259.9562,2009-05-19,1249.5,1249.5,2009-05-26,1263.0,1263.0,1009081.0,1816.0,1016314.0,1833.0,0.0,7234.0,2825.0,7
27,1240.0362,1249.9565,2009-06-01,1237.2,1237.2,2009-06-04,1251.0,1251.0,2016431.0,3630.0,2031590.0,3663.0,0.0,15158.0,6349.0,3
28,1249.9565,1259.9562,2009-06-01,1237.2,1237.2,2009-06-09,1265.0,1265.0,1008216.0,1815.0,1027163.0,1852.0,0.0,18947.0,14563.0,8
28,1249.9565,1259.9562,2009-06-10,1246.7,1246.7,2009-06-15,1262.0,1262.0,1010029.0,1818.0,1018747.0,1837.0,0.0,8718.0,4307.0,5
29,1259.9562,1270.0358,2009-05-08,1247.0,1247.0,2009-06-22,1274.5,1274.5,1007801.0,1814.0,1026321.0,1851.0,0.0,18520.0,14137.0,45
30,1270.0358,1280.1961,2009-05-07,1262.3,1262.3,2009-06-23,1290.8,1290.8,1009368.0,1817.0,1028445.0,1855.0,0.0,19077.0,14688.0,47
31,1280.1961,1290.4377,2009-05-04,1272.5,1272.5,2009-06-23,1290.8,1290.8,1010226.0,1818.0,1021068.0,1841.0,0.0,10842.0,6435.0,50
30,1270.0358,1280.1961,2009-07-01,1267.7,1267.7,2009-07-10,1282.7,1282.7,1013562.0,1824.0,1021867.0,1843.0,0.0,8304.0,3877.0,9
31,1280.1961,1290.4377,2009-06-30,1273.9,1273.9,2009-07-13,1315.0,1315.0,1014373.0,1826.0,1043334.0,1881.0,0.0,28961.0,24568.0,13
32,1290.4377,1300.7612,2009-04-30,1282.0,1282.0,2009-07-13,1315.0,1315.0,1011237.0,1820.0,1033536.0,1864.0,0.0,22299.0,17908.0,74
33,1300.7612,1311.1672,2009-04-30,1282.0,1282.0,2009-07-13,1315.0,1315.0,1011237.0,1820.0,1033536.0,1864.0,0.0,22299.0,17908.0,74
25,1220.4312,1230.1947,2009-08-04,1218.0,1218.0,2009-08-11,1239.0,1239.0,2018937.0,3634.0,2046359.0,3690.0,0.0,27422.0,18624.0,7
26,1230.1947,1240.0362,2009-07-31,1228.5,1228.5,2009-08-12,1246.5,1246.5,2022208.0,3640.0,2044457.0,3687.0,0.0,22249.0,13428.0,12
27,1240.0362,1249.9565,2009-07-28,1236.5,1236.5,2009-08-17,1256.9,1256.9,2024088.0,3643.0,2050082.0,3697.0,0.0,25994.0,17170.0,20
19,1163.4564,1172.764,2009-10-15,1155.0,1155.0,2009-10-21,1179.0,1179.0,2001648.0,3603.0,2035892.0,3671.0,0.0,34244.0,25533.0,6
20,1172.764,1182.1462,2009-10-06,1170.3,1170.3,2009-10-22,1190.0,1190.0,2007893.0,3614.0,2034349.0,3668.0,0.0,26456.0,17704.0,16
21,1182.1462,1191.6033,2009-09-30,1178.1,1178.1,2009-10-28,1195.4,1195.4,2011226.0,3620.0,2033421.0,3667.0,0.0,22194.0,13420.0,28
18,1154.2226,1163.4564,2009-11-17,1154.1,1154.1,2009-11-27,1175.5,1175.5,2005314.0,3610.0,2035151.0,3670.0,0.0,29837.0,21103.0,10
19,1163.4564,1172.764,2009-11-09,1161.0,1161.0,2009-11-27,1175.5,1175.5,2007969.0,3614.0,2025734.0,3653.0,0.0,17766.0,8998.0,18
18,1154.2226,1163.4564,2009-12-02,1154.0,1154.0,2009-12-10,1165.5,1165.5,2007105.0,3613.0,2019815.0,3642.0,0.0,12710.0,3938.0,8
19,1163.4564,1172.764,2009-11-30,1162.8,1162.8,2009-12-17,1177.9,1177.9,2011791.0,3621.0,2030586.0,3662.0,0.0,18795.0,10013.0,17
20,1172.764,1182.1462,2009-11-06,1168.0,1168.0,2009-12-21,1183.7,1183.7,2010980.0,3620.0,2030681.0,3662.0,0.0,19701.0,10924.0,45
15,1126.9587,1135.9743,2010-01-11,1119.8,1119.8,2010-01-20,1138.2,1138.2,1992962.0,3587.0,2018424.0,3640.0,0.0,25461.0,16773.0,9
16,1135.9743,1145.0621,2010-01-07,1135.4,1135.4,2010-01-22,1151.0,1151.0,2001768.0,3603.0,2021972.0,3646.0,0.0,20205.0,11469.0,15
17,1145.0621,1154.2226,2010-01-05,1140.5,1140.5,2010-01-26,1163.3,1163.3,2004522.0,3608.0,2037241.0,3674.0,0.0,32719.0,23993.0,21
18,1154.2226,1163.4564,2010-01-05,1140.5,1140.5,2010-02-01,1169.5,1169.5,2004522.0,3608.0,2048099.0,3693.0,0.0,43577.0,34871.0,27
18,1154.2226,1163.4564,2010-02-03,1149.0,1149.0,2010-02-05,1169.9,1169.9,2013369.0,3624.0,2042618.0,3683.0,0.0,29249.0,20479.0,2
17,1145.0621,1154.2226,2010-02-17,1142.2,1142.2,2010-02-19,1160.4,1160.4,2011659.0,3621.0,2036363.0,3672.0,0.0,24703.0,15932.0,2
13,1109.1414,1118.0145,2010-04-15,1107.5,1107.5,2010-04-19,1118.1,1118.1,1995613.0,3592.0,2007467.0,3620.0,0.0,11854.0,3130.0,4
13,1109.1414,1118.0145,2010-04-21,1107.8,1107.8,2010-04-28,1118.7,1118.7,1996502.0,3594.0,2008895.0,3623.0,0.0,12393.0,3666.0,7
13,1109.1414,1118.0145,2010-04-30,1108.4,1108.4,2010-05-03,1118.6,1118.6,1997839.0,3596.0,2008972.0,3623.0,0.0,11133.0,2398.0,3
14,1118.0145,1126.9587,2010-04-12,1114.1,1114.1,2010-05-06,1141.3,1141.3,1999701.0,3599.0,2041154.0,3681.0,0.0,41453.0,32765.0,24
15,1126.9587,1135.9743,2010-04-01,1126.4,1126.4,2010-05-06,1141.3,1141.3,2006362.0,3611.0,2025590.0,3653.0,0.0,19228.0,10470.0,35
16,1135.9743,1145.0621,2010-03-08,1132.6,1132.6,2010-05-07,1155.4,1155.4,2008134.0,3615.0,2041191.0,3681.0,0.0,33057.0,24316.0,60
17,1145.0621,1154.2226,2010-03-04,1144.6,1144.6,2010-05-07,1155.4,1155.4,2014459.0,3626.0,2026152.0,3654.0,0.0,11694.0,2887.0,64
16,1135.9743,1145.0621,2010-05-10,1132.1,1132.1,2010-05-17,1153.8,1153.8,2015528.0,3628.0,2046774.0,3691.0,0.0,31245.0,22469.0,7
17,1145.0621,1154.2226,2010-05-10,1132.1,1132.1,2010-05-19,1165.1,1165.1,2015528.0,3628.0,2066819.0,3727.0,0.0,51291.0,42550.0,9
18,1154.2226,1163.4564,2010-02-12,1151.3,1151.3,2010-05-19,1165.1,1165.1,2015981.0,3629.0,2032807.0,3666.0,0.0,16827.0,8022.0,96
19,1163.4564,1172.764,2010-01-04,1154.8,1154.8,2010-05-20,1194.1,1194.1,2011575.0,3621.0,2072551.0,3737.0,0.0,60976.0,52271.0,136
20,1172.764,1182.1462,2009-12-28,1170.2,1170.2,2010-05-20,1194.1,1194.1,2018620.0,3634.0,2052439.0,3701.0,0.0,33819.0,25034.0,143
21,1182.1462,1191.6033,2009-11-03,1182.0,1182.0,2010-05-20,1194.1,1194.1,2016840.0,3630.0,2030158.0,3661.0,0.0,13318.0,4503.0,198
22,1191.6033,1201.1362,2009-09-25,1186.1,1186.1,2010-05-24,1214.5,1214.5,2014019.0,3625.0,2054825.0,3705.0,0.0,40806.0,32054.0,241
23,1201.1362,1210.7452,2009-09-23,1194.4,1194.4,2010-05-24,1214.5,1214.5,2017012.0,3631.0,2043578.0,3685.0,0.0,26567.0,17775.0,243
24,1210.7452,1220.4312,2009-09-17,1204.8,1204.8,2010-05-25,1250.0,1250.0,2020066.0,3636.0,2088314.0,3766.0,0.0,68248.0,59518.0,250
25,1220.4312,1230.1947,2009-09-15,1218.5,1218.5,2010-05-25,1250.0,1250.0,2024320.0,3644.0,2069182.0,3731.0,0.0,44862.0,36072.0,252
26,1230.1947,1240.0362,2009-09-09,1227.0,1227.0,2010-05-25,1250.0,1250.0,2026223.0,3647.0,2056780.0,3709.0,0.0,30557.0,21732.0,258
27,1240.0362,1249.9565,2009-08-24,1240.0,1240.0,2010-05-25,1250.0,1250.0,2028457.0,3651.0,2037461.0,3674.0,0.0,9004.0,131.0,274
23,1201.1362,1210.7452,2010-05-28,1194.9,1194.9,2010-06-01,1216.5,1216.5,2055647.0,3700.0,2085280.0,3760.0,0.0,29632.0,20677.0,4
23,1201.1362,1210.7452,2010-06-03,1197.5,1197.5,2010-06-07,1235.9,1235.9,2057131.0,3703.0,2115461.0,3815.0,0.0,58329.0,49419.0,4
24,1210.7452,1220.4312,2010-05-28,1194.9,1194.9,2010-06-07,1235.9,1235.9,2055647.0,3700.0,2118534.0,3820.0,0.0,62887.0,53992.0,10
25,1220.4312,1230.1947,2010-05-28,1194.9,1194.9,2010-06-07,1235.9,1235.9,2055647.0,3700.0,2118534.0,3820.0,0.0,62887.0,53992.0,10
26,1230.1947,1240.0362,2010-05-27,1224.0,1224.0,2010-06-09,1248.7,1248.7,2064256.0,3716.0,2098337.0,3784.0,0.0,34082.0,25097.0,13
27,1240.0362,1249.9565,2010-05-27,1224.0,1224.0,2010-06-10,1251.0,1251.0,2064256.0,3716.0,2102202.0,3791.0,0.0,37947.0,28969.0,14
20,1172.764,1182.1462,2010-06-21,1172.0,1172.0,2010-06-23,1187.5,1187.5,2053756.0,3697.0,2073433.0,3739.0,0.0,19677.0,10712.0,2
21,1182.1462,1191.6033,2010-06-21,1172.0,1172.0,2010-06-25,1215.4,1215.4,2053756.0,3697.0,2122148.0,3827.0,0.0,68392.0,59515.0,4
22,1191.6033,1201.1362,2010-06-21,1172.0,1172.0,2010-06-25,1215.4,1215.4,2053756.0,3697.0,2122148.0,3827.0,0.0,68392.0,59515.0,4
23,1201.1362,1210.7452,2010-06-21,1172.0,1172.0,2010-06-25,1215.4,1215.4,2053756.0,3697.0,2122148.0,3827.0,0.0,68392.0,59515.0,4
24,1210.7452,1220.4312,2010-06-18,1202.6,1202.6,2010-06-30,1222.2,1222.2,2064337.0,3716.0,2090435.0,3770.0,0.0,26099.0,17099.0,12
23,1201.1362,1210.7452,2010-07-09,1196.0,1196.0,2010-07-13,1212.5,1212.5,2067696.0,3722.0,2088682.0,3766.0,0.0,20986.0,11963.0,4
19,1163.4564,1172.764,2010-08-06,1161.8,1161.8,2010-08-11,1182.5,1182.5,2055303.0,3700.0,2084399.0,3759.0,0.0,29096.0,20141.0,5
20,1172.764,1182.1462,2010-08-02,1172.5,1172.5,2010-08-11,1182.5,1182.5,2060013.0,3708.0,2070110.0,3733.0,0.0,10097.0,1087.0,9
20,1172.764,1182.1462,2010-08-19,1172.7,1172.7,2010-08-20,1183.0,1183.0,2062514.0,3713.0,2073146.0,3738.0,0.0,10632.0,1612.0,1
21,1182.1462,1191.6033,2010-07-27,1181.5,1181.5,2010-08-25,1196.0,1196.0,2063961.0,3715.0,2081777.0,3754.0,0.0,17815.0,8802.0,29
14,1118.0145,1126.9587,2010-10-06,1118.0,1118.0,2010-10-12,1131.5,1131.5,2037339.0,3667.0,2054524.0,3705.0,0.0,17185.0,8287.0,6
14,1118.0145,1126.9587,2010-10-14,1110.9,1110.9,2010-10-19,1130.5,1130.5,2033932.0,3661.0,2062373.0,3719.0,0.0,28441.0,19579.0,5
14,1118.0145,1126.9587,2010-10-25,1116.3,1116.3,2010-10-27,1128.0,1128.0,2038824.0,3670.0,2052783.0,3702.0,0.0,13959.0,5049.0,2
13,1109.1414,1118.0145,2010-11-04,1107.5,1107.5,2010-11-12,1127.8,1127.8,2087203.0,3757.0,2117816.0,3819.0,0.0,30613.0,21521.0,8
14,1118.0145,1126.9587,2010-11-01,1116.6,1116.6,2010-11-12,1127.8,1127.8,2093129.0,3768.0,2106520.0,3799.0,0.0,13391.0,4242.0,11
15,1126.9587,1135.9743,2010-10-04,1122.3,1122.3,2010-11-17,1144.9,1144.9,2039906.0,3672.0,2073499.0,3739.0,0.0,33593.0,24714.0,44
15,1126.9587,1135.9743,2010-11-22,1125.7,1125.7,2010-11-23,1137.5,1137.5,2102336.0,3784.0,2116733.0,3817.0,0.0,14397.0,5209.0,1
16,1135.9743,1145.0621,2010-10-01,1130.4,1130.4,2010-11-26,1159.5,1159.5,2044499.0,3680.0,2089588.0,3768.0,0.0,45089.0,36210.0,56
17,1145.0621,1154.2226,2010-09-29,1142.0,1142.0,2010-11-26,1159.5,1159.5,2051384.0,3692.0,2075328.0,3742.0,0.0,23944.0,14997.0,58
16,1135.9743,1145.0621,2010-12-06,1133.2,1133.2,2010-12-08,1146.0,1146.0,2128160.0,3831.0,2144457.0,3867.0,0.0,16298.0,7001.0,2
17,1145.0621,1154.2226,2010-12-03,1138.5,1138.5,2010-12-15,1154.8,1154.8,2131007.0,3836.0,2153743.0,3884.0,0.0,22735.0,13438.0,12
13,1109.1414,1118.0145,2011-02-07,1107.5,1107.5,2011-02-11,1128.6,1128.6,2215729.0,3988.0,2249822.0,4057.0,0.0,34093.0,24444.0,4
14,1118.0145,1126.9587,2011-01-13,1114.2,1114.2,2011-02-11,1128.6,1128.6,2218270.0,3993.0,2238857.0,4037.0,0.0,20587.0,10903.0,29
14,1118.0145,1126.9587,2011-02-17,1117.4,1117.4,2011-02-22,1127.6,1127.6,2225022.0,4005.0,2237257.0,4034.0,0.0,12235.0,2506.0,5
14,1118.0145,1126.9587,2011-03-04,1114.6,1114.6,2011-03-14,1129.7,1129.7,3640311.0,6553.0,3676358.0,6629.0,0.0,36046.0,20158.0,10
8,1065.821,1074.3475,2011-05-02,1065.0,1065.0,2011-05-04,1074.9,1074.9,3979161.0,7162.0,4001705.0,7216.0,0.0,22544.0,5147.0,2
9,1074.3475,1082.9423,2011-04-28,1071.2,1071.2,2011-05-06,1083.2,1083.2,3700471.0,6661.0,3728467.0,6723.0,0.0,27995.0,11829.0,8
10,1082.9423,1091.6058,2011-04-20,1082.2,1082.2,2011-05-23,1097.9,1097.9,3717661.0,6692.0,3758030.0,6777.0,0.0,40368.0,24149.0,33
11,1091.6058,1100.3387,2011-04-01,1091.1,1091.1,2011-05-25,1101.8,1101.8,3728226.0,6711.0,3751246.0,6764.0,0.0,23020.0,6723.0,54
9,1074.3475,1082.9423,2011-06-22,1073.9,1073.9,2011-06-27,1085.6,1085.6,4009342.0,7217.0,4038445.0,7282.0,0.0,29104.0,11586.0,5
7,1057.3621,1065.821,2011-07-08,1057.0,1057.0,2011-07-12,1066.5,1066.5,3978965.0,7162.0,4000287.0,7214.0,0.0,21322.0,3923.0,4
7,1057.3621,1065.821,2011-07-20,1055.3,1055.3,2011-08-05,1067.4,1067.4,3978321.0,7161.0,4009463.0,7230.0,0.0,31142.0,13764.0,16
8,1065.821,1074.3475,2011-07-04,1063.5,1063.5,2011-08-08,1082.5,1082.5,3991983.0,7186.0,4048687.0,7301.0,0.0,56704.0,39312.0,35
9,1074.3475,1082.9423,2011-06-30,1067.7,1067.7,2011-08-09,1088.1,1088.1,4000576.0,7201.0,4062349.0,7325.0,0.0,61773.0,44352.0,40
9,1074.3475,1082.9423,2011-08-16,1070.0,1070.0,2011-08-19,1087.4,1087.4,4307835.0,7754.0,4362142.0,7866.0,0.0,54306.0,35526.0,3
8,1065.821,1074.3475,2011-09-01,1061.3,1061.3,2011-09-06,1074.9,1074.9,4568293.0,8223.0,4610192.0,8313.0,0.0,41899.0,21954.0,5
9,1074.3475,1082.9423,2011-08-29,1074.0,1074.0,2011-09-14,1107.8,1107.8,4320484.0,7777.0,4440426.0,8007.0,0.0,119942.0,101224.0,16
10,1082.9423,1091.6058,2011-05-27,1082.5,1082.5,2011-09-14,1107.8,1107.8,4020985.0,7238.0,4100162.0,7394.0,0.0,79177.0,61699.0,110
11,1091.6058,1100.3387,2011-05-26,1088.3,1088.3,2011-09-14,1107.8,1107.8,4030893.0,7256.0,4088360.0,7372.0,0.0,57467.0,39906.0,111
12,1100.3387,1109.1414,2011-03-31,1096.7,1096.7,2011-09-15,1116.4,1116.4,3624161.0,6523.0,3675992.0,6629.0,0.0,51831.0,36042.0,168
13,1109.1414,1118.0145,2011-03-30,1104.2,1104.2,2011-09-19,1137.0,1137.0,3634044.0,6541.0,3728533.0,6723.0,0.0,94489.0,78734.0,173
14,1118.0145,1126.9587,2011-03-25,1114.2,1114.2,2011-09-19,1137.0,1137.0,3645385.0,6562.0,3706601.0,6684.0,0.0,61216.0,45351.0,178
15,1126.9587,1135.9743,2011-01-03,1126.5,1126.5,2011-09-19,1137.0,1137.0,2225667.0,4006.0,2238333.0,4036.0,0.0,12665.0,2935.0,259
16,1135.9743,1145.0621,2010-12-30,1134.8,1134.8,2011-09-20,1148.4,1148.4,2132588.0,3839.0,2150384.0,3878.0,0.0,17796.0,8482.0,264
17,1145.0621,1154.2226,2010-12-30,1134.8,1134.8,2011-09-22,1179.8,1179.8,2132588.0,3839.0,2209180.0,3984.0,0.0,76592.0,67385.0,266
18,1154.2226,1163.4564,2010-09-27,1148.2,1148.2,2011-09-22,1179.8,1179.8,2054555.0,3698.0,2103506.0,3793.0,0.0,48951.0,40035.0,360
19,1163.4564,1172.764,2010-09-13,1160.8,1160.8,2011-09-22,1179.8,1179.8,2059532.0,3707.0,2085713.0,3761.0,0.0,26182.0,17203.0,374
20,1172.764,1182.1462,2010-09-06,1171.2,1171.2,2011-09-26,1195.8,1195.8,2063785.0,3715.0,2099554.0,3786.0,0.0,35769.0,26789.0,385
21,1182.1462,1191.6033,2010-09-02,1180.5,1180.5,2011-09-26,1195.8,1195.8,2067542.0,3722.0,2086805.0,3763.0,0.0,19264.0,10238.0,389
20,1172.764,1182.1462,2011-09-28,1171.2,1171.2,2011-10-04,1194.0,1194.0,4777394.0,8599.0,4852879.0,8751.0,0.0,75485.0,54685.0,6
21,1182.1462,1191.6033,2011-09-27,1173.1,1173.1,2011-10-04,1194.0,1194.0,3186164.0,5735.0,3231265.0,5827.0,0.0,45101.0,31219.0,7
16,1135.9743,1145.0621,2011-10-19,1131.9,1131.9,2011-10-21,1147.4,1147.4,4732116.0,8518.0,4779663.0,8619.0,0.0,47547.0,26895.0,2
13,1109.1414,1118.0145,2011-10-28,1104.9,1104.9,2011-11-02,1121.8,1121.8,4682232.0,8428.0,4736751.0,8542.0,0.0,54519.0,34098.0,5
14,1118.0145,1126.9587,2011-10-27,1115.2,1115.2,2011-11-03,1129.9,1129.9,4704818.0,8469.0,4749689.0,8565.0,0.0,44871.0,24334.0,7
14,1118.0145,1126.9587,2011-11-04,1110.7,1110.7,2011-11-10,1134.2,1134.2,4699932.0,8460.0,4782110.0,8623.0,0.0,82178.0,61730.0,6
15,1126.9587,1135.9743,2011-10-27,1115.2,1115.2,2011-11-16,1136.6,1136.6,4704818.0,8469.0,4777854.0,8616.0,0.0,73036.0,52549.0,20
16,1135.9743,1145.0621,2011-10-24,1134.4,1134.4,2011-11-22,1145.3,1145.3,4739458.0,8531.0,4767787.0,8597.0,0.0,28329.0,7610.0,29
17,1145.0621,1154.2226,2011-10-17,1140.5,1140.5,2011-11-24,1158.5,1158.5,4746564.0,8544.0,4804136.0,8663.0,0.0,57571.0,36874.0,38
18,1154.2226,1163.4564,2011-10-17,1140.5,1140.5,2011-11-25,1164.8,1164.8,4746564.0,8544.0,4830261.0,8710.0,0.0,83696.0,63046.0,39
15,1126.9587,1135.9743,2011-12-01,1126.1,1126.1,2011-12-09,1146.5,1146.5,4747947.0,8546.0,4816572.0,8685.0,0.0,68625.0,47942.0,8
16,1135.9743,1145.0621,2011-12-01,1126.1,1126.1,2011-12-09,1146.5,1146.5,4747947.0,8546.0,4816572.0,8685.0,0.0,68625.0,47942.0,8
17,1145.0621,1154.2226,2011-11-30,1143.0,1143.0,2011-12-14,1156.2,1156.2,4777403.0,8599.0,4815194.0,8683.0,0.0,37790.0,16922.0,14
18,1154.2226,1163.4564,2011-11-29,1145.4,1145.4,2011-12-19,1174.8,1174.8,4781066.0,8606.0,4886148.0,8811.0,0.0,105082.0,84319.0,20
19,1163.4564,1172.764,2011-10-13,1155.9,1155.9,2011-12-19,1174.8,1174.8,4766429.0,8580.0,4826941.0,8704.0,0.0,60511.0,39732.0,67
18,1154.2226,1163.4564,2011-12-21,1147.7,1147.7,2012-01-09,1163.6,1163.6,4801052.0,8642.0,4850057.0,8746.0,0.0,49005.0,28054.0,19
14,1118.0145,1126.9587,2012-02-08,1115.8,1115.8,2012-02-16,1131.9,1131.9,4755453.0,8560.0,4806719.0,8668.0,0.0,51266.0,30518.0,8
14,1118.0145,1126.9587,2012-03-02,1115.5,1115.5,2012-03-15,1127.8,1127.8,4761280.0,8570.0,4796465.0,8649.0,0.0,35186.0,14384.0,13
15,1126.9587,1135.9743,2012-01-25,1125.9,1125.9,2012-03-26,1141.6,1141.6,4773749.0,8593.0,4822907.0,8697.0,0.0,49158.0,28326.0,61
15,1126.9587,1135.9743,2012-04-03,1121.8,1121.8,2012-04-09,1138.2,1138.2,6547679.0,11786.0,6619507.0,11937.0,0.0,71828.0,43263.0,6
16,1135.9743,1145.0621,2012-01-20,1134.3,1134.3,2012-05-11,1146.6,1146.6,4788166.0,8619.0,4822679.0,8696.0,0.0,34513.0,13592.0,112
17,1145.0621,1154.2226,2012-01-18,1141.8,1141.8,2012-05-16,1165.7,1165.7,4800478.0,8641.0,4883333.0,8806.0,0.0,82855.0,61967.0,119
18,1154.2226,1163.4564,2012-01-13,1148.3,1148.3,2012-05-16,1165.7,1165.7,4809158.0,8656.0,4864471.0,8772.0,0.0,55313.0,34337.0,124
19,1163.4564,1172.764,2011-12-20,1162.2,1162.2,2012-05-18,1172.8,1172.8,4820639.0,8677.0,4847109.0,8741.0,0.0,26470.0,5392.0,150
19,1163.4564,1172.764,2012-05-22,1163.2,1163.2,2012-05-23,1172.9,1172.9,5509576.0,9917.0,5535539.0,9982.0,0.0,25963.0,1865.0,1
20,1172.764,1182.1462,2011-10-10,1171.4,1171.4,2012-05-25,1185.5,1185.5,4784237.0,8612.0,4824409.0,8700.0,0.0,40172.0,19279.0,228
16,1135.9743,1145.0621,2012-07-04,1135.8,1135.8,2012-07-12,1151.5,1151.5,5477269.0,9859.0,5533008.0,9977.0,0.0,55739.0,31836.0,8
15,1126.9587,1135.9743,2012-08-01,1126.5,1126.5,2012-08-28,1136.7,1136.7,5466439.0,9840.0,5496096.0,9911.0,0.0,29657.0,5754.0,27
7,1057.3621,1065.821,2013-01-11,1054.7,1054.7,2013-01-23,1066.2,1066.2,8051340.0,14492.0,8109854.0,14624.0,0.0,58514.0,23336.0,12
8,1065.821,1074.3475,2013-01-02,1063.5,1063.5,2013-01-25,1074.5,1074.5,8110301.0,14599.0,8164715.0,14723.0,0.0,54414.0,18970.0,23
9,1074.3475,1082.9423,2012-12-13,1073.0,1073.0,2013-01-28,1093.5,1093.5,8167785.0,14702.0,8293895.0,14956.0,0.0,126109.0,90543.0,46
10,1082.9423,1091.6058,2012-11-20,1082.2,1082.2,2013-01-28,1093.5,1093.5,8217731.0,14792.0,8273672.0,14919.0,0.0,55941.0,20029.0,69
10,1082.9423,1091.6058,2013-01-29,1082.5,1082.5,2013-02-01,1097.4,1097.4,8249068.0,14848.0,8332533.0,15026.0,0.0,83465.0,47466.0,3
10,1082.9423,1091.6058,2013-02-15,1078.3,1078.3,2013-03-04,1093.2,1093.2,8236099.0,14825.0,8319873.0,15003.0,0.0,83774.0,47832.0,17
10,1082.9423,1091.6058,2013-03-06,1082.6,1082.6,2013-03-11,1094.8,1094.8,8267117.0,14881.0,8330211.0,15021.0,0.0,63094.0,26978.0,5
11,1091.6058,1100.3387,2012-10-30,1091.5,1091.5,2013-03-14,1109.0,1109.0,8263594.0,14874.0,8365885.0,15086.0,0.0,102291.0,66262.0,135
12,1100.3387,1109.1414,2012-10-25,1098.2,1098.2,2013-03-15,1110.3,1110.3,5529653.0,9953.0,5570471.0,10045.0,0.0,40818.0,16659.0,141
13,1109.1414,1118.0145,2012-10-16,1107.2,1107.2,2013-03-22,1119.3,1119.3,5554590.0,9998.0,5595096.0,10089.0,0.0,40506.0,16237.0,157
13,1109.1414,1118.0145,2013-03-26,1105.7,1105.7,2013-04-04,1123.8,1123.8,5601771.0,10083.0,5672992.0,10230.0,0.0,71221.0,46801.0,9
14,1118.0145,1126.9587,2012-09-14,1117.2,1117.2,2013-04-05,1131.8,1131.8,5575831.0,10036.0,5628381.0,10149.0,0.0,52550.0,28210.0,203
15,1126.9587,1135.9743,2012-09-12,1126.4,1126.4,2013-04-08,1140.1,1140.1,5598553.0,10077.0,5646265.0,10182.0,0.0,47712.0,23263.0,208
11,1091.6058,1100.3387,2013-05-07,1091.4,1091.4,2013-05-10,1106.1,1106.1,8360536.0,15049.0,8442668.0,15224.0,0.0,82132.0,45641.0,3
12,1100.3387,1109.1414,2013-05-03,1097.1,1097.1,2013-05-13,1111.7,1111.7,5591382.0,10064.0,5645412.0,10180.0,0.0,54031.0,29625.0,10
13,1109.1414,1118.0145,2013-04-29,1107.2,1107.2,2013-05-23,1128.7,1128.7,5621654.0,10119.0,5710205.0,10297.0,0.0,88551.0,64074.0,24
14,1118.0145,1126.9587,2013-04-16,1115.2,1115.2,2013-05-23,1128.7,1128.7,5640978.0,10154.0,5688730.0,10258.0,0.0,47752.0,23117.0,37
14,1118.0145,1126.9587,2013-06-05,1115.8,1115.8,2013-06-10,1127.3,1127.3,5662638.0,10193.0,5700423.0,10279.0,0.0,37785.0,13037.0,5
15,1126.9587,1135.9743,2013-04-15,1120.5,1120.5,2013-06-20,1145.7,1145.7,5654343.0,10178.0,5760715.0,10388.0,0.0,106371.0,81784.0,66
16,1135.9743,1145.0621,2012-07-31,1130.6,1130.6,2013-06-20,1145.7,1145.7,5476967.0,9859.0,5530154.0,9972.0,0.0,53187.0,29280.0,324
17,1145.0621,1154.2226,2012-07-03,1138.3,1138.3,2013-06-21,1154.7,1154.7,5482379.0,9868.0,5541363.0,9992.0,0.0,58984.0,35065.0,353
16,1135.9743,1145.0621,2013-07-01,1132.4,1132.4,2013-07-08,1152.3,1152.3,5473880.0,9853.0,5550040.0,10008.0,0.0,76160.0,52309.0,7
7,1057.3621,1065.821,2013-10-23,1055.8,1055.8,2013-11-11,1072.5,1072.5,8057024.0,14503.0,8155027.0,14706.0,0.0,98004.0,62872.0,19
7,1057.3621,1065.821,2013-11-19,1056.4,1056.4,2014-01-07,1068.3,1068.3,8070300.0,14527.0,8131856.0,14664.0,0.0,61555.0,26299.0,49
7,1057.3621,1065.821,2014-01-13,1056.7,1056.7,2014-01-22,1067.4,1067.4,8082604.0,14549.0,8135082.0,14670.0,0.0,52478.0,17152.0,9
8,1065.821,1074.3475,2013-10-16,1065.5,1065.5,2014-01-24,1080.4,1080.4,8117522.0,14612.0,8201433.0,14789.0,0.0,83911.0,48488.0,100
9,1074.3475,1082.9423,2013-09-23,1073.8,1073.8,2014-01-27,1083.6,1083.6,8162843.0,14693.0,8207713.0,14801.0,0.0,44870.0,9179.0,126
9,1074.3475,1082.9423,2014-01-29,1070.4,1070.4,2014-02-03,1084.5,1084.5,8183950.0,14731.0,8261931.0,14898.0,0.0,77981.0,42256.0,5
8,1065.821,1074.3475,2014-02-12,1062.4,1062.4,2014-02-24,1074.5,1074.5,8142088.0,14656.0,8205203.0,14796.0,0.0,63114.0,27546.0,12
8,1065.821,1074.3475,2014-02-26,1065.4,1065.4,2014-03-20,1076.2,1076.2,8165912.0,14699.0,8219021.0,14821.0,0.0,53110.0,17419.0,22
6,1048.9703,1057.3621,2014-04-09,1041.4,1041.4,2014-10-01,1062.7,1062.7,8015488.0,14428.0,8150011.0,14696.0,0.0,134523.0,99639.0,175
7,1057.3621,1065.821,2014-04-02,1056.6,1056.6,2014-10-06,1069.0,1069.0,8118274.0,14613.0,8184006.0,14758.0,0.0,65732.0,30273.0,187
6,1048.9703,1057.3621,2014-10-29,1047.3,1047.3,2014-10-31,1068.5,1068.5,8270848.0,14888.0,8407921.0,15162.0,0.0,137072.0,101074.0,2
7,1057.3621,1065.821,2014-10-21,1054.7,1054.7,2014-10-31,1068.5,1068.5,5546929.0,9984.0,5599295.0,10097.0,0.0,52366.0,28151.0,10
8,1065.821,1074.3475,2014-03-31,1064.7,1064.7,2014-11-04,1076.5,1076.5,8170447.0,14707.0,8231287.0,14843.0,0.0,60840.0,25144.0,218
9,1074.3475,1082.9423,2014-02-07,1074.3,1074.3,2014-11-05,1083.6,1083.6,8210663.0,14779.0,8251954.0,14880.0,0.0,41291.0,5383.0,271
10,1082.9423,1091.6058,2013-09-16,1082.2,1082.2,2014-11-07,1093.7,1093.7,5470776.0,9847.0,5509025.0,9934.0,0.0,38249.0,14343.0,417
11,1091.6058,1100.3387,2013-09-09,1086.8,1086.8,2014-11-14,1100.5,1100.5,5485213.0,9873.0,5534381.0,9980.0,0.0,49168.0,25218.0,431
12,1100.3387,1109.1414,2013-09-03,1097.9,1097.9,2014-11-20,1115.1,1115.1,5518698.0,9934.0,5584995.0,10071.0,0.0,66297.0,42232.0,443
12,1100.3387,1109.1414,2014-11-27,1098.4,1098.4,2014-12-01,1113.5,1113.5,5734146.0,10321.0,5792067.0,10445.0,0.0,57921.0,32896.0,4
11,1091.6058,1100.3387,2014-12-16,1086.7,1086.7,2014-12-18,1101.5,1101.5,5701643.0,10263.0,5758508.0,10384.0,0.0,56865.0,31981.0,2
12,1100.3387,1109.1414,2014-12-15,1099.1,1099.1,2015-01-05,1109.9,1109.9,5741010.0,10334.0,5776570.0,10417.0,0.0,35560.0,10465.0,21
10,1082.9423,1091.6058,2015-01-12,1081.4,1081.4,2015-01-29,1093.9,1093.9,5689963.0,10242.0,5735032.0,10342.0,0.0,45069.0,20215.0,17
11,1091.6058,1100.3387,2015-01-09,1090.0,1090.0,2015-02-02,1103.3,1103.3,5719088.0,10294.0,5768050.0,10401.0,0.0,48962.0,23987.0,24
11,1091.6058,1100.3387,2015-02-04,1084.1,1084.1,2015-02-12,1110.7,1110.7,5707574.0,10274.0,5826585.0,10507.0,0.0,119011.0,94213.0,8
12,1100.3387,1109.1414,2015-01-06,1098.8,1098.8,2015-02-12,1110.7,1110.7,5746812.0,10344.0,5788156.0,10437.0,0.0,41344.0,16234.0,37
12,1100.3387,1109.1414,2015-02-13,1097.0,1097.0,2015-02-24,1109.9,1109.9,5757507.0,10364.0,5804260.0,10467.0,0.0,46753.0,21605.0,11
12,1100.3387,1109.1414,2015-02-25,1099.0,1099.0,2015-03-09,1112.1,1112.1,5767257.0,10381.0,5815011.0,10486.0,0.0,47755.0,22567.0,12
13,1109.1414,1118.0145,2013-09-02,1100.5,1100.5,2015-03-10,1122.6,1122.6,5526366.0,9947.0,5617069.0,10129.0,0.0,90703.0,66648.0,554
14,1118.0145,1126.9587,2013-07-16,1118.0,1118.0,2015-03-13,1128.5,1128.5,5446860.0,9804.0,5478240.0,9879.0,0.0,31381.0,7567.0,605
9,1074.3475,1082.9423,2015-04-27,1073.0,1073.0,2015-05-07,1089.7,1089.7,5693518.0,10248.0,5761334.0,10389.0,0.0,67816.0,42987.0,10
10,1082.9423,1091.6058,2015-04-20,1079.2,1079.2,2015-05-12,1095.8,1095.8,5715775.0,10288.0,5782819.0,10428.0,0.0,67044.0,42117.0,22
11,1091.6058,1100.3387,2015-04-06,1084.8,1084.8,2015-05-26,1101.0,1101.0,5733599.0,10320.0,5798292.0,10456.0,0.0,64693.0,39683.0,50
12,1100.3387,1109.1414,2015-04-02,1095.5,1095.5,2015-06-01,1110.2,1110.2,5767511.0,10382.0,5823880.0,10502.0,0.0,56369.0,31195.0,60
13,1109.1414,1118.0145,2015-03-24,1104.6,1104.6,2015-06-08,1123.3,1123.3,5794173.0,10430.0,5871070.0,10587.0,0.0,76898.0,51644.0,76
13,1109.1414,1118.0145,2015-06-10,1108.2,1108.2,2015-06-16,1118.6,1118.6,5826749.0,10488.0,5860277.0,10568.0,0.0,33528.0,8053.0,6
12,1100.3387,1109.1414,2015-06-22,1098.8,1098.8,2015-06-25,1110.0,1110.0,5801929.0,10443.0,5839987.0,10531.0,0.0,38058.0,12700.0,3
13,1109.1414,1118.0145,2015-06-18,1107.1,1107.1,2015-06-29,1125.3,1125.3,5826313.0,10487.0,5900793.0,10641.0,0.0,74480.0,49082.0,11
14,1118.0145,1126.9587,2015-03-19,1117.2,1117.2,2015-07-07,1130.2,1130.2,5828033.0,10490.0,5874644.0,10593.0,0.0,46610.0,21154.0,110
15,1126.9587,1135.9743,2013-07-11,1122.1,1122.1,2015-07-08,1136.7,1136.7,5455952.0,9821.0,5507062.0,9931.0,0.0,51110.0,27292.0,727
16,1135.9743,1145.0621,2013-07-10,1135.8,1135.8,2015-07-16,1149.2,1149.2,5485836.0,9875.0,5530593.0,9973.0,0.0,44757.0,20797.0,736
17,1145.0621,1154.2226,2013-06-28,1142.0,1142.0,2015-07-21,1158.3,1158.3,5737557.0,10328.0,5798519.0,10456.0,0.0,60962.0,35928.0,753
18,1154.2226,1163.4564,2012-06-20,1151.0,1151.0,2015-07-23,1165.1,1165.1,5502919.0,9905.0,5550296.0,10009.0,0.0,47377.0,23347.0,1128
19,1163.4564,1172.764,2012-06-18,1157.1,1157.1,2015-08-05,1173.6,1173.6,5512291.0,9922.0,5570786.0,10045.0,0.0,58495.0,34444.0,1143
19,1163.4564,1172.764,2015-08-10,1163.2,1163.2,2015-08-11,1179.1,1179.1,2986248.0,5375.0,3016180.0,5439.0,0.0,29932.0,16899.0,1
20,1172.764,1182.1462,2012-06-07,1171.5,1171.5,2015-08-12,1190.8,1190.8,5528464.0,9951.0,5599331.0,10097.0,0.0,70867.0,46767.0,1161
21,1182.1462,1191.6033,2011-10-07,1178.5,1178.5,2015-08-21,1195.0,1195.0,3193857.0,5749.0,3226926.0,5819.0,0.0,33068.0,19131.0,1414
20,1172.764,1182.1462,2015-09-01,1171.8,1171.8,2015-09-03,1190.3,1190.3,3065491.0,5518.0,3102688.0,5595.0,0.0,37197.0,23830.0,2
21,1182.1462,1191.6033,2015-08-28,1173.6,1173.6,2015-09-04,1193.4,1193.4,2998598.0,5397.0,3038221.0,5479.0,0.0,39623.0,26553.0,7
22,1191.6033,1201.1362,2010-07-26,1191.1,1191.1,2015-09-07,1203.7,1203.7,2067881.0,3722.0,2082240.0,3755.0,0.0,14359.0,5322.0,1869
19,1163.4564,1172.764,2015-09-18,1162.8,1162.8,2015-09-21,1174.7,1174.7,3062721.0,5513.0,3082936.0,5559.0,0.0,20215.0,6830.0,3
20,1172.764,1182.1462,2015-09-17,1165.9,1165.9,2015-09-23,1191.2,1191.2,3064887.0,5517.0,3120133.0,5626.0,0.0,55245.0,41913.0,6
21,1182.1462,1191.6033,2015-09-16,1175.9,1175.9,2015-09-24,1192.5,1192.5,3071195.0,5528.0,3103348.0,5596.0,0.0,32153.0,18752.0,8
15,1126.9587,1135.9743,2015-10-19,1121.0,1121.0,2015-10-22,1138.6,1138.6,5801710.0,10443.0,5871603.0,10588.0,0.0,69893.0,44594.0,3
15,1126.9587,1135.9743,2015-10-23,1124.7,1124.7,2015-10-29,1142.3,1142.3,5811812.0,10461.0,5881528.0,10606.0,0.0,69716.0,44372.0,6
16,1135.9743,1145.0621,2015-10-15,1130.2,1130.2,2015-11-09,1157.2,1157.2,2908694.0,5236.0,2967470.0,5351.0,0.0,58776.0,46135.0,25
17,1145.0621,1154.2226,2015-10-12,1143.5,1143.5,2015-11-09,1157.2,1157.2,2919559.0,5255.0,2943911.0,5309.0,0.0,24352.0,11601.0,28
18,1154.2226,1163.4564,2015-10-12,1143.5,1143.5,2015-11-13,1163.8,1163.8,2919559.0,5255.0,2960701.0,5339.0,0.0,41142.0,28422.0,32
19,1163.4564,1172.764,2015-10-07,1161.3,1161.3,2015-11-16,1174.1,1174.1,2931836.0,5277.0,2953490.0,5326.0,0.0,21654.0,8844.0,40
17,1145.0621,1154.2226,2015-11-25,1143.4,1143.4,2015-11-30,1158.1,1158.1,2928069.0,5271.0,2955046.0,5329.0,0.0,26977.0,14194.0,5
18,1154.2226,1163.4564,2015-11-24,1153.8,1153.8,2015-12-02,1164.3,1164.3,2936029.0,5285.0,2952092.0,5323.0,0.0,16063.0,3225.0,8
19,1163.4564,1172.764,2015-11-19,1161.7,1161.7,2015-12-08,1178.6,1178.6,2941311.0,5294.0,2973367.0,5362.0,0.0,32056.0,19224.0,19
20,1172.764,1182.1462,2015-10-05,1172.4,1172.4,2015-12-14,1184.8,1184.8,2939017.0,5290.0,2959419.0,5337.0,0.0,20402.0,7559.0,70
20,1172.764,1182.1462,2015-12-24,1167.8,1167.8,2016-01-04,1187.7,1187.7,2950448.0,5311.0,2989933.0,5392.0,0.0,39484.0,26626.0,11
21,1182.1462,1191.6033,2015-10-01,1176.3,1176.3,2016-01-06,1197.9,1197.9,2941116.0,5294.0,2984350.0,5382.0,0.0,43234.0,30423.0,97
22,1191.6033,1201.1362,2015-09-09,1189.4,1189.4,2016-01-11,1209.8,1209.8,3078339.0,5541.0,3119875.0,5626.0,0.0,41536.0,28121.0,124
23,1201.1362,1210.7452,2010-07-23,1198.8,1198.8,2016-01-14,1213.4,1213.4,2070571.0,3727.0,2088251.0,3766.0,0.0,17679.0,8637.0,2001
23,1201.1362,1210.7452,2016-01-22,1200.1,1200.1,2016-02-03,1219.3,1219.3,2973452.0,5352.0,3010157.0,5428.0,0.0,36705.0,23741.0,12
23,1201.1362,1210.7452,2016-02-05,1197.4,1197.4,2016-02-12,1211.7,1211.7,3040035.0,5472.0,3065276.0,5527.0,0.0,25241.0,11964.0,7
24,1210.7452,1220.4312,2010-07-08,1209.3,1209.3,2016-02-17,1227.1,1227.1,2072352.0,3730.0,2095292.0,3778.0,0.0,22940.0,13900.0,2050
25,1220.4312,1230.1947,2010-06-16,1210.9,1210.9,2016-02-19,1234.4,1234.4,2066887.0,3720.0,2099421.0,3786.0,0.0,32534.0,23535.0,2074
18,1154.2226,1163.4564,2016-03-22,1153.6,1153.6,2016-03-24,1166.3,1166.3,3016819.0,5430.0,3039061.0,5480.0,0.0,22242.0,9061.0,2
17,1145.0621,1154.2226,2016-03-31,1143.5,1143.5,2016-04-05,1155.1,1155.1,6019280.0,10835.0,6058472.0,10925.0,0.0,39192.0,12884.0,5
16,1135.9743,1145.0621,2016-04-20,1135.2,1135.2,2016-04-25,1147.8,1147.8,6008829.0,10816.0,6053671.0,10916.0,0.0,44842.0,18590.0,5
17,1145.0621,1154.2226,2016-04-19,1136.3,1136.3,2016-05-04,1154.3,1154.3,6011257.0,10820.0,6084518.0,10972.0,0.0,73260.0,47049.0,15
18,1154.2226,1163.4564,2016-03-30,1150.8,1150.8,2016-05-09,1165.8,1165.8,3015809.0,5428.0,3044130.0,5489.0,0.0,28321.0,15155.0,40
19,1163.4564,1172.764,2016-03-18,1162.5,1162.5,2016-05-16,1179.7,1179.7,3023672.0,5443.0,3057373.0,5513.0,0.0,33701.0,20511.0,59
20,1172.764,1182.1462,2016-03-18,1162.5,1162.5,2016-05-18,1182.6,1182.6,3023672.0,5443.0,3064889.0,5527.0,0.0,41217.0,28040.0,61
21,1182.1462,1191.6033,2016-03-17,1173.3,1173.3,2016-05-19,1191.7,1191.7,3030900.0,5456.0,3067359.0,5531.0,0.0,36459.0,23242.0,63
21,1182.1462,1191.6033,2016-05-26,1180.4,1180.4,2016-05-30,1191.8,1191.8,3047381.0,5485.0,3065745.0,5528.0,0.0,18364.0,5043.0,4
19,1163.4564,1172.764,2016-06-07,1162.7,1162.7,2016-06-13,1173.4,1173.4,3037666.0,5468.0,3054595.0,5508.0,0.0,16928.0,3647.0,6
18,1154.2226,1163.4564,2016-06-23,1150.2,1150.2,2016-06-24,1179.9,1179.9,3029192.0,5453.0,3096234.0,5583.0,0.0,67042.0,53888.0,1
19,1163.4564,1172.764,2016-06-20,1160.8,1160.8,2016-06-24,1179.9,1179.9,3037394.0,5467.0,3076267.0,5547.0,0.0,38873.0,25632.0,4
20,1172.764,1182.1462,2016-06-07,1162.7,1162.7,2016-06-27,1182.3,1182.3,3037666.0,5468.0,3077763.0,5550.0,0.0,40097.0,26857.0,20
17,1145.0621,1154.2226,2016-07-01,1145.0,1145.0,2016-07-05,1155.4,1155.4,6055225.0,10899.0,6088247.0,10979.0,0.0,33022.0,6546.0,4
18,1154.2226,1163.4564,2016-06-30,1151.8,1151.8,2016-07-06,1165.6,1165.6,3033739.0,5461.0,3059045.0,5516.0,0.0,25306.0,12056.0,6
12,1100.3387,1109.1414,2016-08-10,1095.4,1095.4,2016-08-19,1117.6,1117.6,5945152.0,10701.0,6043824.0,10898.0,0.0,98671.0,72795.0,9
13,1109.1414,1118.0145,2016-08-01,1108.0,1108.0,2016-08-22,1126.5,1126.5,5981255.0,10766.0,6059250.0,10926.0,0.0,77995.0,51924.0,21
11,1091.6058,1100.3387,2016-09-07,1090.0,1090.0,2016-09-12,1113.5,1113.5,5940878.0,10694.0,6047133.0,10904.0,0.0,106255.0,80411.0,5
12,1100.3387,1109.1414,2016-09-07,1090.0,1090.0,2016-09-12,1113.5,1113.5,5940878.0,10694.0,6047133.0,10904.0,0.0,106255.0,80411.0,5
13,1109.1414,1118.0145,2016-09-05,1105.1,1105.1,2016-09-13,1118.8,1118.8,5984505.0,10772.0,6036903.0,10886.0,0.0,52399.0,26267.0,8
12,1100.3387,1109.1414,2016-09-27,1096.5,1096.5,2016-10-05,1113.7,1113.7,5974033.0,10753.0,6045919.0,10902.0,0.0,71886.0,45835.0,8
13,1109.1414,1118.0145,2016-09-22,1103.3,1103.3,2016-10-11,1120.4,1120.4,5993482.0,10788.0,6064484.0,10936.0,0.0,71001.0,44864.0,19
14,1118.0145,1126.9587,2016-08-01,1108.0,1108.0,2016-10-13,1135.9,1135.9,5981255.0,10766.0,6109811.0,11017.0,0.0,128556.0,102576.0,73
15,1126.9587,1135.9743,2016-07-28,1124.4,1124.4,2016-10-17,1137.9,1137.9,6021123.0,10838.0,6071499.0,10948.0,0.0,50375.0,24080.0,81
15,1126.9587,1135.9743,2016-10-19,1123.2,1123.2,2016-10-27,1142.5,1142.5,6060345.0,10909.0,6142308.0,11076.0,0.0,81963.0,55552.0,8
16,1135.9743,1145.0621,2016-07-15,1133.9,1133.9,2016-11-02,1149.8,1149.8,6040382.0,10873.0,6103052.0,11005.0,0.0,62670.0,36312.0,110
16,1135.9743,1145.0621,2016-11-08,1135.0,1135.0,2016-11-09,1149.5,1149.5,6094576.0,10970.0,6150235.0,11090.0,0.0,55659.0,29051.0,1
17,1145.0621,1154.2226,2016-07-14,1137.4,1137.4,2016-11-11,1164.8,1164.8,6047449.0,10885.0,6170857.0,11128.0,0.0,123408.0,97128.0,120
18,1154.2226,1163.4564,2016-07-11,1146.7,1146.7,2016-11-11,1164.8,1164.8,3031461.0,5457.0,3068235.0,5533.0,0.0,36774.0,23556.0,123
19,1163.4564,1172.764,2016-06-29,1160.2,1160.2,2016-11-17,1175.9,1175.9,3040366.0,5473.0,3070425.0,5537.0,0.0,30059.0,16789.0,141
20,1172.764,1182.1462,2016-06-28,1171.3,1171.3,2016-11-18,1183.2,1183.2,3048461.0,5487.0,3068356.0,5533.0,0.0,19895.0,6572.0,143
19,1163.4564,1172.764,2016-12-08,1158.5,1158.5,2016-12-15,1178.5,1178.5,3075224.0,5535.0,3117062.0,5621.0,0.0,41838.0,28437.0,7
20,1172.764,1182.1462,2016-11-28,1170.4,1170.4,2016-12-16,1183.9,1183.9,3083485.0,5550.0,3107833.0,5604.0,0.0,24348.0,10879.0,18
21,1182.1462,1191.6033,2016-06-07,1162.7,1162.7,2016-12-20,1193.4,1193.4,3037666.0,5468.0,3106659.0,5602.0,0.0,68992.0,55805.0,196
22,1191.6033,1201.1362,2016-03-14,1186.1,1186.1,2016-12-23,1203.0,1203.0,3038541.0,5469.0,3070750.0,5537.0,0.0,32210.0,18952.0,284
22,1191.6033,1201.1362,2017-01-05,1186.3,1186.3,2017-01-09,1208.3,1208.3,3099188.0,5579.0,3145309.0,5672.0,0.0,46121.0,32622.0,4
16,1135.9743,1145.0621,2017-02-24,1131.5,1131.5,2017-03-03,1156.1,1156.1,6123454.0,11022.0,6234081.0,11242.0,0.0,110627.0,83991.0,7
17,1145.0621,1154.2226,2017-02-06,1137.9,1137.9,2017-03-03,1156.1,1156.1,6133564.0,11040.0,6209253.0,11197.0,0.0,75689.0,48946.0,25
14,1118.0145,1126.9587,2017-03-27,1112.8,1112.8,2017-04-06,1133.2,1133.2,6090729.0,10963.0,6180077.0,11144.0,0.0,89348.0,62817.0,10
15,1126.9587,1135.9743,2017-03-20,1120.1,1120.1,2017-04-10,1142.2,1142.2,6107831.0,10994.0,6205939.0,11191.0,0.0,98108.0,71518.0,21
16,1135.9743,1145.0621,2017-03-16,1132.0,1132.0,2017-04-11,1145.8,1145.8,6133566.0,11040.0,6186009.0,11155.0,0.0,52443.0,25658.0,26
15,1126.9587,1135.9743,2017-04-25,1125.4,1125.4,2017-04-28,1137.9,1137.9,6134979.0,11043.0,6180810.0,11146.0,0.0,45831.0,19028.0,3
14,1118.0145,1126.9587,2017-05-16,1116.0,1116.0,2017-05-19,1127.2,1127.2,6116731.0,11010.0,6155896.0,11101.0,0.0,39165.0,12430.0,3
14,1118.0145,1126.9587,2017-05-25,1116.5,1116.5,2017-06-12,1127.3,1127.3,6120987.0,11018.0,6157967.0,11104.0,0.0,36980.0,10223.0,18
15,1126.9587,1135.9743,2017-05-15,1123.6,1123.6,2017-06-21,1144.0,1144.0,6135427.0,11044.0,6224353.0,11224.0,0.0,88926.0,62199.0,37
16,1135.9743,1145.0621,2017-04-13,1129.7,1129.7,2017-07-03,1146.9,1146.9,6143051.0,11057.0,6214149.0,11206.0,0.0,71098.0,44305.0,81
17,1145.0621,1154.2226,2017-03-13,1144.4,1144.4,2017-07-06,1157.4,1157.4,6157537.0,11084.0,6205086.0,11189.0,0.0,47549.0,20650.0,115
14,1118.0145,1126.9587,2017-07-24,1114.0,1114.0,2017-08-03,1128.8,1128.8,6134821.0,11043.0,6193967.0,11169.0,0.0,59145.0,32367.0,10
15,1126.9587,1135.9743,2017-07-18,1123.1,1123.1,2017-08-10,1142.0,1142.0,6156343.0,11081.0,6237429.0,11248.0,0.0,81086.0,54253.0,23
15,1126.9587,1135.9743,2017-08-28,1120.1,1120.1,2017-09-22,1136.5,1136.5,6027863.0,10850.0,6094122.0,10989.0,0.0,66259.0,39962.0,25
16,1135.9743,1145.0621,2017-07-14,1133.3,1133.3,2017-09-28,1149.1,1149.1,6178387.0,11121.0,6241991.0,11256.0,0.0,63605.0,36643.0,76
10,1082.9423,1091.6058,2017-11-29,1076.8,1076.8,2017-12-06,1093.7,1093.7,9062267.0,16312.0,9171390.0,16538.0,0.0,109123.0,69605.0,7
8,1065.821,1074.3475,2018-01-02,1061.2,1061.2,2018-02-02,1079.7,1079.7,8968085.0,16143.0,9091608.0,16394.0,0.0,123523.0,84445.0,31
9,1074.3475,1082.9423,2017-12-27,1074.1,1074.1,2018-02-05,1088.5,1088.5,9056076.0,16301.0,9144478.0,16490.0,0.0,88402.0,48874.0,40
10,1082.9423,1091.6058,2017-12-20,1080.9,1080.9,2018-02-09,1092.1,1092.1,9097297.0,16375.0,9158501.0,16515.0,0.0,61204.0,21447.0,51
9,1074.3475,1082.9423,2018-02-19,1067.6,1067.6,2018-02-22,1084.3,1084.3,9254702.0,16658.0,9365662.0,16889.0,0.0,110960.0,70602.0,3
8,1065.821,1074.3475,2018-03-12,1065.2,1065.2,2018-03-23,1082.2,1082.2,9246772.0,16644.0,9360556.0,16879.0,0.0,113784.0,73467.0,11
7,1057.3621,1065.821,2018-04-02,1056.6,1056.6,2018-04-06,1069.6,1069.6,9195371.0,16552.0,9275027.0,16725.0,0.0,79656.0,39502.0,4
8,1065.821,1074.3475,2018-03-30,1063.5,1063.5,2018-04-24,1076.8,1076.8,9249175.0,16649.0,9331161.0,16826.0,0.0,81986.0,41601.0,25
9,1074.3475,1082.9423,2018-02-26,1073.4,1073.4,2018-05-21,1085.4,1085.4,9301491.0,16743.0,9371647.0,16899.0,0.0,70156.0,29520.0,84
9,1074.3475,1082.9423,2018-05-28,1074.2,1074.2,2018-06-14,1083.1,1083.1,9358768.0,16846.0,9402367.0,16955.0,0.0,43599.0,2665.0,17
10,1082.9423,1091.6058,2018-02-14,1077.2,1077.2,2018-06-15,1097.7,1097.7,9315221.0,16767.0,9458355.0,17056.0,0.0,143134.0,102570.0,121
11,1091.6058,1100.3387,2017-11-22,1089.1,1089.1,2018-06-18,1104.8,1104.8,9130918.0,16436.0,9229230.0,16643.0,0.0,98312.0,58475.0,208
12,1100.3387,1109.1414,2017-11-17,1097.5,1097.5,2018-06-21,1112.8,1112.8,9173386.0,16512.0,9267815.0,16712.0,0.0,94430.0,54399.0,216
13,1109.1414,1118.0145,2017-11-16,1101.4,1101.4,2018-06-28,1124.2,1124.2,9191881.0,16545.0,9348416.0,16857.0,0.0,156535.0,116535.0,224
14,1118.0145,1126.9587,2017-11-01,1114.5,1114.5,2018-07-16,1129.2,1129.2,6160513.0,11089.0,6219319.0,11215.0,0.0,58806.0,31914.0,257
14,1118.0145,1126.9587,2018-08-09,1117.2,1117.2,2018-08-10,1128.9,1128.9,6426751.0,11568.0,6470698.0,11668.0,0.0,43947.0,15862.0,1
13,1109.1414,1118.0145,2018-08-30,1108.6,1108.6,2018-09-05,1121.5,1121.5,6410862.0,11540.0,6462134.0,11653.0,0.0,51272.0,23270.0,6
14,1118.0145,1126.9587,2018-08-27,1113.8,1113.8,2018-09-10,1128.4,1128.4,6424788.0,11565.0,6485594.0,11695.0,0.0,60807.0,32761.0,14
14,1118.0145,1126.9587,2018-09-14,1116.6,1116.6,2018-10-04,1129.9,1129.9,6439968.0,11592.0,6493237.0,11709.0,0.0,53269.0,25142.0,20
15,1126.9587,1135.9743,2017-10-26,1124.6,1124.6,2018-10-11,1144.4,1144.4,5921611.0,10659.0,6004195.0,10827.0,0.0,82584.0,56782.0,350
15,1126.9587,1135.9743,2018-10-17,1126.5,1126.5,2018-10-23,1137.6,1137.6,6477831.0,11660.0,6518132.0,11754.0,0.0,40301.0,11985.0,6
14,1118.0145,1126.9587,2018-11-08,1117.3,1117.3,2018-11-09,1128.3,1128.3,6462307.0,11632.0,6502458.0,11726.0,0.0,40150.0,11903.0,1
13,1109.1414,1118.0145,2018-12-04,1105.3,1105.3,2018-12-06,1120.3,1120.3,6438279.0,11589.0,6502181.0,11725.0,0.0,63903.0,35803.0,2
14,1118.0145,1126.9587,2018-12-03,1110.7,1110.7,2018-12-11,1130.1,1130.1,6453319.0,11616.0,6542419.0,11798.0,0.0,89100.0,60980.0,8
14,1118.0145,1126.9587,2018-12-28,1115.7,1115.7,2019-01-03,1127.7,1127.7,6480063.0,11664.0,6526202.0,11768.0,0.0,46139.0,17824.0,6
14,1118.0145,1126.9587,2019-01-11,1116.4,1116.4,2019-01-21,1128.1,1128.1,6486680.0,11676.0,6531085.0,11777.0,0.0,44406.0,16059.0,10
14,1118.0145,1126.9587,2019-01-28,1117.7,1117.7,2019-02-15,1128.7,1128.7,6496907.0,11694.0,6537250.0,11788.0,0.0,40342.0,11943.0,18
15,1126.9587,1135.9743,2018-11-02,1121.6,1121.6,2019-03-08,1136.2,1136.2,6471869.0,11649.0,6532533.0,11780.0,0.0,60664.0,32412.0,126
16,1135.9743,1145.0621,2017-10-10,1135.1,1135.1,2019-04-24,1150.9,1150.9,5941340.0,10694.0,6002373.0,10824.0,0.0,61033.0,35106.0,561
17,1145.0621,1154.2226,2017-07-13,1136.3,1136.3,2019-04-25,1160.5,1160.5,6184525.0,11132.0,6293520.0,11349.0,0.0,108995.0,82089.0,651
18,1154.2226,1163.4564,2017-02-02,1146.8,1146.8,2019-04-30,1168.2,1168.2,3074117.0,5533.0,3120218.0,5627.0,0.0,46102.0,32713.0,817
19,1163.4564,1172.764,2017-01-26,1159.2,1159.2,2019-05-09,1179.8,1179.8,3083813.0,5551.0,3127326.0,5639.0,0.0,43513.0,30077.0,833
20,1172.764,1182.1462,2017-01-18,1166.7,1166.7,2019-05-13,1187.5,1187.5,3088735.0,5560.0,3132493.0,5649.0,0.0,43759.0,30302.0,845
21,1182.1462,1191.6033,2017-01-13,1174.7,1174.7,2019-05-17,1195.7,1195.7,3093789.0,5569.0,3137770.0,5658.0,0.0,43981.0,30502.0,854
19,1163.4564,1172.764,2019-06-20,1162.1,1162.1,2019-07-08,1182.0,1182.0,3245523.0,5842.0,3289227.0,5931.0,0.0,43704.0,29559.0,18
20,1172.764,1182.1462,2019-06-20,1162.1,1162.1,2019-07-26,1184.8,1184.8,3245523.0,5842.0,3297019.0,5945.0,0.0,51495.0,37365.0,36
21,1182.1462,1191.6033,2019-06-03,1182.1,1182.1,2019-08-02,1198.0,1198.0,3256767.0,5862.0,3288701.0,5930.0,0.0,31934.0,17720.0,60
22,1191.6033,1201.1362,2017-01-12,1184.7,1184.7,2019-08-05,1215.3,1215.3,3099931.0,5580.0,3168562.0,5714.0,0.0,68631.0,55170.0,935
23,1201.1362,1210.7452,2016-03-11,1193.1,1193.1,2019-08-05,1215.3,1215.3,3042246.0,5476.0,3087708.0,5568.0,0.0,45461.0,32211.0,1242
24,1210.7452,1220.4312,2016-03-04,1203.4,1203.4,2019-08-13,1222.2,1222.2,3046803.0,5484.0,3083271.0,5560.0,0.0,36469.0,23182.0,1257
22,1191.6033,1201.1362,2019-09-11,1191.0,1191.0,2019-10-02,1206.0,1206.0,3206680.0,5772.0,3235388.0,5834.0,0.0,28707.0,14706.0,21
19,1163.4564,1172.764,2019-10-29,1163.0,1163.0,2019-11-21,1178.1,1178.1,6386491.0,11496.0,6446142.0,11624.0,0.0,59651.0,31771.0,23
20,1172.764,1182.1462,2019-10-21,1172.0,1172.0,2019-12-02,1183.1,1183.1,3199078.0,5758.0,3217761.0,5802.0,0.0,18683.0,4697.0,42
21,1182.1462,1191.6033,2019-10-18,1181.5,1181.5,2019-12-04,1194.3,1194.3,3205224.0,5769.0,3228295.0,5821.0,0.0,23071.0,9066.0,47
19,1163.4564,1172.764,2019-12-20,1160.6,1160.6,2020-01-28,1176.7,1176.7,6397730.0,11516.0,6463150.0,11655.0,0.0,65420.0,37501.0,39
20,1172.764,1182.1462,2019-12-13,1171.7,1171.7,2020-01-30,1185.0,1185.0,3206407.0,5772.0,3231139.0,5827.0,0.0,24732.0,10725.0,48
21,1182.1462,1191.6033,2019-12-13,1171.7,1171.7,2020-01-31,1191.8,1191.8,3206407.0,5772.0,3249681.0,5860.0,0.0,43274.0,29300.0,49
21,1182.1462,1191.6033,2020-02-06,1179.8,1179.8,2020-02-20,1198.7,1198.7,3218970.0,5794.0,3258774.0,5876.0,0.0,39803.0,25769.0,14
22,1191.6033,1201.1362,2019-10-11,1188.8,1188.8,2020-02-21,1209.2,1209.2,3209032.0,5776.0,3252360.0,5865.0,0.0,43327.0,29342.0,133
23,1201.1362,1210.7452,2019-09-05,1200.2,1200.2,2020-02-24,1220.2,1220.2,3211147.0,5780.0,3252915.0,5866.0,0.0,41768.0,27771.0,172
21,1182.1462,1191.6033,2020-03-05,1181.2,1181.2,2020-03-06,1192.3,1192.3,3225277.0,5805.0,3243876.0,5850.0,0.0,18599.0,4498.0,1
22,1191.6033,1201.1362,2020-03-04,1187.8,1187.8,2020-03-09,1204.2,1204.2,3229324.0,5813.0,3262136.0,5882.0,0.0,32812.0,18719.0,5
23,1201.1362,1210.7452,2020-03-02,1193.7,1193.7,2020-03-13,1219.3,1219.3,3232508.0,5819.0,3289956.0,5933.0,0.0,57448.0,43386.0,11
24,1210.7452,1220.4312,2019-08-20,1208.3,1208.3,2020-03-16,1226.0,1226.0,3285411.0,5914.0,3321548.0,5990.0,0.0,36137.0,21804.0,209
25,1220.4312,1230.1947,2016-03-03,1214.6,1214.6,2020-03-17,1243.5,1243.5,3051749.0,5493.0,3113125.0,5614.0,0.0,61375.0,48112.0,1475
26,1230.1947,1240.0362,2010-06-14,1222.2,1222.2,2020-03-17,1243.5,1243.5,2070141.0,3726.0,2098643.0,3784.0,0.0,28502.0,19481.0,3564
27,1240.0362,1249.9565,2010-06-14,1222.2,1222.2,2020-03-19,1285.7,1285.7,2070141.0,3726.0,2169864.0,3913.0,0.0,99723.0,90830.0,3566
28,1249.9565,1259.9562,2009-07-21,1248.5,1248.5,2020-03-19,1285.7,1285.7,1013123.0,1824.0,1039557.0,1875.0,0.0,26434.0,22042.0,3894
29,1259.9562,1270.0358,2009-07-17,1259.5,1259.5,2020-03-19,1285.7,1285.7,1014160.0,1825.0,1031533.0,1860.0,0.0,17373.0,12960.0,3898
30,1270.0358,1280.1961,2009-07-16,1265.7,1265.7,2020-03-19,1285.7,1285.7,1014774.0,1827.0,1027101.0,1852.0,0.0,12327.0,7903.0,3899
24,1210.7452,1220.4312,2020-03-27,1210.6,1210.6,2020-03-30,1224.4,1224.4,3252609.0,5855.0,3277854.0,5911.0,0.0,25245.0,11037.0,3
25,1220.4312,1230.1947,2020-03-27,1210.6,1210.6,2020-04-01,1230.5,1230.5,3252609.0,5855.0,3294185.0,5940.0,0.0,41576.0,27397.0,5
24,1210.7452,1220.4312,2020-04-10,1208.8,1208.8,2020-04-16,1228.7,1228.7,3401082.0,6122.0,3444638.0,6212.0,0.0,43556.0,28730.0,6
25,1220.4312,1230.1947,2020-04-09,1219.5,1219.5,2020-04-22,1232.2,1232.2,3405907.0,6131.0,3428999.0,6183.0,0.0,23092.0,8207.0,13
25,1220.4312,1230.1947,2020-04-29,1218.2,1218.2,2020-05-15,1231.0,1231.0,3408300.0,6135.0,3431725.0,6188.0,0.0,23424.0,8530.0,16
26,1230.1947,1240.0362,2020-03-25,1229.9,1229.9,2020-05-25,1244.2,1244.2,3259767.0,5868.0,3285807.0,5925.0,0.0,26040.0,11802.0,61
22,1191.6033,1201.1362,2020-06-10,1191.2,1191.2,2020-06-12,1203.8,1203.8,3250212.0,5850.0,3272777.0,5902.0,0.0,22565.0,8363.0,2
23,1201.1362,1210.7452,2020-06-09,1197.7,1197.7,2020-06-15,1216.0,1216.0,3253810.0,5857.0,3291644.0,5936.0,0.0,37834.0,23643.0,6
19,1163.4564,1172.764,2020-09-18,1160.3,1160.3,2020-09-28,1173.6,1173.6,6470086.0,11646.0,6520711.0,11758.0,0.0,50626.0,22363.0,10
15,1126.9587,1135.9743,2020-10-27,1125.5,1125.5,2020-11-04,1137.7,1137.7,6396376.0,11513.0,6442455.0,11617.0,0.0,46079.0,18131.0,8
10,1082.9423,1091.6058,2020-12-04,1082.1,1082.1,2020-12-14,1091.8,1091.8,9384001.0,16891.0,9434065.0,17012.0,0.0,50064.0,9030.0,10
11,1091.6058,1100.3387,2020-12-04,1082.1,1082.1,2020-12-21,1102.7,1102.7,9384001.0,16891.0,9528250.0,17182.0,0.0,144249.0,103385.0,17
10,1082.9423,1091.6058,2021-01-04,1082.1,1082.1,2021-01-11,1097.3,1097.3,9396012.0,16913.0,9493726.0,17120.0,0.0,97714.0,56713.0,7
11,1091.6058,1100.3387,2020-12-30,1086.3,1086.3,2021-01-18,1103.9,1103.9,9423337.0,16962.0,9541569.0,17206.0,0.0,118232.0,77149.0,19
12,1100.3387,1109.1414,2020-12-03,1097.0,1097.0,2021-01-28,1119.6,1119.6,9469469.0,17045.0,9629795.0,17365.0,0.0,160326.0,119116.0,56
13,1109.1414,1118.0145,2020-11-17,1106.6,1106.6,2021-01-28,1119.6,1119.6,9518297.0,17133.0,9595478.0,17303.0,0.0,77181.0,35607.0,72
12,1100.3387,1109.1414,2021-02-16,1100.1,1100.1,2021-02-22,1110.4,1110.4,9534635.0,17162.0,9589291.0,17292.0,0.0,54656.0,12970.0,6
13,1109.1414,1118.0145,2021-02-10,1107.0,1107.0,2021-02-26,1123.5,1123.5,9570333.0,17227.0,9678045.0,17452.0,0.0,107712.0,65966.0,16
14,1118.0145,1126.9587,2020-11-09,1113.9,1113.9,2021-03-08,1133.2,1133.2,6367539.0,11462.0,6454567.0,11639.0,0.0,87028.0,59280.0,119
15,1126.9587,1135.9743,2020-11-06,1120.4,1120.4,2021-03-09,1140.3,1140.3,6385896.0,11495.0,6475943.0,11678.0,0.0,90047.0,62224.0,123
13,1109.1414,1118.0145,2021-04-29,1108.2,1108.2,2021-05-03,1124.0,1124.0,9603876.0,17287.0,9705767.0,17502.0,0.0,101891.0,59987.0,4
14,1118.0145,1126.9587,2021-04-07,1116.3,1116.3,2021-05-13,1129.3,1129.3,6425944.0,11567.0,6477396.0,11680.0,0.0,51452.0,23384.0,36
13,1109.1414,1118.0145,2021-06-01,1105.9,1105.9,2021-06-17,1130.4,1130.4,9819327.0,17675.0,10000763.0,18034.0,0.0,181436.0,138732.0,16
14,1118.0145,1126.9587,2021-05-26,1116.9,1116.9,2021-06-17,1130.4,1130.4,6580821.0,11845.0,6636408.0,11967.0,0.0,55587.0,26848.0,22
15,1126.9587,1135.9743,2021-03-18,1123.7,1123.7,2021-06-23,1137.7,1137.7,6445827.0,11602.0,6502661.0,11726.0,0.0,56835.0,28689.0,97
15,1126.9587,1135.9743,2021-06-30,1126.1,1126.1,2021-07-07,1138.1,1138.1,6622425.0,11920.0,6668922.0,12026.0,0.0,46497.0,17559.0,7
16,1135.9743,1145.0621,2020-10-21,1131.9,1131.9,2021-07-09,1149.1,1149.1,6412633.0,11543.0,6486662.0,11697.0,0.0,74029.0,46060.0,261
17,1145.0621,1154.2226,2020-10-15,1143.2,1143.2,2021-07-26,1155.0,1155.0,6438531.0,11589.0,6481592.0,11688.0,0.0,43061.0,14923.0,284
17,1145.0621,1154.2226,2021-08-04,1143.6,1143.6,2021-08-11,1156.4,1156.4,6675198.0,12015.0,6725634.0,12128.0,0.0,50436.0,21274.0,7
18,1154.2226,1163.4564,2020-10-08,1153.3,1153.3,2021-08-13,1169.0,1169.0,6459126.0,11626.0,6523506.0,11763.0,0.0,64381.0,36191.0,309
19,1163.4564,1172.764,2020-10-05,1163.4,1163.4,2021-08-17,1176.3,1176.3,6477590.0,11660.0,6525858.0,11768.0,0.0,48268.0,19968.0,316
19,1163.4564,1172.764,2021-08-31,1159.5,1159.5,2021-09-13,1176.0,1176.0,6718564.0,12093.0,6789662.0,12243.0,0.0,71098.0,41783.0,13
20,1172.764,1182.1462,2020-09-18,1160.3,1160.3,2021-09-28,1184.4,1184.4,6470086.0,11646.0,6580718.0,11867.0,0.0,110632.0,82477.0,375
21,1182.1462,1191.6033,2020-08-19,1181.2,1181.2,2021-10-06,1192.3,1192.3,3247871.0,5846.0,3266601.0,5890.0,0.0,18729.0,4530.0,413
20,1172.764,1182.1462,2021-10-25,1168.4,1168.4,2021-11-04,1182.6,1182.6,6744413.0,12140.0,6801828.0,12265.0,0.0,57415.0,27962.0,10
21,1182.1462,1191.6033,2021-10-19,1178.7,1178.7,2021-11-26,1193.3,1193.3,6759443.0,12167.0,6818555.0,12296.0,0.0,59113.0,29597.0,38
21,1182.1462,1191.6033,2021-12-01,1179.2,1179.2,2021-12-21,1192.9,1192.9,6769830.0,12186.0,6823850.0,12305.0,0.0,54020.0,24449.0,20
22,1191.6033,1201.1362,2020-07-31,1191.3,1191.3,2022-01-07,1201.5,1201.5,3253464.0,5856.0,3269518.0,5896.0,0.0,16054.0,1825.0,525
22,1191.6033,1201.1362,2022-01-12,1190.5,1190.5,2022-01-27,1202.8,1202.8,6792964.0,12227.0,6838462.0,12331.0,0.0,45498.0,15811.0,15
22,1191.6033,1201.1362,2022-02-14,1191.1,1191.1,2022-02-24,1202.4,1202.4,6801015.0,12242.0,6840843.0,12336.0,0.0,39828.0,10095.0,10
23,1201.1362,1210.7452,2020-06-24,1199.4,1199.4,2022-03-04,1214.2,1214.2,3256583.0,5862.0,3284910.0,5924.0,0.0,28327.0,14107.0,618
24,1210.7452,1220.4312,2020-06-05,1207.1,1207.1,2022-03-07,1227.1,1227.1,3258292.0,5865.0,3300364.0,5951.0,0.0,42072.0,27869.0,640
25,1220.4312,1230.1947,2020-06-03,1216.8,1216.8,2022-03-08,1237.0,1237.0,3262436.0,5872.0,3304666.0,5959.0,0.0,42230.0,28009.0,643
26,1230.1947,1240.0362,2020-06-01,1225.0,1225.0,2022-03-14,1242.3,1242.3,3265466.0,5878.0,3299672.0,5950.0,0.0,34205.0,19957.0,651
24,1210.7452,1220.4312,2022-03-18,1207.6,1207.6,2022-03-28,1227.3,1227.3,3416977.0,6151.0,3460229.0,6240.0,0.0,43252.0,28355.0,10
24,1210.7452,1220.4312,2022-03-30,1209.6,1209.6,2022-04-08,1225.1,1225.1,3420012.0,6156.0,3451378.0,6224.0,0.0,31366.0,16435.0,9
25,1220.4312,1230.1947,2022-03-17,1214.3,1214.3,2022-04-11,1233.1,1233.1,3420091.0,6156.0,3460550.0,6240.0,0.0,40459.0,25544.0,25
26,1230.1947,1240.0362,2022-03-17,1214.3,1214.3,2022-04-25,1249.9,1249.9,3420091.0,6156.0,3507697.0,6325.0,0.0,87606.0,72776.0,39
27,1240.0362,1249.9565,2020-03-25,1229.9,1229.9,2022-04-26,1250.8,1250.8,3259767.0,5868.0,3303237.0,5957.0,0.0,43470.0,29263.0,762
29,1259.9562,1270.0358,2022-04-29,1255.9,1255.9,2022-05-06,1272.7,1272.7,3441430.0,6195.0,3474922.0,6266.0,0.0,33492.0,18471.0,7
30,1270.0358,1280.1961,2022-04-29,1255.9,1255.9,2022-05-12,1288.6,1288.6,3441430.0,6195.0,3518335.0,6344.0,0.0,76905.0,61962.0,13
27,1240.0362,1249.9565,2022-05-30,1238.6,1238.6,2022-06-02,1252.1,1252.1,3365175.0,6057.0,3389617.0,6112.0,0.0,24443.0,9739.0,3
28,1249.9565,1259.9562,2022-05-30,1238.6,1238.6,2022-06-10,1268.9,1268.9,3365175.0,6057.0,3435097.0,6194.0,0.0,69923.0,55301.0,11
29,1259.9562,1270.0358,2022-05-27,1256.2,1256.2,2022-06-13,1284.0,1284.0,3371316.0,6068.0,3433529.0,6191.0,0.0,62214.0,47552.0,17
30,1270.0358,1280.1961,2022-05-18,1266.6,1266.6,2022-06-13,1284.0,1284.0,3373477.0,6072.0,3407520.0,6145.0,0.0,34043.0,19321.0,26
31,1280.1961,1290.4377,2009-07-15,1278.5,1278.5,2022-06-15,1290.5,1290.5,1016007.0,1829.0,1021855.0,1843.0,0.0,5848.0,1406.0,4718
32,1290.4377,1300.7612,2009-07-15,1278.5,1278.5,2022-06-23,1301.8,1301.8,1016007.0,1829.0,1030803.0,1859.0,0.0,14795.0,10369.0,4726
32,1290.4377,1300.7612,2022-06-27,1286.5,1286.5,2022-07-06,1306.3,1306.3,3463269.0,6234.0,3503922.0,6318.0,0.0,40654.0,25550.0,9
33,1300.7612,1311.1672,2009-07-14,1293.0,1293.0,2022-07-12,1312.1,1312.1,1017194.0,1831.0,1028508.0,1855.0,0.0,11313.0,6876.0,4746
34,1311.1672,1321.6566,2009-04-30,1282.0,1282.0,2022-07-15,1326.1,1326.1,1011237.0,1820.0,1042260.0,1879.0,0.0,31024.0,26648.0,4824
33,1300.7612,1311.1672,2022-08-05,1298.3,1298.3,2022-08-18,1320.7,1320.7,3552448.0,6394.0,3600742.0,6493.0,0.0,48294.0,32813.0,13
35,1321.6566,1332.2298,2009-04-30,1282.0,1282.0,2022-08-22,1339.8,1339.8,1011237.0,1820.0,1053028.0,1899.0,0.0,41791.0,37435.0,4862
36,1332.2298,1342.8877,2009-04-30,1282.0,1282.0,2022-08-23,1345.5,1345.5,1011237.0,1820.0,1057508.0,1907.0,0.0,46271.0,41923.0,4863
37,1342.8877,1353.6308,2009-04-29,1340.7,1340.7,2022-09-01,1354.9,1354.9,1014578.0,1826.0,1021636.0,1842.0,0.0,7058.0,2625.0,4873
38,1353.6308,1364.4598,2009-04-02,1334.5,1334.5,2022-09-05,1371.4,1371.4,1011806.0,1821.0,1036043.0,1868.0,0.0,24237.0,19847.0,4904
39,1364.4598,1375.3755,2009-04-02,1334.5,1334.5,2022-09-07,1384.2,1384.2,1011806.0,1821.0,1045713.0,1886.0,0.0,33907.0,29534.0,4906
40,1375.3755,1386.3785,2009-04-02,1334.5,1334.5,2022-09-14,1390.9,1390.9,1011806.0,1821.0,1050775.0,1895.0,0.0,38969.0,34605.0,4913
41,1386.3785,1397.4695,2009-03-24,1383.5,1383.5,2022-09-22,1409.7,1409.7,1038636.0,1870.0,1054499.0,1902.0,0.0,15863.0,11340.0,4930
42,1397.4695,1408.6493,2009-03-23,1392.0,1392.0,2022-09-22,1409.7,1409.7,1038815.0,1870.0,1048240.0,1890.0,0.0,9425.0,4890.0,4931
43,1408.6493,1419.9185,2009-03-19,1396.0,1396.0,2022-09-26,1431.3,1431.3,1038598.0,1869.0,1061030.0,1913.0,0.0,22432.0,17921.0,4939
44,1419.9185,1431.2778,2009-03-17,1408.5,1408.5,2022-09-26,1431.3,1431.3,1038622.0,1870.0,1051639.0,1896.0,0.0,13016.0,8488.0,4941
35,1321.6566,1332.2298,2022-11-11,1318.4,1318.4,2022-11-17,1339.1,1339.1,2385586.0,4294.0,2414327.0,4354.0,0.0,28741.0,18338.0,6
36,1332.2298,1342.8877,2022-11-11,1318.4,1318.4,2022-11-21,1354.7,1354.7,2385586.0,4294.0,2442453.0,4404.0,0.0,56867.0,46515.0,10
37,1342.8877,1353.6308,2022-11-11,1318.4,1318.4,2022-11-21,1354.7,1354.7,2385586.0,4294.0,2442453.0,4404.0,0.0,56867.0,46515.0,10
33,1300.7612,1311.1672,2022-12-01,1299.7,1299.7,2022-12-06,1318.8,1318.8,4770602.0,8587.0,4823299.0,8698.0,0.0,52696.0,31885.0,5
34,1311.1672,1321.6566,2022-12-01,1299.7,1299.7,2022-12-07,1321.7,1321.7,2385301.0,4294.0,2416953.0,4358.0,0.0,31651.0,21255.0,6
25,1220.4312,1230.1947,2023-02-02,1220.3,1220.3,2023-02-06,1252.8,1252.8,4711107.0,8480.0,4819181.0,8690.0,0.0,108074.0,87623.0,4
26,1230.1947,1240.0362,2023-01-30,1227.4,1227.4,2023-02-06,1252.8,1252.8,4722956.0,8501.0,4803355.0,8662.0,0.0,80399.0,59846.0,7
27,1240.0362,1249.9565,2023-01-16,1235.3,1235.3,2023-02-06,1252.8,1252.8,4728152.0,8511.0,4777887.0,8616.0,0.0,49735.0,29104.0,21
28,1249.9565,1259.9562,2023-01-09,1243.5,1243.5,2023-02-08,1260.1,1260.1,4736093.0,8525.0,4782055.0,8623.0,0.0,45962.0,25290.0,30
29,1259.9562,1270.0358,2023-01-09,1243.5,1243.5,2023-02-13,1277.3,1277.3,4736093.0,8525.0,4847329.0,8741.0,0.0,111236.0,90681.0,35
30,1270.0358,1280.1961,2022-12-28,1267.0,1267.0,2023-02-15,1282.2,1282.2,4758025.0,8564.0,4797787.0,8652.0,0.0,39762.0,18983.0,49
31,1280.1961,1290.4377,2022-12-22,1276.2,1276.2,2023-02-17,1299.5,1299.5,4764220.0,8576.0,4833754.0,8716.0,0.0,69533.0,48780.0,57
32,1290.4377,1300.7612,2022-12-20,1289.6,1289.6,2023-02-22,1304.9,1304.9,4774755.0,8595.0,4814025.0,8681.0,0.0,39271.0,18417.0,64
33,1300.7612,1311.1672,2022-12-14,1296.3,1296.3,2023-02-27,1323.0,1323.0,4777028.0,8599.0,4857885.0,8760.0,0.0,80857.0,60068.0,75
34,1311.1672,1321.6566,2022-12-09,1301.3,1301.3,2023-02-27,1323.0,1323.0,2388918.0,4300.0,2420019.0,4364.0,0.0,31101.0,20688.0,80
33,1300.7612,1311.1672,2023-03-06,1296.9,1296.9,2023-03-08,1321.4,1321.4,4827853.0,8690.0,4901364.0,8838.0,0.0,73511.0,52486.0,2
34,1311.1672,1321.6566,2023-03-03,1301.6,1301.6,2023-03-09,1322.2,1322.2,2414764.0,4347.0,2444158.0,4407.0,0.0,29395.0,18866.0,6
31,1280.1961,1290.4377,2023-03-23,1278.3,1278.3,2023-03-24,1294.3,1294.3,4827118.0,8689.0,4869958.0,8782.0,0.0,42840.0,21763.0,1
32,1290.4377,1300.7612,2023-03-23,1278.3,1278.3,2023-03-27,1301.5,1301.5,4827118.0,8689.0,4897048.0,8831.0,0.0,69931.0,48903.0,4
33,1300.7612,1311.1672,2023-03-23,1278.3,1278.3,2023-04-03,1316.5,1316.5,4827118.0,8689.0,4953488.0,8932.0,0.0,126370.0,105444.0,11
34,1311.1672,1321.6566,2023-03-13,1301.8,1301.8,2023-04-11,1322.2,1322.2,2418609.0,4353.0,2447675.0,4414.0,0.0,29066.0,18519.0,29
33,1300.7612,1311.1672,2023-04-14,1298.9,1298.9,2023-04-18,1318.6,1318.6,4854954.0,8739.0,4910860.0,8855.0,0.0,55907.0,34731.0,4
34,1311.1672,1321.6566,2023-04-13,1310.4,1310.4,2023-04-19,1325.7,1325.7,2430853.0,4376.0,2450390.0,4419.0,0.0,19537.0,8919.0,6
35,1321.6566,1332.2298,2022-11-30,1318.8,1318.8,2023-04-24,1334.8,1334.8,2391542.0,4305.0,2411851.0,4349.0,0.0,20309.0,9865.0,145
35,1321.6566,1332.2298,2023-05-08,1321.4,1321.4,2023-05-12,1334.5,1334.5,2439927.0,4392.0,2455253.0,4427.0,0.0,15326.0,4661.0,4
31,1280.1961,1290.4377,2023-06-13,1271.4,1271.4,2023-06-21,1292.0,1292.0,4860396.0,8749.0,4921382.0,8874.0,0.0,60986.0,39796.0,8
32,1290.4377,1300.7612,2023-06-12,1288.3,1288.3,2023-06-23,1304.2,1304.2,4874449.0,8774.0,4916861.0,8866.0,0.0,42411.0,21126.0,11
33,1300.7612,1311.1672,2023-06-09,1291.5,1291.5,2023-06-29,1317.6,1317.6,4875629.0,8776.0,4956270.0,8937.0,0.0,80641.0,59420.0,20
30,1270.0358,1280.1961,2023-07-14,1265.8,1265.8,2023-07-21,1283.4,1283.4,4871709.0,8769.0,4921680.0,8875.0,0.0,49971.0,28712.0,7
31,1280.1961,1290.4377,2023-07-13,1274.0,1274.0,2023-08-02,1298.5,1298.5,4879371.0,8783.0,4955318.0,8936.0,0.0,75947.0,54700.0,20
32,1290.4377,1300.7612,2023-07-12,1288.7,1288.7,2023-08-04,1309.8,1309.8,4891567.0,8805.0,4953775.0,8933.0,0.0,62208.0,40884.0,23
33,1300.7612,1311.1672,2023-07-05,1298.6,1298.6,2023-08-08,1315.7,1315.7,4895683.0,8812.0,4942309.0,8912.0,0.0,46626.0,25255.0,34
34,1311.1672,1321.6566,2023-06-02,1305.7,1305.7,2023-08-11,1324.9,1324.9,2440576.0,4393.0,2467556.0,4450.0,0.0,26981.0,16334.0,70
35,1321.6566,1332.2298,2023-05-22,1318.1,1318.1,2023-08-16,1336.9,1336.9,2442547.0,4397.0,2468474.0,4451.0,0.0,25927.0,15270.0,86
35,1321.6566,1332.2298,2023-09-01,1318.8,1318.8,2023-09-07,1335.4,1335.4,2469874.0,4446.0,2491967.0,4494.0,0.0,22093.0,11309.0,6
36,1332.2298,1342.8877,2022-11-24,1328.2,1328.2,2023-09-26,1348.5,1348.5,2392600.0,4307.0,2420431.0,4365.0,0.0,27831.0,17396.0,306
37,1342.8877,1353.6308,2022-11-24,1328.2,1328.2,2023-10-04,1363.5,1363.5,2392600.0,4307.0,2447354.0,4413.0,0.0,54755.0,44368.0,314
37,1342.8877,1353.6308,2023-10-11,1338.7,1338.7,2023-10-16,1353.7,1353.7,2484543.0,4472.0,2503346.0,4514.0,0.0,18803.0,7948.0,5
33,1300.7612,1311.1672,2023-11-06,1297.3,1297.3,2023-11-10,1316.8,1316.8,4960944.0,8930.0,5017402.0,9048.0,0.0,56458.0,34819.0,4
34,1311.1672,1321.6566,2023-11-06,1297.3,1297.3,2023-11-13,1325.1,1325.1,2480472.0,4465.0,2524514.0,4552.0,0.0,44041.0,33251.0,7
32,1290.4377,1300.7612,2023-11-21,1289.2,1289.2,2023-11-24,1306.4,1306.4,4964711.0,8936.0,5012853.0,9039.0,0.0,48142.0,26472.0,3
32,1290.4377,1300.7612,2023-11-29,1289.6,1289.6,2023-12-01,1305.8,1305.8,4970453.0,8947.0,5014790.0,9043.0,0.0,44337.0,22635.0,2
33,1300.7612,1311.1672,2023-11-16,1296.9,1296.9,2023-12-05,1311.2,1311.2,4968193.0,8943.0,5004907.0,9025.0,0.0,36714.0,15008.0,19
34,1311.1672,1321.6566,2023-11-15,1300.8,1300.8,2023-12-07,1325.3,1325.3,2485135.0,4473.0,2522834.0,4549.0,0.0,37700.0,26877.0,22
32,1290.4377,1300.7612,2023-12-28,1288.0,1288.0,2024-01-03,1304.8,1304.8,4984876.0,8973.0,5031733.0,9073.0,0.0,46857.0,25096.0,6
33,1300.7612,1311.1672,2023-12-14,1295.4,1295.4,2024-01-05,1315.4,1315.4,4983641.0,8971.0,5042383.0,9093.0,0.0,58742.0,37008.0,22
34,1311.1672,1321.6566,2023-12-08,1306.8,1306.8,2024-01-16,1331.8,1331.8,2493944.0,4489.0,2532513.0,4567.0,0.0,38569.0,27709.0,39
35,1321.6566,1332.2298,2023-11-06,1297.3,1297.3,2024-01-17,1344.2,1344.2,2480472.0,4465.0,2560902.0,4618.0,0.0,80430.0,69705.0,72
36,1332.2298,1342.8877,2023-11-03,1322.4,1322.4,2024-01-17,1344.2,1344.2,2486227.0,4475.0,2518123.0,4541.0,0.0,31896.0,21058.0,75
34,1311.1672,1321.6566,2024-03-11,1310.3,1310.3,2024-03-15,1330.5,1330.5,5538091.0,9969.0,5603241.0,10104.0,0.0,65151.0,40998.0,4
35,1321.6566,1332.2298,2024-03-08,1319.8,1319.8,2024-03-18,1333.7,1333.7,2771316.0,4988.0,2790431.0,5032.0,0.0,19114.0,7004.0,10
36,1332.2298,1342.8877,2024-01-30,1329.4,1329.4,2024-03-27,1348.7,1348.7,2515037.0,4527.0,2542373.0,4585.0,0.0,27336.0,16363.0,57
37,1342.8877,1353.6308,2023-11-03,1322.4,1322.4,2024-04-09,1354.9,1354.9,2486227.0,4475.0,2538167.0,4577.0,0.0,51941.0,41139.0,158
38,1353.6308,1364.4598,2022-11-11,1318.4,1318.4,2024-04-12,1375.4,1375.4,2385586.0,4294.0,2479774.0,4472.0,0.0,94188.0,83903.0,518
39,1364.4598,1375.3755,2022-11-11,1318.4,1318.4,2024-04-12,1375.4,1375.4,2385586.0,4294.0,2479774.0,4472.0,0.0,94188.0,83903.0,518
40,1375.3755,1386.3785,2022-11-09,1364.8,1364.8,2024-04-16,1394.5,1394.5,2391740.0,4305.0,2434998.0,4391.0,0.0,43258.0,32855.0,524
38,1353.6308,1364.4598,2024-05-16,1345.0,1345.0,2024-05-24,1369.5,1369.5,2796882.0,5034.0,2837586.0,5117.0,0.0,40704.0,28520.0,8
39,1364.4598,1375.3755,2024-05-03,1362.8,1362.8,2024-05-30,1379.4,1379.4,2797071.0,5035.0,2820959.0,5087.0,0.0,23888.0,11673.0,27
40,1375.3755,1386.3785,2024-04-18,1372.9,1372.9,2024-06-21,1388.3,1388.3,2796167.0,5033.0,2817362.0,5080.0,0.0,21195.0,8979.0,64
36,1332.2298,1342.8877,2024-08-26,1326.8,1326.8,2024-09-10,1343.7,1343.7,3249634.0,5849.0,3279189.0,5913.0,0.0,29555.0,15367.0,15
34,1311.1672,1321.6566,2024-09-30,1307.8,1307.8,2024-10-04,1333.7,1333.7,6625720.0,11926.0,6732634.0,12141.0,0.0,106914.0,78071.0,4
35,1321.6566,1332.2298,2024-09-27,1318.6,1318.6,2024-10-04,1333.7,1333.7,6635973.0,11945.0,6687824.0,12060.0,0.0,51851.0,22863.0,7
36,1332.2298,1342.8877,2024-09-13,1329.5,1329.5,2024-10-07,1346.7,1346.7,6637615.0,11948.0,6699305.0,12080.0,0.0,61689.0,32712.0,24
37,1342.8877,1353.6308,2024-08-19,1334.0,1334.0,2024-10-14,1355.9,1355.9,3250194.0,5850.0,3291670.0,5936.0,0.0,41476.0,27307.0,56
38,1353.6308,1364.4598,2024-08-19,1334.0,1334.0,2024-10-17,1368.6,1368.6,3250194.0,5850.0,3322501.0,5991.0,0.0,72307.0,58194.0,59
39,1364.4598,1375.3755,2024-08-14,1360.6,1360.6,2024-10-22,1380.1,1380.1,3255171.0,5859.0,3289948.0,5933.0,0.0,34777.0,20574.0,69
40,1375.3755,1386.3785,2024-08-01,1366.2,1366.2,2024-10-25,1388.7,1388.7,3252603.0,5855.0,3294279.0,5940.0,0.0,41676.0,27497.0,85
40,1375.3755,1386.3785,2024-11-04,1370.9,1370.9,2024-11-06,1396.2,1396.2,3796176.0,6833.0,3852329.0,6947.0,0.0,56153.0,39618.0,2
41,1386.3785,1397.4695,2022-11-08,1384.9,1384.9,2024-11-12,1403.5,1403.5,2393948.0,4309.0,2417374.0,4359.0,0.0,23426.0,12977.0,735
42,1397.4695,1408.6493,2022-11-08,1384.9,1384.9,2024-12-04,1410.1,1410.1,2393948.0,4309.0,2428742.0,4380.0,0.0,34794.0,24365.0,757
43,1408.6493,1419.9185,2022-11-07,1401.2,1401.2,2024-12-09,1437.0,1437.0,2394797.0,4311.0,2447149.0,4413.0,0.0,52352.0,41952.0,763
44,1419.9185,1431.2778,2022-11-01,1417.2,1417.2,2024-12-09,1437.0,1437.0,2394013.0,4309.0,2418730.0,4362.0,0.0,24716.0,14269.0,769
45,1431.2778,1442.7281,2009-03-17,1408.5,1408.5,2024-12-19,1451.9,1451.9,1038622.0,1870.0,1066774.0,1924.0,0.0,28152.0,23651.0,5756
45,1431.2778,1442.7281,2025-02-24,1427.4,1427.4,2025-02-27,1443.0,1443.0,3520662.0,6337.0,3546338.0,6395.0,0.0,25676.0,10293.0,3
46,1442.7281,1454.2699,2025-02-17,1441.7,1441.7,2025-02-28,1463.4,1463.4,3520444.0,6337.0,3560579.0,6421.0,0.0,40136.0,24780.0,11
46,1442.7281,1454.2699,2025-03-06,1442.4,1442.4,2025-03-11,1458.2,1458.2,3754819.0,6759.0,3782296.0,6820.0,0.0,27477.0,11072.0,5
47,1454.2699,1465.904,2025-02-05,1444.3,1444.3,2025-03-24,1467.7,1467.7,3517594.0,6332.0,3561728.0,6423.0,0.0,44134.0,28798.0,47
46,1442.7281,1454.2699,2025-04-04,1434.1,1434.1,2025-04-07,1467.8,1467.8,3763082.0,6774.0,3837657.0,6920.0,0.0,74576.0,58219.0,3
47,1454.2699,1465.904,2025-04-04,1434.1,1434.1,2025-04-07,1467.8,1467.8,3763082.0,6774.0,3837657.0,6920.0,0.0,74576.0,58219.0,3
48,1465.904,1477.6313,2025-04-04,1434.1,1434.1,2025-04-09,1484.1,1484.1,3763082.0,6774.0,3880275.0,6997.0,0.0,117193.0,100913.0,5
44,1419.9185,1431.2778,2025-04-17,1418.9,1418.9,2025-04-24,1435.0,1435.0,3767089.0,6781.0,3796131.0,6845.0,0.0,29041.0,12585.0,7
42,1397.4695,1408.6493,2025-05-08,1396.6,1396.6,2025-05-13,1416.0,1416.0,3685418.0,6634.0,3723172.0,6714.0,0.0,37754.0,21671.0,5
43,1408.6493,1419.9185,2025-05-02,1405.3,1405.3,2025-05-14,1420.2,1420.2,3687099.0,6637.0,3712790.0,6695.0,0.0,25691.0,9579.0,12
39,1364.4598,1375.3755,2025-05-26,1364.4,1364.4,2025-05-28,1376.5,1376.5,7354164.0,13237.0,7392698.0,13331.0,0.0,38534.0,6375.0,2
39,1364.4598,1375.3755,2025-06-05,1358.4,1358.4,2025-06-19,1380.2,1380.2,7350463.0,13231.0,7441564.0,13419.0,0.0,91100.0,59052.0,14
38,1353.6308,1364.4598,2025-06-30,1350.0,1350.0,2025-07-07,1367.8,1367.8,7353635.0,13237.0,7423796.0,13387.0,0.0,70161.0,38061.0,7
39,1364.4598,1375.3755,2025-06-24,1360.2,1360.2,2025-07-11,1375.4,1375.4,7366173.0,13259.0,7421698.0,13383.0,0.0,55525.0,23344.0,17
40,1375.3755,1386.3785,2025-05-26,1364.4,1364.4,2025-07-17,1392.6,1392.6,7354164.0,13237.0,7479166.0,13487.0,0.0,125001.0,92998.0,52
40,1375.3755,1386.3785,2025-07-24,1367.2,1367.2,2025-07-29,1391.0,1391.0,7398140.0,13317.0,7499853.0,13524.0,0.0,101713.0,69475.0,5
41,1386.3785,1397.4695,2025-05-22,1381.3,1381.3,2025-08-01,1401.4,1401.4,7369774.0,13266.0,7450122.0,13434.0,0.0,80348.0,48196.0,71
41,1386.3785,1397.4695,2025-08-04,1385.2,1385.2,2025-08-20,1398.4,1398.4,7426773.0,13368.0,7470578.0,13471.0,0.0,43805.0,11337.0,16
41,1386.3785,1397.4695,2025-08-25,1384.7,1384.7,2025-09-24,1397.5,1397.5,7438365.0,13389.0,7480123.0,13489.0,0.0,41758.0,9236.0,30
42,1397.4695,1408.6493,2025-05-15,1394.5,1394.5,2025-09-26,1412.4,1412.4,3688567.0,6639.0,3722476.0,6713.0,0.0,33910.0,17806.0,134
43,1408.6493,1419.9185,2025-05-15,1394.5,1394.5,2025-10-10,1421.0,1421.0,3688567.0,6639.0,3745142.0,6753.0,0.0,56576.0,40513.0,148
44,1419.9185,1431.2778,2025-05-02,1405.3,1405.3,2025-10-23,1439.6,1439.6,3687099.0,6637.0,3763507.0,6787.0,0.0,76408.0,60388.0,174
45,1431.2778,1442.7281,2025-04-14,1424.1,1424.1,2025-11-05,1449.4,1449.4,3767813.0,6782.0,3820958.0,6890.0,0.0,53145.0,36729.0,205
46,1442.7281,1454.2699,2025-04-14,1424.1,1424.1,2025-11-07,1456.9,1456.9,3767813.0,6782.0,3840729.0,6926.0,0.0,72917.0,56536.0,207
47,1454.2699,1465.904,2025-04-11,1449.9,1449.9,2025-11-13,1467.7,1467.7,3770114.0,6786.0,3802672.0,6857.0,0.0,32558.0,16095.0,216
48,1465.904,1477.6313,2025-04-10,1456.4,1456.4,2025-12-17,1479.8,1479.8,3770383.0,6787.0,3817183.0,6883.0,0.0,46800.0,30361.0,251
45,1431.2778,1442.7281,2025-12-29,1429.8,1429.8,2026-01-05,1443.8,1443.8,4023442.0,7242.0,4048224.0,7300.0,0.0,24783.0,7195.0,7
46,1442.7281,1454.2699,2025-12-26,1440.3,1440.3,2026-01-09,1457.6,1457.6,4024746.0,7245.0,4058439.0,7318.0,0.0,33693.0,16116.0,14
47,1454.2699,1465.904,2025-12-24,1449.8,1449.8,2026-01-12,1468.4,1468.4,4025718.0,7246.0,4062700.0,7326.0,0.0,36982.0,19407.0,19
48,1465.904,1477.6313,2025-12-24,1449.8,1449.8,2026-01-20,1478.1,1478.1,4025718.0,7246.0,4089538.0,7374.0,0.0,63820.0,46293.0,27
45,1431.2778,1442.7281,2026-01-28,1422.5,1422.5,2026-02-02,1464.3,1464.3,3853902.0,6937.0,3952880.0,7128.0,0.0,98978.0,82267.0,5
46,1442.7281,1454.2699,2026-01-26,1440.6,1440.6,2026-02-02,1464.3,1464.3,3857873.0,6944.0,3907236.0,7046.0,0.0,49364.0,32546.0,7
47,1454.2699,1465.904,2026-01-26,1440.6,1440.6,2026-02-05,1469.0,1469.0,3857873.0,6944.0,3919777.0,7068.0,0.0,61905.0,45110.0,10
45,1431.2778,1442.7281,2026-02-25,1429.4,1429.4,2026-03-03,1466.1,1466.1,3783537.0,6810.0,3866722.0,6973.0,0.0,83185.0,66754.0,6
46,1442.7281,1454.2699,2026-02-12,1440.2,1440.2,2026-03-03,1466.1,1466.1,3782690.0,6809.0,3836866.0,6919.0,0.0,54176.0,37697.0,19
47,1454.2699,1465.904,2026-02-11,1450.1,1450.1,2026-03-03,1466.1,1466.1,3784236.0,6812.0,3812229.0,6874.0,0.0,27993.0,11460.0,20
48,1465.904,1477.6313,2026-01-23,1465.8,1465.8,2026-03-09,1495.5,1495.5,3860142.0,6948.0,3924191.0,7076.0,0.0,64049.0,47248.0,45
49,1477.6313,1489.4523,2026-01-21,1471.3,1471.3,2026-03-09,1495.5,1495.5,3860108.0,6948.0,3909487.0,7050.0,0.0,49379.0,32552.0,47
49,1477.6313,1489.4523,2026-03-10,1469.2,1469.2,2026-03-13,1493.7,1493.7,3967279.0,7141.0,4018929.0,7247.0,0.0,51650.0,34357.0,3
50,1489.4523,1501.3679,2026-03-10,1469.2,1469.2,2026-03-23,1517.3,1517.3,3967279.0,7141.0,4082427.0,7362.0,0.0,115148.0,97969.0,13
51,1501.3679,1513.3789,2026-03-24,1495.2,1495.2,2026-03-30,1515.7,1515.7,3974828.0,7155.0,4014833.0,7240.0,0.0,40005.0,22658.0,6
51,1501.3679,1513.3789,2026-04-01,1501.3,1501.3,2026-04-02,1519.7,1519.7,3976683.0,7158.0,4010943.0,7233.0,0.0,34260.0,16894.0,1
47,1454.2699,1465.904,2026-05-07,1454.0,1454.0,2026-05-08,1471.7,1471.7,3978917.0,7162.0,4012868.0,7236.0,0.0,33951.0,16575.0,1
48,1465.904,1477.6313,2026-05-04,1462.8,1462.8,2026-05-12,1489.9,1489.9,3980874.0,7166.0,4040041.0,7285.0,0.0,59167.0,41828.0,8
49,1477.6313,1489.4523,2026-04-08,1470.6,1470.6,2026-05-12,1489.9,1489.9,3977397.0,7159.0,4015102.0,7240.0,0.0,37705.0,20343.0,34
50,1489.4523,1501.3679,2026-04-08,1470.6,1470.6,2026-05-19,1507.8,1507.8,3977397.0,7159.0,4063341.0,7327.0,0.0,85944.0,68668.0,41
51,1501.3679,1513.3789,2026-04-08,1470.6,1470.6,2026-05-22,1517.2,1517.2,3977397.0,7159.0,4088673.0,7373.0,0.0,111276.0,94046.0,44
51,1501.3679,1513.3789,2026-05-27,1501.2,1501.2,2026-06-02,1516.4,1516.4,3998710.0,7198.0,4024670.0,7257.0,0.0,25960.0,8483.0,6
52,1513.3789,1525.4859,2026-04-01,1501.3,1501.3,2026-06-04,1529.7,1529.7,3976683.0,7158.0,4037336.0,7280.0,0.0,60653.0,43335.0,64
52,1513.3789,1525.4859,2026-06-09,1512.1,1512.1,2026-06-11,1528.9,1528.9,4003280.0,7206.0,4033199.0,7273.0,0.0,29919.0,12429.0,2
52,1513.3789,1525.4859,2026-06-15,1511.1,1511.1,2026-06-18,1527.1,1527.1,4005668.0,7210.0,4033521.0,7273.0,0.0,27853.0,10349.0,3
