날짜,종가,NAV,괴리율
2016-12-27,10040,10054.22,-0.14
2016-12-28,10050,10078.07,-0.28
2016-12-29,10055,10066.17,-0.11
2017-01-02,10055,10058.1,-0.03
2017-01-03,10020,10019.64,0.0
2017-01-04,10030,10045.82,-0.16
2017-01-05,9880,9870.47,0.1
2017-01-06,9935,9941.76,-0.07
2017-01-09,10050,10070.22,-0.2
2017-01-10,9945,9956.28,-0.11
2017-01-11,9930,9963.78,-0.34
2017-01-12,9860,9871.53,-0.12
2017-01-13,9785,9786.87,-0.02
2017-01-16,9850,9846.28,0.04
2017-01-17,9775,9788.41,-0.14
2017-01-18,9715,9704.48,0.11
2017-01-19,9810,9813.25,-0.03
2017-01-20,9735,9752.86,-0.18
2017-01-23,9695,9707.15,-0.13
2017-01-24,9695,9714.04,-0.2
2017-01-25,9695,9723.46,-0.29
2017-01-26,9640,9662.27,-0.23
2017-01-31,9675,9688.6,-0.14
2017-02-01,9650,9650.59,-0.01
2017-02-02,9555,9546.3,0.09
2017-02-03,9560,9564.52,-0.05
2017-02-06,9480,9481.48,-0.02
2017-02-07,9530,9538.7,-0.09
2017-02-08,9545,9562.31,-0.18
2017-02-09,9545,9558.49,-0.14
2017-02-10,9575,9591.46,-0.17
2017-02-13,9590,9598.38,-0.09
2017-02-14,9475,9485.2,-0.11
2017-02-15,9500,9522.72,-0.24
2017-02-16,9500,9521.8,-0.23
2017-02-17,9550,9565.68,-0.16
2017-02-20,9565,9572.5,-0.08
2017-02-21,9545,9557.77,-0.13
2017-02-22,9520,9531.34,-0.12
2017-02-23,9480,9492.48,-0.13
2017-02-24,9425,9440.43,-0.16
2017-02-27,9450,9464.03,-0.15
2017-02-28,9430,9430.23,-0.0
2017-03-02,9510,9532.41,-0.24
2017-03-03,9640,9643.66,-0.04
2017-03-06,9640,9655.7,-0.16
2017-03-07,9565,9575.65,-0.11
2017-03-08,9555,9564.77,-0.1
2017-03-09,9660,9659.45,0.01
2017-03-10,9640,9664.08,-0.25
2017-03-13,9550,9550.09,-0.0
2017-03-14,9565,9595.37,-0.32
2017-03-15,9545,9546.98,-0.02
2017-03-16,9450,9448.67,0.01
2017-03-17,9440,9435.34,0.05
2017-03-20,9350,9349.4,0.01
2017-03-21,9330,9345.49,-0.17
2017-03-22,9375,9376.35,-0.01
2017-03-23,9350,9365.13,-0.16
2017-03-24,9365,9365.63,-0.01
2017-03-27,9285,9290.59,-0.06
2017-03-28,9290,9299.37,-0.1
2017-03-29,9300,9307.87,-0.08
2017-03-30,9325,9322.7,0.02
2017-03-31,9335,9340.04,-0.05
2017-04-03,9310,9316.94,-0.07
2017-04-04,9350,9374.98,-0.27
2017-04-05,9385,9388.71,-0.04
2017-04-06,9445,9464.27,-0.2
2017-04-07,9470,9474.68,-0.05
2017-04-10,9535,9542.94,-0.08
2017-04-11,9575,9579.0,-0.04
2017-04-12,9520,9538.9,-0.2
2017-04-13,9440,9440.62,-0.01
2017-04-14,9510,9523.27,-0.14
2017-04-17,9500,9510.85,-0.11
2017-04-18,9525,9542.01,-0.18
2017-04-19,9515,9522.2,-0.08
2017-04-20,9505,9519.1,-0.15
2017-04-21,9455,9482.77,-0.29
2017-04-24,9440,9448.77,-0.09
2017-04-25,9390,9404.74,-0.16
2017-04-26,9400,9417.53,-0.19
2017-04-27,9430,9445.65,-0.17
2017-04-28,9485,9503.41,-0.19
2017-05-02,9450,9456.19,-0.07
2017-05-04,9455,9476.46,-0.23
2017-05-08,9460,9466.12,-0.06
2017-05-10,9480,9504.28,-0.26
2017-05-11,9430,9438.86,-0.09
2017-05-12,9420,9428.72,-0.09
2017-05-15,9395,9392.21,0.03
2017-05-16,9330,9332.36,-0.03
2017-05-17,9345,9351.87,-0.07
2017-05-18,9405,9407.43,-0.03
2017-05-19,9405,9433.03,-0.3
2017-05-22,9350,9347.92,0.02
2017-05-23,9385,9397.42,-0.13
2017-05-24,9420,9417.63,0.03
2017-05-25,9325,9345.07,-0.21
2017-05-26,9355,9370.79,-0.17
2017-05-29,9375,9388.37,-0.14
2017-05-30,9395,9407.03,-0.13
2017-05-31,9360,9356.35,0.04
2017-06-01,9375,9393.67,-0.2
2017-06-02,9380,9389.88,-0.11
2017-06-05,9350,9356.82,-0.07
2017-06-07,9395,9400.55,-0.06
2017-06-08,9375,9392.52,-0.19
2017-06-09,9380,9405.47,-0.27
2017-06-12,9425,9438.2,-0.14
2017-06-13,9425,9449.88,-0.26
2017-06-14,9390,9406.77,-0.18
2017-06-15,9390,9407.66,-0.19
2017-06-16,9490,9497.79,-0.08
2017-06-19,9480,9484.61,-0.05
2017-06-20,9505,9506.58,-0.02
2017-06-21,9555,9571.96,-0.18
2017-06-22,9540,9551.48,-0.12
2017-06-23,9525,9528.21,-0.03
2017-06-26,9510,9512.48,-0.03
2017-06-27,9510,9520.38,-0.11
2017-06-28,9555,9580.46,-0.27
2017-06-29,9535,9558.26,-0.24
2017-06-30,9575,9585.01,-0.1
2017-07-03,9590,9603.78,-0.14
2017-07-04,9635,9635.2,-0.0
2017-07-05,9625,9630.6,-0.06
2017-07-06,9685,9693.91,-0.09
2017-07-07,9665,9672.84,-0.08
2017-07-10,9630,9637.66,-0.08
2017-07-11,9635,9646.33,-0.12
2017-07-12,9580,9600.94,-0.22
2017-07-13,9520,9524.5,-0.05
2017-07-14,9500,9505.84,-0.06
2017-07-17,9455,9457.63,-0.03
2017-07-18,9415,9415.2,-0.0
2017-07-19,9395,9406.11,-0.12
2017-07-20,9435,9435.15,-0.0
2017-07-21,9375,9375.29,-0.0
2017-07-24,9340,9336.84,0.03
2017-07-25,9350,9349.53,0.01
2017-07-26,9400,9401.88,-0.02
2017-07-27,9330,9337.72,-0.08
2017-07-28,9395,9401.15,-0.07
2017-07-31,9385,9389.7,-0.05
2017-08-01,9380,9395.07,-0.16
2017-08-02,9425,9422.23,0.03
2017-08-03,9460,9467.2,-0.08
2017-08-04,9420,9439.05,-0.2
2017-08-07,9455,9465.17,-0.11
2017-08-08,9440,9445.88,-0.06
2017-08-09,9515,9517.81,-0.03
2017-08-10,9555,9584.05,-0.3
2017-08-11,9570,9599.74,-0.31
2017-08-14,9560,9552.19,0.08
2017-08-16,9555,9578.42,-0.24
2017-08-17,9520,9542.69,-0.24
2017-08-18,9570,9574.62,-0.05
2017-08-21,9555,9558.1,-0.03
2017-08-22,9510,9519.89,-0.1
2017-08-23,9490,9497.39,-0.08
2017-08-24,9465,9471.02,-0.06
2017-08-25,9470,9469.86,0.0
2017-08-28,9400,9396.43,0.04
2017-08-29,9430,9448.66,-0.2
2017-08-30,9430,9441.22,-0.12
2017-08-31,9465,9461.97,0.03
2017-09-01,9430,9425.02,0.05
2017-09-04,9510,9502.43,0.08
2017-09-05,9495,9493.51,0.02
2017-09-06,9525,9529.0,-0.04
2017-09-07,9485,9484.08,0.01
2017-09-08,9470,9471.88,-0.02
2017-09-11,9500,9504.82,-0.05
2017-09-12,9475,9468.01,0.07
2017-09-13,9465,9475.58,-0.11
2017-09-14,9495,9512.43,-0.18
2017-09-15,9485,9497.36,-0.13
2017-09-18,9460,9457.34,0.03
2017-09-19,9480,9494.46,-0.15
2017-09-20,9475,9472.65,0.02
2017-09-21,9510,9510.14,-0.0
2017-09-22,9545,9540.7,0.05
2017-09-25,9505,9506.44,-0.02
2017-09-26,9550,9553.58,-0.04
2017-09-27,9560,9579.91,-0.21
2017-09-28,9650,9653.82,-0.04
2017-09-29,9620,9622.55,-0.03
2017-10-10,9545,9544.43,0.01
2017-10-11,9540,9536.57,0.04
2017-10-12,9520,9523.02,-0.03
2017-10-13,9490,9485.42,0.05
2017-10-16,9480,9474.68,0.06
2017-10-17,9515,9511.73,0.03
2017-10-18,9485,9497.34,-0.13
2017-10-19,9515,9510.9,0.04
2017-10-20,9510,9504.88,0.05
2017-10-23,9500,9494.69,0.06
2017-10-24,9475,9478.04,-0.03
2017-10-25,9480,9477.58,0.03
2017-10-26,9455,9448.42,0.07
2017-10-27,9500,9501.15,-0.01
2017-10-30,9455,9447.24,0.08
2017-10-31,9420,9410.54,0.1
2017-11-01,9370,9360.04,0.11
2017-11-02,9370,9361.42,0.09
2017-11-03,9365,9356.54,0.09
2017-11-06,9375,9374.41,0.01
2017-11-07,9350,9343.53,0.07
2017-11-08,9380,9371.93,0.09
2017-11-09,9375,9373.8,0.01
2017-11-10,9390,9395.23,-0.06
2017-11-13,9425,9431.42,-0.07
2017-11-14,9395,9399.62,-0.05
2017-11-15,9355,9349.77,0.06
2017-11-16,9260,9256.65,0.04
2017-11-17,9225,9225.32,-0.0
2017-11-20,9250,9253.64,-0.04
2017-11-21,9215,9213.56,0.02
2017-11-22,9155,9139.84,0.17
2017-11-23,9130,9125.76,0.05
2017-11-24,9125,9133.89,-0.1
2017-11-27,9155,9156.74,-0.02
2017-11-28,9120,9120.73,-0.01
2017-11-29,9060,9044.97,0.17
2017-11-30,9150,9148.69,0.01
2017-12-01,9125,9136.69,-0.13
2017-12-04,9160,9153.04,0.08
2017-12-05,9115,9128.05,-0.14
2017-12-06,9195,9194.74,0.0
2017-12-07,9200,9207.79,-0.08
2017-12-08,9195,9194.12,0.01
2017-12-11,9190,9186.01,0.04
2017-12-12,9190,9180.43,0.1
2017-12-13,9180,9167.68,0.13
2017-12-14,9145,9151.8,-0.07
2017-12-15,9165,9167.09,-0.02
2017-12-18,9160,9159.7,0.0
2017-12-19,9130,9123.78,0.07
2017-12-20,9095,9088.72,0.07
2017-12-21,9110,9104.23,0.06
2017-12-22,9070,9084.69,-0.16
2017-12-26,9055,9057.93,-0.03
2017-12-27,9035,9032.25,0.03
2017-12-28,9010,8999.5,0.12
2018-01-02,8920,8932.59,-0.14
2018-01-03,8960,8961.08,-0.01
2018-01-04,8940,8942.19,-0.02
2018-01-05,8940,8950.31,-0.12
2018-01-08,8975,8980.93,-0.07
2018-01-09,8985,8987.85,-0.03
2018-01-10,9030,9031.03,-0.01
2018-01-11,9030,9030.49,-0.01
2018-01-12,8970,8953.07,0.19
2018-01-15,8950,8951.87,-0.02
2018-01-16,8950,8947.91,0.02
2018-01-17,9005,9008.7,-0.04
2018-01-18,9020,9022.55,-0.03
2018-01-19,8975,8978.54,-0.04
2018-01-22,9005,9018.42,-0.15
2018-01-23,9010,9022.96,-0.14
2018-01-24,9010,9019.84,-0.11
2018-01-25,8930,8928.33,0.02
2018-01-26,8975,8972.01,0.03
2018-01-29,8980,8990.81,-0.12
2018-01-30,9055,9053.32,0.02
2018-01-31,9010,9004.66,0.06
2018-02-01,9040,9042.16,-0.02
2018-02-02,9110,9110.94,-0.01
2018-02-05,9170,9189.79,-0.22
2018-02-06,9190,9206.15,-0.18
2018-02-07,9165,9157.64,0.08
2018-02-08,9165,9181.74,-0.18
2018-02-09,9200,9209.35,-0.1
2018-02-12,9150,9154.46,-0.05
2018-02-13,9145,9153.22,-0.09
2018-02-14,9085,9091.51,-0.07
2018-02-19,9015,8999.8,0.17
2018-02-20,9050,9059.95,-0.11
2018-02-21,9085,9087.26,-0.02
2018-02-22,9145,9151.03,-0.07
2018-02-23,9110,9106.19,0.04
2018-02-26,9065,9065.97,-0.01
2018-02-27,9050,9041.91,0.09
2018-02-28,9130,9147.99,-0.2
2018-03-02,9125,9127.61,-0.03
2018-03-05,9140,9142.9,-0.03
2018-03-06,9085,9089.9,-0.05
2018-03-07,9035,9031.91,0.03
2018-03-08,9030,9046.51,-0.18
2018-03-09,9030,9034.45,-0.05
2018-03-12,8990,8995.03,-0.06
2018-03-13,9020,9018.87,0.01
2018-03-14,8995,8993.66,0.01
2018-03-15,9010,8996.25,0.15
2018-03-16,9010,9012.03,-0.02
2018-03-19,9055,9051.17,0.04
2018-03-20,9030,9032.03,-0.02
2018-03-21,9055,9057.58,-0.03
2018-03-22,9045,9048.79,-0.04
2018-03-23,9135,9134.06,0.01
2018-03-26,9125,9122.43,0.03
2018-03-27,9045,9036.53,0.09
2018-03-28,9045,9056.24,-0.12
2018-03-29,9015,9002.65,0.14
2018-03-30,8995,8988.13,0.08
2018-04-02,8935,8924.94,0.11
2018-04-03,8905,8921.06,-0.18
2018-04-04,8955,8954.45,0.01
2018-04-05,8960,8964.95,-0.06
2018-04-06,9045,9039.29,0.06
2018-04-09,9030,9021.22,0.1
2018-04-10,9025,9018.96,0.07
2018-04-11,9025,9023.6,0.02
2018-04-12,9050,9052.25,-0.02
2018-04-13,9040,9055.48,-0.17
2018-04-16,9075,9089.63,-0.16
2018-04-17,9035,9033.2,0.02
2018-04-18,9035,9041.95,-0.08
2018-04-19,8985,8992.37,-0.08
2018-04-20,9035,9039.58,-0.05
2018-04-23,9055,9051.8,0.04
2018-04-24,9120,9130.9,-0.12
2018-04-25,9140,9164.24,-0.26
2018-04-26,9160,9149.31,0.12
2018-04-27,9120,9118.88,0.01
2018-04-30,9055,9052.37,0.03
2018-05-02,9110,9121.46,-0.13
2018-05-03,9120,9123.52,-0.04
2018-05-04,9125,9136.36,-0.12
2018-05-08,9115,9125.52,-0.12
2018-05-09,9165,9173.32,-0.09
2018-05-10,9100,9093.19,0.07
2018-05-11,9070,9071.77,-0.02
2018-05-14,9045,9060.98,-0.18
2018-05-15,9110,9108.82,0.01
2018-05-16,9135,9144.08,-0.1
2018-05-17,9160,9169.46,-0.1
2018-05-18,9145,9143.46,0.02
2018-05-21,9205,9201.75,0.04
2018-05-23,9165,9161.15,0.04
2018-05-24,9165,9157.41,0.08
2018-05-25,9150,9144.57,0.06
2018-05-28,9115,9115.99,-0.01
2018-05-29,9140,9145.81,-0.06
2018-05-30,9160,9169.91,-0.11
2018-05-31,9145,9143.11,0.02
2018-06-01,9135,9130.27,0.05
2018-06-04,9100,9103.46,-0.04
2018-06-05,9090,9091.28,-0.01
2018-06-07,9075,9078.05,-0.03
2018-06-08,9130,9132.23,-0.02
2018-06-11,9125,9133.43,-0.09
2018-06-12,9155,9153.8,0.01
2018-06-14,9190,9207.13,-0.19
2018-06-15,9325,9318.5,0.07
2018-06-18,9385,9385.88,-0.01
2018-06-19,9415,9434.59,-0.21
2018-06-20,9395,9394.86,0.0
2018-06-21,9445,9445.48,-0.01
2018-06-22,9410,9410.4,-0.0
2018-06-25,9500,9497.39,0.03
2018-06-26,9470,9481.45,-0.12
2018-06-27,9500,9507.98,-0.08
2018-06-28,9555,9565.32,-0.11
2018-06-29,9470,9485.44,-0.16
2018-07-02,9520,9523.01,-0.03
2018-07-03,9515,9511.55,0.04
2018-07-04,9485,9489.62,-0.05
2018-07-05,9505,9514.87,-0.1
2018-07-06,9485,9496.75,-0.12
2018-07-09,9455,9469.52,-0.15
2018-07-10,9500,9500.43,-0.0
2018-07-11,9525,9532.95,-0.08
2018-07-12,9585,9589.67,-0.05
2018-07-13,9575,9572.06,0.03
2018-07-16,9610,9605.49,0.05
2018-07-17,9575,9575.17,-0.0
2018-07-18,9635,9642.04,-0.07
2018-07-19,9645,9650.99,-0.06
2018-07-20,9640,9661.97,-0.23
2018-07-23,9635,9632.42,0.03
2018-07-24,9665,9681.18,-0.17
2018-07-25,9595,9592.0,0.03
2018-07-26,9525,9550.68,-0.27
2018-07-27,9520,9509.6,0.11
2018-07-30,9530,9547.21,-0.18
2018-07-31,9535,9533.0,0.02
2018-08-01,9545,9549.53,-0.05
2018-08-02,9585,9589.93,-0.05
2018-08-03,9610,9613.62,-0.04
2018-08-06,9565,9581.51,-0.17
2018-08-07,9580,9574.15,0.06
2018-08-08,9545,9544.64,0.0
2018-08-09,9525,9532.24,-0.08
2018-08-10,9615,9624.91,-0.1
2018-08-13,9665,9667.83,-0.03
2018-08-14,9620,9624.37,-0.05
2018-08-16,9640,9631.76,0.09
2018-08-17,9605,9589.76,0.16
2018-08-20,9580,9572.94,0.07
2018-08-21,9540,9540.75,-0.01
2018-08-22,9545,9539.43,0.06
2018-08-23,9565,9562.85,0.02
2018-08-24,9540,9537.82,0.02
2018-08-27,9505,9498.74,0.07
2018-08-28,9465,9470.82,-0.06
2018-08-29,9470,9475.4,-0.06
2018-08-30,9465,9468.03,-0.03
2018-08-31,9505,9499.24,0.06
2018-09-03,9480,9471.54,0.09
2018-09-04,9505,9517.01,-0.13
2018-09-05,9560,9564.26,-0.04
2018-09-06,9585,9591.1,-0.06
2018-09-07,9560,9578.72,-0.2
2018-09-10,9630,9642.11,-0.13
2018-09-11,9595,9608.21,-0.14
2018-09-12,9630,9634.99,-0.05
2018-09-13,9585,9588.73,-0.04
2018-09-14,9540,9531.85,0.09
2018-09-17,9605,9621.55,-0.17
2018-09-18,9595,9591.91,0.03
2018-09-19,9560,9568.18,-0.09
2018-09-20,9555,9569.42,-0.15
2018-09-21,9530,9522.54,0.08
2018-09-27,9495,9510.2,-0.16
2018-09-28,9465,9476.63,-0.12
2018-10-01,9500,9497.42,0.03
2018-10-02,9560,9555.9,0.04
2018-10-04,9640,9653.58,-0.14
2018-10-05,9645,9653.32,-0.09
2018-10-08,9665,9684.43,-0.2
2018-10-10,9675,9693.21,-0.19
2018-10-11,9765,9779.65,-0.15
2018-10-12,9675,9673.16,0.02
2018-10-15,9680,9696.43,-0.17
2018-10-16,9635,9648.69,-0.14
2018-10-17,9615,9618.82,-0.04
2018-10-18,9690,9701.43,-0.12
2018-10-19,9665,9674.67,-0.1
2018-10-22,9650,9643.16,0.07
2018-10-23,9725,9720.5,0.05
2018-10-24,9665,9678.73,-0.14
2018-10-25,9715,9727.74,-0.13
2018-10-26,9755,9760.8,-0.06
2018-10-29,9765,9761.99,0.03
2018-10-30,9730,9742.71,-0.13
2018-10-31,9735,9748.85,-0.14
2018-11-01,9725,9727.78,-0.03
2018-11-02,9600,9589.71,0.11
2018-11-05,9600,9616.57,-0.17
2018-11-06,9615,9618.62,-0.04
2018-11-07,9615,9614.69,0.0
2018-11-08,9560,9556.93,0.03
2018-11-09,9645,9654.16,-0.09
2018-11-12,9705,9711.73,-0.07
2018-11-13,9685,9705.13,-0.21
2018-11-14,9705,9715.87,-0.11
2018-11-15,9680,9669.98,0.1
2018-11-16,9650,9668.46,-0.19
2018-11-19,9665,9661.0,0.04
2018-11-20,9640,9646.57,-0.07
2018-11-21,9685,9680.23,0.05
2018-11-22,9670,9670.3,-0.0
2018-11-23,9680,9679.39,0.01
2018-11-26,9670,9668.5,0.02
2018-11-27,9675,9675.6,-0.01
2018-11-28,9650,9650.04,-0.0
2018-11-29,9590,9593.28,-0.03
2018-11-30,9605,9600.66,0.05
2018-12-03,9520,9512.6,0.08
2018-12-04,9475,9483.0,-0.08
2018-12-05,9550,9543.16,0.07
2018-12-06,9590,9603.52,-0.14
2018-12-07,9595,9591.53,0.04
2018-12-10,9640,9659.5,-0.2
2018-12-11,9685,9688.11,-0.03
2018-12-12,9675,9669.91,0.05
2018-12-13,9630,9633.53,-0.04
2018-12-14,9685,9690.62,-0.06
2018-12-17,9700,9695.44,0.05
2018-12-18,9675,9692.53,-0.18
2018-12-19,9635,9642.17,-0.07
2018-12-20,9675,9670.17,0.05
2018-12-21,9640,9640.04,-0.0
2018-12-24,9645,9664.5,-0.2
2018-12-26,9665,9672.57,-0.08
2018-12-27,9610,9626.84,-0.17
2018-12-28,9590,9592.1,-0.02
2019-01-02,9610,9619.5,-0.1
2019-01-03,9690,9693.05,-0.03
2019-01-04,9665,9671.93,-0.07
2019-01-07,9605,9610.35,-0.06
2019-01-08,9645,9663.19,-0.19
2019-01-09,9640,9647.15,-0.07
2019-01-10,9620,9618.61,0.01
2019-01-11,9590,9602.32,-0.13
2019-01-14,9645,9658.73,-0.14
2019-01-15,9640,9641.0,-0.01
2019-01-16,9635,9629.79,0.05
2019-01-17,9655,9655.45,-0.0
2019-01-18,9655,9655.09,-0.0
2019-01-21,9705,9702.83,0.02
2019-01-22,9730,9732.29,-0.02
2019-01-23,9700,9706.88,-0.07
2019-01-24,9710,9716.65,-0.07
2019-01-25,9650,9649.34,0.01
2019-01-28,9620,9621.04,-0.01
2019-01-29,9610,9612.73,-0.03
2019-01-30,9610,9608.73,0.01
2019-01-31,9585,9576.0,0.09
2019-02-01,9635,9631.71,0.03
2019-02-07,9675,9673.47,0.02
2019-02-08,9680,9677.81,0.02
2019-02-11,9690,9683.28,0.07
2019-02-12,9685,9681.13,0.04
2019-02-13,9665,9663.15,0.02
2019-02-14,9695,9697.48,-0.03
2019-02-15,9725,9729.68,-0.05
2019-02-18,9700,9699.92,0.0
2019-02-19,9710,9726.07,-0.17
2019-02-20,9685,9681.5,0.04
2019-02-21,9700,9698.26,0.02
2019-02-22,9700,9698.13,0.02
2019-02-25,9665,9657.02,0.08
2019-02-26,9645,9639.11,0.06
2019-02-27,9645,9656.32,-0.12
2019-02-28,9700,9691.89,0.08
2019-03-04,9695,9703.44,-0.09
2019-03-05,9705,9703.6,0.01
2019-03-06,9740,9734.12,0.06
2019-03-07,9740,9732.95,0.07
2019-03-08,9800,9800.25,-0.0
2019-03-11,9790,9779.0,0.11
2019-03-12,9755,9746.53,0.09
2019-03-13,9780,9771.22,0.09
2019-03-14,11930,9790.62,21.85
2019-03-15,9820,9814.7,0.05
2019-03-18,9760,9772.72,-0.13
2019-03-19,9765,9758.23,0.07
2019-03-20,9760,9752.62,0.08
2019-03-21,9735,9735.79,-0.01
2019-03-22,9760,9750.23,0.1
2019-03-25,9795,9792.99,0.02
2019-03-26,9795,9783.84,0.11
2019-03-27,9805,9794.07,0.11
2019-03-28,9825,9813.79,0.11
2019-03-29,9815,9806.14,0.09
2019-04-01,9800,9795.12,0.05
2019-04-02,9820,9817.91,0.02
2019-04-03,9805,9801.98,0.03
2019-04-04,9825,9816.26,0.09
2019-04-05,9825,9823.18,0.02
2019-04-08,9885,9886.58,-0.02
2019-04-09,9880,9866.17,0.14
2019-04-10,9850,9846.29,0.04
2019-04-11,9840,9843.76,-0.04
2019-04-12,9855,9856.42,-0.01
2019-04-15,9800,9799.11,0.01
2019-04-16,9825,9821.81,0.03
2019-04-17,9820,9811.76,0.08
2019-04-18,9825,9829.53,-0.05
2019-04-19,9835,9828.78,0.06
2019-04-22,9880,9875.7,0.04
2019-04-23,9880,9876.9,0.03
2019-04-24,9945,9951.62,-0.07
2019-04-25,10045,10041.3,0.04
2019-04-26,10045,10039.44,0.06
2019-04-29,10025,10031.24,-0.06
2019-04-30,10110,10121.95,-0.12
2019-05-02,10090,10088.75,0.01
2019-05-03,10130,10126.92,0.03
2019-05-07,10100,10102.13,-0.02
2019-05-08,10120,10124.22,-0.04
2019-05-09,10210,10216.51,-0.06
2019-05-10,10185,10195.59,-0.1
2019-05-13,10285,10281.0,0.04
2019-05-14,10300,10295.19,0.05
2019-05-15,10300,10291.38,0.08
2019-05-16,10320,10314.15,0.06
2019-05-17,10355,10345.59,0.09
2019-05-20,10345,10346.64,-0.02
2019-05-21,10350,10351.4,-0.01
2019-05-22,10340,10342.17,-0.02
2019-05-23,10305,10318.4,-0.13
2019-05-24,10295,10293.02,0.02
2019-05-27,10265,10269.91,-0.05
2019-05-28,10285,10286.7,-0.02
2019-05-29,10355,10358.14,-0.03
2019-05-30,10315,10310.16,0.05
2019-05-31,10325,10331.72,-0.07
2019-06-03,10255,10252.39,0.03
2019-06-04,10255,10256.24,-0.01
2019-06-05,10225,10226.56,-0.02
2019-06-07,10245,10252.53,-0.07
2019-06-10,10285,10285.8,-0.01
2019-06-11,10250,10248.01,0.02
2019-06-12,10265,10266.23,-0.01
2019-06-13,10255,10264.73,-0.09
2019-06-14,10280,10281.44,-0.01
2019-06-17,10295,10300.92,-0.06
2019-06-18,10290,10295.23,-0.05
2019-06-19,10210,10216.28,-0.06
2019-06-20,10090,10090.73,-0.01
2019-06-21,10100,10093.35,0.07
2019-06-24,10045,10041.35,0.04
2019-06-25,10035,10042.44,-0.07
2019-06-26,10040,10046.12,-0.06
2019-06-27,10060,10056.84,0.03
2019-06-28,10035,10034.19,0.01
2019-07-01,10065,10064.08,0.01
2019-07-02,10135,10128.65,0.06
2019-07-03,10175,10173.35,0.02
2019-07-04,10155,10161.73,-0.07
2019-07-05,10175,10177.31,-0.02
2019-07-08,10270,10276.62,-0.06
2019-07-09,10265,10254.39,0.1
2019-07-10,10270,10279.9,-0.1
2019-07-11,10195,10198.5,-0.03
2019-07-12,10240,10250.68,-0.1
2019-07-15,10250,10254.64,-0.05
2019-07-16,10245,10242.84,0.02
2019-07-17,10275,10272.72,0.02
2019-07-18,10250,10248.9,0.01
2019-07-19,10220,10215.69,0.04
2019-07-22,10255,10251.73,0.03
2019-07-23,10255,10253.78,0.01
2019-07-24,10245,10241.93,0.03
2019-07-25,10275,10279.88,-0.05
2019-07-26,10310,10303.1,0.07
2019-07-29,10300,10296.47,0.03
2019-07-30,10285,10288.8,-0.04
2019-07-31,10295,10295.23,-0.0
2019-08-01,10350,10343.46,0.06
2019-08-02,10425,10431.06,-0.06
2019-08-05,10590,10586.62,0.03
2019-08-06,10585,10581.9,0.03
2019-08-07,10580,10583.1,-0.03
2019-08-08,10530,10526.92,0.03
2019-08-09,10545,10549.39,-0.04
2019-08-12,10595,10596.59,-0.02
2019-08-13,10650,10660.5,-0.1
2019-08-14,10565,10568.17,-0.03
2019-08-16,10555,10550.77,0.04
2019-08-19,10555,10541.37,0.13
2019-08-20,10530,10524.26,0.05
2019-08-21,10480,10470.35,0.09
2019-08-22,10520,10520.45,-0.0
2019-08-23,10555,10568.14,-0.12
2019-08-26,10615,10618.0,-0.03
2019-08-27,10560,10565.05,-0.05
2019-08-28,10585,10579.02,0.06
2019-08-29,10605,10602.05,0.03
2019-08-30,10565,10559.86,0.05
2019-09-02,10560,10555.6,0.04
2019-09-03,10600,10601.98,-0.02
2019-09-04,10535,10533.29,0.02
2019-09-05,10470,10461.95,0.08
2019-09-06,10435,10423.31,0.11
2019-09-09,10395,10406.13,-0.11
2019-09-10,10405,10406.77,-0.02
2019-09-11,10385,10383.29,0.02
2019-09-16,10315,10313.37,0.02
2019-09-17,10385,10383.38,0.02
2019-09-18,10395,10389.77,0.05
2019-09-19,10410,10418.91,-0.09
2019-09-20,10365,10367.06,-0.02
2019-09-23,10420,10423.98,-0.04
2019-09-24,10435,10434.57,0.0
2019-09-25,10465,10455.75,0.09
2019-09-26,10465,10463.88,0.01
2019-09-27,10475,10473.29,0.02
2019-09-30,10445,10449.13,-0.04
2019-10-01,10475,10473.0,0.02
2019-10-02,10530,10536.49,-0.06
2019-10-04,10455,10440.13,0.14
2019-10-07,10450,10452.77,-0.03
2019-10-08,10420,10432.39,-0.12
2019-10-10,10450,10448.48,0.01
2019-10-11,10390,10384.47,0.05
2019-10-14,10350,10346.46,0.03
2019-10-15,10355,10354.45,0.01
2019-10-16,10380,10383.57,-0.03
2019-10-17,10375,10369.91,0.05
2019-10-18,10330,10326.31,0.04
2019-10-21,10245,10234.63,0.1
2019-10-22,10225,10224.23,0.01
2019-10-23,10250,10249.87,0.0
2019-10-24,10255,10249.15,0.06
2019-10-25,10255,10254.78,0.0
2019-10-28,10230,10233.96,-0.04
2019-10-29,10170,10169.39,0.01
2019-10-30,10210,10214.07,-0.04
2019-10-31,10180,10173.39,0.06
2019-11-01,10195,10194.78,0.0
2019-11-04,10140,10146.07,-0.06
2019-11-05,10125,10131.29,-0.06
2019-11-06,10115,10129.82,-0.15
2019-11-07,10145,10145.05,-0.0
2019-11-08,10125,10119.38,0.06
2019-11-11,10200,10196.28,0.04
2019-11-12,10155,10157.07,-0.02
2019-11-13,10210,10210.06,-0.0
2019-11-14,10250,10234.64,0.15
2019-11-15,10205,10204.55,0.0
2019-11-18,10190,10187.96,0.02
2019-11-19,10220,10222.32,-0.02
2019-11-20,10240,10240.72,-0.01
2019-11-21,10310,10310.32,-0.0
2019-11-22,10320,10317.66,0.02
2019-11-25,10280,10292.68,-0.12
2019-11-26,10295,10297.09,-0.02
2019-11-27,10305,10300.0,0.05
2019-11-28,10320,10329.94,-0.1
2019-11-29,10345,10333.8,0.11
2019-12-02,10355,10359.49,-0.04
2019-12-03,10385,10391.29,-0.06
2019-12-04,10455,10458.09,-0.03
2019-12-05,10425,10422.48,0.02
2019-12-06,10415,10407.26,0.07
2019-12-09,10415,10415.29,-0.0
2019-12-10,10435,10438.22,-0.03
2019-12-11,10460,10462.02,-0.02
2019-12-12,10390,10386.3,0.04
2019-12-13,10260,10250.56,0.09
2019-12-16,10265,10263.86,0.01
2019-12-17,10210,10207.17,0.03
2019-12-18,10230,10233.67,-0.04
2019-12-19,10205,10202.46,0.02
2019-12-20,10165,10166.18,-0.01
2019-12-23,10190,10187.45,0.03
2019-12-24,10185,10186.7,-0.02
2019-12-26,10170,10163.43,0.06
2019-12-27,10165,10165.39,-0.0
2019-12-30,10130,10133.11,-0.03
2020-01-02,10155,10155.53,-0.01
2020-01-03,10225,10228.93,-0.04
2020-01-06,10270,10271.34,-0.01
2020-01-07,10230,10218.01,0.12
2020-01-08,10270,10267.33,0.03
2020-01-09,10165,10155.49,0.09
2020-01-10,10185,10186.81,-0.02
2020-01-13,10135,10134.88,0.0
2020-01-14,10140,10133.29,0.07
2020-01-15,10150,10148.37,0.02
2020-01-16,10185,10182.97,0.02
2020-01-17,10170,10168.8,0.01
2020-01-20,10160,10165.39,-0.05
2020-01-21,10235,10241.02,-0.06
2020-01-22,10220,10218.73,0.01
2020-01-23,10250,10253.78,-0.04
2020-01-28,10325,10329.35,-0.04
2020-01-29,10335,10332.18,0.03
2020-01-30,10400,10404.57,-0.04
2020-01-31,10460,10468.28,-0.08
2020-02-03,10485,10494.79,-0.09
2020-02-04,10425,10422.18,0.03
2020-02-05,10460,10458.32,0.02
2020-02-06,10355,10357.75,-0.03
2020-02-07,10420,10423.14,-0.03
2020-02-10,10425,10431.22,-0.06
2020-02-11,10380,10378.68,0.01
2020-02-12,10355,10353.07,0.02
2020-02-13,10385,10387.41,-0.02
2020-02-14,10395,10394.24,0.01
2020-02-17,10395,10399.75,-0.05
2020-02-18,10450,10448.22,0.02
2020-02-19,10450,10444.93,0.05
2020-02-20,10530,10532.25,-0.02
2020-02-21,10620,10637.27,-0.16
2020-02-24,10715,10720.23,-0.05
2020-02-25,10635,10637.93,-0.03
2020-02-26,10690,10695.25,-0.05
2020-02-27,10695,10693.72,0.01
2020-02-28,10675,10672.24,0.03
2020-03-02,10495,10487.81,0.07
2020-03-03,10500,10502.0,-0.02
2020-03-04,10440,10430.02,0.1
2020-03-05,10380,10394.49,-0.14
2020-03-06,10480,10478.52,0.01
2020-03-09,10590,10589.48,0.0
2020-03-10,10490,10478.97,0.11
2020-03-11,10495,10506.61,-0.11
2020-03-12,10610,10601.72,0.08
2020-03-13,10690,10720.08,-0.28
2020-03-16,10785,10776.6,0.08
2020-03-17,10935,10943.27,-0.08
2020-03-18,10975,10968.14,0.06
2020-03-19,11315,11302.89,0.11
2020-03-20,10970,10978.01,-0.07
2020-03-23,11155,11139.67,0.14
2020-03-24,10985,10990.94,-0.05
2020-03-25,10805,10812.75,-0.07
2020-03-26,10850,10855.86,-0.05
2020-03-27,10670,10673.33,-0.03
2020-03-30,10785,10805.75,-0.19
2020-03-31,10735,10730.83,0.04
2020-04-01,10850,10842.97,0.06
2020-04-02,10825,10830.68,-0.05
2020-04-03,10860,10870.67,-0.1
2020-04-06,10840,10843.48,-0.03
2020-04-07,10770,10767.74,0.02
2020-04-08,10770,10789.94,-0.18
2020-04-09,10760,10754.82,0.05
2020-04-10,10655,10684.59,-0.28
2020-04-13,10745,10728.98,0.15
2020-04-14,10725,10737.78,-0.12
2020-04-16,10835,10843.08,-0.07
2020-04-17,10730,10744.78,-0.14
2020-04-20,10755,10769.5,-0.13
2020-04-21,10845,10850.8,-0.05
2020-04-22,10855,10887.06,-0.29
2020-04-23,10835,10854.55,-0.18
2020-04-24,10910,10902.44,0.07
2020-04-27,10815,10824.61,-0.09
2020-04-28,10805,10815.86,-0.1
2020-04-29,10760,10757.66,0.02
2020-05-04,10845,10845.14,-0.0
2020-05-06,10795,10792.78,0.02
2020-05-07,10810,10822.89,-0.12
2020-05-08,10765,10776.2,-0.1
2020-05-11,10765,10781.56,-0.15
2020-05-12,10820,10824.9,-0.05
2020-05-13,10800,10818.93,-0.17
2020-05-14,10835,10849.32,-0.13
2020-05-15,10870,10866.3,0.03
2020-05-18,10880,10874.32,0.05
2020-05-19,10825,10809.91,0.14
2020-05-20,10850,10860.32,-0.1
2020-05-21,10860,10863.09,-0.03
2020-05-22,10920,10935.68,-0.14
2020-05-25,10980,10990.54,-0.1
2020-05-26,10905,10900.52,0.04
2020-05-27,10900,10902.36,-0.02
2020-05-28,10945,10954.67,-0.09
2020-05-29,10920,10939.82,-0.18
2020-06-01,10810,10827.65,-0.16
2020-06-02,10820,10823.23,-0.03
2020-06-03,10740,10738.42,0.01
2020-06-04,10760,10769.28,-0.09
2020-06-05,10665,10667.65,-0.02
2020-06-08,10630,10640.19,-0.1
2020-06-09,10570,10574.81,-0.05
2020-06-10,10515,10526.34,-0.11
2020-06-11,10570,10567.26,0.03
2020-06-12,10625,10639.66,-0.14
2020-06-15,10745,10748.29,-0.03
2020-06-16,10665,10665.97,-0.01
2020-06-17,10720,10729.53,-0.09
2020-06-18,10675,10676.6,-0.01
2020-06-19,10680,10678.29,0.02
2020-06-22,10735,10739.33,-0.04
2020-06-23,10685,10681.84,0.03
2020-06-24,10605,10602.32,0.03
2020-06-25,10640,10650.1,-0.09
2020-06-26,10605,10611.13,-0.06
2020-06-29,10595,10594.25,0.01
2020-06-30,10630,10621.97,0.08
2020-07-01,10635,10637.05,-0.02
2020-07-02,10595,10607.11,-0.11
2020-07-03,10590,10594.76,-0.04
2020-07-06,10560,10562.88,-0.03
2020-07-07,10560,10567.37,-0.07
2020-07-08,10550,10562.9,-0.12
2020-07-09,10555,10569.17,-0.13
2020-07-10,10635,10644.23,-0.09
2020-07-13,10600,10614.16,-0.13
2020-07-14,10650,10657.58,-0.07
2020-07-15,10605,10609.06,-0.04
2020-07-16,10650,10649.68,0.0
2020-07-17,10650,10661.4,-0.11
2020-07-20,10625,10633.97,-0.08
2020-07-21,10580,10583.57,-0.03
2020-07-22,10545,10557.05,-0.11
2020-07-23,10565,10584.43,-0.18
2020-07-24,10610,10630.38,-0.19
2020-07-27,10560,10569.34,-0.09
2020-07-28,10565,10589.72,-0.23
2020-07-29,10530,10554.38,-0.23
2020-07-30,10550,10554.37,-0.04
2020-07-31,10520,10526.08,-0.06
2020-08-03,10540,10547.21,-0.07
2020-08-04,10540,10556.05,-0.15
2020-08-05,10505,10507.4,-0.02
2020-08-06,10465,10464.94,0.0
2020-08-07,10470,10480.83,-0.1
2020-08-10,10465,10483.37,-0.18
2020-08-11,10475,10475.06,-0.0
2020-08-12,10470,10476.27,-0.06
2020-08-13,10455,10467.06,-0.12
2020-08-14,10470,10472.2,-0.02
2020-08-18,10470,10467.7,0.02
2020-08-19,10435,10440.22,-0.05
2020-08-20,10495,10490.64,0.04
2020-08-21,10480,10484.33,-0.04
2020-08-24,10510,10519.67,-0.09
2020-08-25,10475,10477.16,-0.02
2020-08-26,10480,10486.88,-0.07
2020-08-27,10470,10476.19,-0.06
2020-08-28,10455,10464.57,-0.09
2020-08-31,10485,10495.49,-0.1
2020-09-01,10460,10463.63,-0.03
2020-09-02,10480,10483.99,-0.04
2020-09-03,10500,10504.22,-0.04
2020-09-04,10510,10523.62,-0.13
2020-09-07,10505,10509.42,-0.04
2020-09-08,10490,10497.98,-0.08
2020-09-09,10510,10509.39,0.01
2020-09-10,10470,10480.32,-0.1
2020-09-11,10490,10493.48,-0.03
2020-09-14,10465,10462.54,0.02
2020-09-15,10420,10422.76,-0.03
2020-09-16,10395,10388.8,0.06
2020-09-17,10380,10374.93,0.05
2020-09-18,10260,10259.73,0.0
2020-09-21,10240,10231.36,0.08
2020-09-22,10295,10305.59,-0.1
2020-09-23,10290,10302.91,-0.13
2020-09-24,10370,10379.1,-0.09
2020-09-25,10370,10369.21,0.01
2020-09-28,10370,10372.88,-0.03
2020-09-29,10345,10347.92,-0.03
2020-10-05,10290,10291.43,-0.01
2020-10-06,10265,10271.08,-0.06
2020-10-07,10245,10242.0,0.03
2020-10-08,10200,10196.01,0.04
2020-10-12,10140,10146.07,-0.06
2020-10-13,10140,10146.69,-0.07
2020-10-14,10135,10143.76,-0.09
2020-10-15,10110,10113.06,-0.03
2020-10-16,10145,10144.38,0.01
2020-10-19,10100,10111.61,-0.11
2020-10-20,10080,10081.6,-0.02
2020-10-21,10010,10009.99,0.0
2020-10-22,10020,10025.06,-0.05
2020-10-23,10030,10025.04,0.05
2020-10-26,9960,9977.23,-0.17
2020-10-27,9955,9966.58,-0.12
2020-10-28,9995,10009.09,-0.14
2020-10-29,10010,10011.77,-0.02
2020-10-30,10025,10037.31,-0.12
2020-11-02,10030,10033.78,-0.04
2020-11-03,10025,10037.35,-0.12
2020-11-04,10050,10073.62,-0.23
2020-11-05,9985,9984.34,0.01
2020-11-06,9915,9917.09,-0.02
2020-11-09,9850,9853.3,-0.03
2020-11-10,9860,9870.09,-0.1
2020-11-11,9815,9835.57,-0.21
2020-11-12,9870,9868.56,0.01
2020-11-13,9860,9875.33,-0.16
2020-11-16,9815,9809.53,0.06
2020-11-17,9780,9797.16,-0.18
2020-11-18,9775,9768.8,0.06
2020-11-19,9875,9868.83,0.06
2020-11-20,9865,9868.75,-0.04
2020-11-23,9830,9836.74,-0.07
2020-11-24,9835,9842.87,-0.08
2020-11-25,9810,9808.27,0.02
2020-11-26,9765,9780.9,-0.16
2020-11-27,9770,9767.47,0.03
2020-11-30,9795,9801.04,-0.06
2020-12-01,9795,9797.48,-0.03
2020-12-02,9740,9742.63,-0.03
2020-12-03,9700,9708.22,-0.08
2020-12-04,9585,9578.91,0.06
2020-12-07,9575,9588.56,-0.14
2020-12-08,9605,9615.99,-0.11
2020-12-09,9600,9600.11,-0.0
2020-12-10,9625,9626.73,-0.02
2020-12-11,9645,9647.09,-0.02
2020-12-14,9660,9664.72,-0.05
2020-12-15,9665,9675.33,-0.11
2020-12-16,9680,9680.67,-0.01
2020-12-17,9675,9671.13,0.04
2020-12-18,9735,9730.26,0.05
2020-12-21,9760,9755.86,0.04
2020-12-22,9800,9806.28,-0.06
2020-12-23,9800,9795.76,0.04
2020-12-24,9745,9746.91,-0.02
2020-12-28,9700,9702.45,-0.03
2020-12-29,9655,9672.22,-0.18
2020-12-30,9620,9619.78,0.0
2021-01-04,9585,9580.27,0.05
2021-01-05,9625,9633.52,-0.09
2021-01-06,9620,9614.99,0.05
2021-01-07,9630,9631.02,-0.01
2021-01-08,9660,9662.93,-0.03
2021-01-11,9725,9726.69,-0.02
2021-01-12,9740,9743.52,-0.04
2021-01-13,9700,9703.25,-0.03
2021-01-14,9730,9750.17,-0.21
2021-01-15,9740,9742.05,-0.02
2021-01-18,9780,9782.95,-0.03
2021-01-19,9770,9778.53,-0.09
2021-01-20,9750,9746.63,0.03
2021-01-21,9735,9735.14,-0.0
2021-01-22,9775,9785.67,-0.11
2021-01-25,9760,9758.08,0.02
2021-01-26,9805,9807.63,-0.03
2021-01-27,9785,9789.93,-0.05
2021-01-28,9925,9917.56,0.08
2021-01-29,9915,9908.73,0.06
2021-02-01,9885,9893.72,-0.09
2021-02-02,9890,9906.07,-0.16
2021-02-03,9880,9882.29,-0.02
2021-02-04,9915,9915.06,-0.0
2021-02-05,9960,9960.23,-0.0
2021-02-08,9925,9922.85,0.02
2021-02-09,9895,9898.06,-0.03
2021-02-10,9815,9816.43,-0.01
2021-02-15,9760,9762.38,-0.02
2021-02-16,9750,9757.94,-0.08
2021-02-17,9820,9817.28,0.03
2021-02-18,9820,9820.91,-0.01
2021-02-19,9800,9799.59,0.0
2021-02-22,9830,9834.14,-0.04
2021-02-23,9845,9843.86,0.01
2021-02-24,9855,9853.63,0.01
2021-02-25,9820,9819.08,0.01
2021-02-26,9960,9969.7,-0.1
2021-03-02,9965,9970.52,-0.06
2021-03-03,9935,9939.5,-0.05
2021-03-04,9965,9977.72,-0.13
2021-03-05,9970,9990.06,-0.2
2021-03-08,10045,10049.35,-0.04
2021-03-09,10110,10114.0,-0.04
2021-03-10,10125,10135.91,-0.11
2021-03-11,10070,10063.97,0.06
2021-03-12,10040,10048.03,-0.08
2021-03-15,10075,10079.06,-0.04
2021-03-16,10010,10025.03,-0.15
2021-03-17,10020,10027.69,-0.08
2021-03-18,9955,9966.69,-0.12
2021-03-19,10020,10031.29,-0.11
2021-03-22,10010,10010.95,-0.01
2021-03-23,10010,10006.49,0.04
2021-03-24,10055,10052.57,0.02
2021-03-25,10050,10060.6,-0.11
2021-03-26,10015,10026.88,-0.12
2021-03-29,10040,10037.49,0.03
2021-03-30,10055,10057.83,-0.03
2021-03-31,10035,10039.34,-0.04
2021-04-01,10040,10040.28,-0.0
2021-04-02,10000,9999.54,0.0
2021-04-05,10000,10002.23,-0.02
2021-04-06,9930,9938.45,-0.09
2021-04-07,9895,9905.74,-0.11
2021-04-08,9910,9910.26,-0.0
2021-04-09,9945,9945.61,-0.01
2021-04-12,9975,9979.29,-0.04
2021-04-13,9985,9987.26,-0.02
2021-04-14,9905,9889.59,0.16
2021-04-15,9910,9910.53,-0.01
2021-04-16,9890,9894.58,-0.05
2021-04-19,9900,9914.28,-0.14
2021-04-20,9860,9863.07,-0.03
2021-04-21,9915,9908.94,0.06
2021-04-22,9900,9908.02,-0.08
2021-04-23,9910,9912.5,-0.03
2021-04-26,9865,9873.96,-0.09
2021-04-27,9840,9844.41,-0.04
2021-04-28,9865,9865.74,-0.01
2021-04-29,9830,9829.34,0.01
2021-04-30,9855,9861.16,-0.06
2021-05-03,9950,9953.49,-0.04
2021-05-04,9940,9946.48,-0.07
2021-05-06,9980,9980.18,-0.0
2021-05-07,9940,9947.37,-0.07
2021-05-10,9875,9885.27,-0.1
2021-05-11,9925,9926.94,-0.02
2021-05-12,9970,9968.32,0.02
2021-05-13,10015,10015.92,-0.01
2021-05-14,10005,10010.03,-0.05
2021-05-17,10050,10065.07,-0.15
2021-05-18,10010,10018.96,-0.09
2021-05-20,10040,10034.04,0.06
2021-05-21,9990,9994.98,-0.05
2021-05-24,9990,9990.48,-0.0
2021-05-25,9955,9941.75,0.13
2021-05-26,9905,9901.67,0.03
2021-05-27,9900,9912.3,-0.12
2021-05-28,9890,9882.11,0.08
2021-05-31,9855,9851.82,0.03
2021-06-01,9810,9803.39,0.07
2021-06-02,9870,9876.12,-0.06
2021-06-03,9880,9875.27,0.05
2021-06-04,9895,9897.43,-0.02
2021-06-07,9865,9874.31,-0.09
2021-06-08,9870,9883.22,-0.13
2021-06-09,9890,9884.12,0.06
2021-06-10,9890,9891.15,-0.01
2021-06-11,9845,9858.15,-0.13
2021-06-14,9900,9903.14,-0.03
2021-06-15,9905,9911.86,-0.07
2021-06-16,9900,9905.11,-0.05
2021-06-17,10025,10028.11,-0.03
2021-06-18,10030,10038.39,-0.08
2021-06-21,10055,10052.49,0.02
2021-06-22,10030,10039.02,-0.09
2021-06-23,10075,10078.0,-0.03
2021-06-24,10050,10066.45,-0.16
2021-06-25,10000,10001.34,-0.01
2021-06-28,10015,10024.56,-0.1
2021-06-29,10005,10005.46,-0.0
2021-06-30,9985,9982.56,0.02
2021-07-01,10040,10044.6,-0.05
2021-07-02,10060,10061.49,-0.01
2021-07-05,10030,10023.61,0.06
2021-07-06,10015,10015.1,-0.0
2021-07-07,10090,10085.75,0.04
2021-07-08,10135,10166.1,-0.31
2021-07-09,10170,10190.25,-0.2
2021-07-12,10170,10165.57,0.04
2021-07-13,10150,10157.29,-0.07
2021-07-14,10180,10174.39,0.06
2021-07-15,10115,10118.3,-0.03
2021-07-16,10100,10103.38,-0.03
2021-07-19,10175,10169.82,0.05
2021-07-20,10195,10197.42,-0.02
2021-07-21,10215,10230.27,-0.15
2021-07-22,10195,10182.54,0.12
2021-07-23,10190,10204.75,-0.14
2021-07-26,10230,10238.33,-0.08
2021-07-27,10195,10201.32,-0.06
2021-07-28,10235,10236.67,-0.02
2021-07-29,10160,10163.17,-0.03
2021-07-30,10195,10195.86,-0.01
2021-08-02,10195,10200.18,-0.05
2021-08-03,10180,10186.08,-0.06
2021-08-04,10135,10139.18,-0.04
2021-08-05,10135,10140.96,-0.06
2021-08-06,10125,10119.43,0.06
2021-08-09,10145,10146.82,-0.02
2021-08-10,10190,10192.41,-0.02
2021-08-11,10245,10232.92,0.12
2021-08-12,10280,10282.63,-0.03
2021-08-13,10340,10351.53,-0.11
2021-08-17,10420,10422.53,-0.02
2021-08-18,10345,10347.16,-0.02
2021-08-19,10415,10404.92,0.1
2021-08-20,10445,10454.24,-0.09
2021-08-23,10395,10394.92,0.0
2021-08-24,10320,10315.08,0.05
2021-08-25,10325,10339.2,-0.14
2021-08-26,10360,10354.59,0.05
2021-08-27,10350,10349.33,0.01
2021-08-30,10325,10332.68,-0.07
2021-08-31,10260,10261.15,-0.01
2021-09-01,10240,10247.05,-0.07
2021-09-02,10280,10279.3,0.01
2021-09-03,10230,10251.2,-0.21
2021-09-06,10230,10234.55,-0.04
2021-09-07,10250,10254.07,-0.04
2021-09-08,10325,10325.89,-0.01
2021-09-09,10355,10349.21,0.06
2021-09-10,10345,10350.79,-0.06
2021-09-13,10410,10410.12,-0.0
2021-09-14,10365,10372.1,-0.07
2021-09-15,10360,10366.01,-0.06
2021-09-16,10370,10372.24,-0.02
2021-09-17,10395,10405.99,-0.11
2021-09-23,10410,10390.9,0.18
2021-09-24,10415,10422.89,-0.08
2021-09-27,10400,10414.04,-0.13
2021-09-28,10480,10489.42,-0.09
2021-09-29,10465,10476.19,-0.11
2021-09-30,10480,10486.12,-0.06
2021-10-01,10510,10520.8,-0.1
2021-10-05,10525,10525.18,-0.0
2021-10-06,10560,10561.69,-0.02
2021-10-07,10530,10543.26,-0.13
2021-10-08,10565,10571.72,-0.06
2021-10-12,10610,10609.53,0.0
2021-10-13,10565,10564.11,0.01
2021-10-14,10490,10500.32,-0.1
2021-10-15,10450,10464.03,-0.13
2021-10-18,10510,10509.2,0.01
2021-10-19,10430,10432.23,-0.02
2021-10-20,10380,10390.69,-0.1
2021-10-21,10415,10413.1,0.02
2021-10-22,10415,10411.46,0.03
2021-10-25,10325,10337.95,-0.13
2021-10-26,10315,10326.26,-0.11
2021-10-27,10350,10351.73,-0.02
2021-10-28,10350,10348.63,0.01
2021-10-29,10335,10345.6,-0.1
2021-11-01,10405,10418.95,-0.13
2021-11-02,10390,10393.25,-0.03
2021-11-03,10445,10454.6,-0.09
2021-11-04,10450,10469.64,-0.19
2021-11-05,10485,10478.66,0.06
2021-11-08,10455,10469.85,-0.14
2021-11-09,10415,10409.94,0.05
2021-11-10,10445,10440.66,0.04
2021-11-11,10445,10436.53,0.08
2021-11-12,10435,10427.84,0.07
2021-11-15,10415,10415.86,-0.01
2021-11-16,10420,10436.26,-0.16
2021-11-17,10445,10451.39,-0.06
2021-11-18,10425,10430.57,-0.05
2021-11-19,10465,10481.68,-0.16
2021-11-22,10475,10481.58,-0.06
2021-11-23,10515,10513.0,0.02
2021-11-24,10480,10488.91,-0.08
2021-11-25,10515,10520.81,-0.06
2021-11-26,10535,10554.45,-0.18
2021-11-29,10540,10539.45,0.01
2021-11-30,10495,10500.77,-0.05
2021-12-01,10415,10423.27,-0.08
2021-12-02,10390,10395.3,-0.05
2021-12-03,10415,10433.58,-0.18
2021-12-06,10450,10461.09,-0.11
2021-12-07,10425,10421.52,0.03
2021-12-08,10390,10389.86,0.0
2021-12-09,10370,10383.99,-0.13
2021-12-10,10425,10435.65,-0.1
2021-12-13,10425,10440.14,-0.15
2021-12-14,10440,10444.2,-0.04
2021-12-15,10480,10485.48,-0.05
2021-12-16,10460,10464.12,-0.04
2021-12-17,10440,10445.16,-0.05
2021-12-20,10530,10532.56,-0.02
2021-12-21,10540,10548.83,-0.08
2021-12-22,10540,10543.56,-0.03
2021-12-23,10495,10504.19,-0.09
2021-12-24,10495,10493.6,0.01
2021-12-27,10490,10500.05,-0.1
2021-12-28,10495,10505.51,-0.1
2021-12-29,10500,10499.9,0.0
2021-12-30,10515,10529.2,-0.13
2022-01-03,10545,10551.57,-0.06
2022-01-04,10560,10562.51,-0.02
2022-01-05,10585,10587.52,-0.02
2022-01-06,10610,10633.8,-0.22
2022-01-07,10610,10633.72,-0.22
2022-01-10,10600,10595.8,0.04
2022-01-11,10565,10573.61,-0.08
2022-01-12,10520,10529.25,-0.09
2022-01-13,10505,10503.36,0.02
2022-01-14,10500,10488.81,0.11
2022-01-17,10535,10544.03,-0.09
2022-01-18,10525,10527.48,-0.02
2022-01-19,10530,10534.1,-0.04
2022-01-20,10535,10535.36,-0.0
2022-01-21,10555,10553.36,0.02
2022-01-24,10570,10576.58,-0.06
2022-01-25,10600,10595.23,0.05
2022-01-26,10590,10590.82,-0.01
2022-01-27,10635,10642.08,-0.07
2022-01-28,10660,10677.07,-0.16
2022-02-03,10670,10669.63,0.0
2022-02-04,10580,10590.67,-0.1
2022-02-07,10610,10614.24,-0.04
2022-02-08,10595,10592.45,0.02
2022-02-09,10575,10573.04,0.02
2022-02-10,10580,10576.41,0.03
2022-02-11,10605,10600.38,0.04
2022-02-14,10570,10531.99,0.36
2022-02-15,10605,10609.87,-0.05
2022-02-16,10580,10587.54,-0.07
2022-02-17,10585,10580.13,0.05
2022-02-18,10565,10571.61,-0.06
2022-02-21,10530,10536.43,-0.06
2022-02-22,10550,10548.14,0.02
2022-02-23,10555,10549.17,0.06
2022-02-24,10620,10635.4,-0.14
2022-02-25,10625,10632.43,-0.07
2022-02-28,10630,10644.15,-0.13
2022-03-02,10655,10668.34,-0.13
2022-03-03,10645,10652.13,-0.07
2022-03-04,10725,10745.42,-0.19
2022-03-07,10855,10863.19,-0.08
2022-03-08,10935,10945.85,-0.1
2022-03-10,10865,10860.65,0.04
2022-03-11,10885,10893.15,-0.07
2022-03-14,10975,10979.05,-0.04
2022-03-15,10980,11004.15,-0.22
2022-03-16,10915,10929.12,-0.13
2022-03-17,10735,10731.15,0.04
2022-03-18,10710,10676.81,0.31
2022-03-21,10750,10741.51,0.08
2022-03-22,10770,10774.96,-0.05
2022-03-23,10735,10730.6,0.04
2022-03-24,10770,10769.76,0.0
2022-03-25,10775,10779.44,-0.04
2022-03-28,10845,10847.2,-0.02
2022-03-29,10785,10779.44,0.05
2022-03-30,10695,10682.62,0.12
2022-03-31,10720,10711.62,0.08
2022-04-01,10745,10745.5,-0.0
2022-04-04,10725,10739.99,-0.14
2022-04-05,10715,10723.29,-0.08
2022-04-06,10770,10769.09,0.01
2022-04-07,10780,10779.89,0.0
2022-04-08,10820,10822.47,-0.02
2022-04-11,10900,10904.16,-0.04
2022-04-12,10925,10923.47,0.01
2022-04-13,10845,10850.29,-0.05
2022-04-14,10815,10812.12,0.03
2022-04-15,10860,10846.66,0.12
2022-04-18,10900,10906.94,-0.06
2022-04-19,10930,10928.46,0.01
2022-04-20,10910,10921.86,-0.11
2022-04-21,10935,10928.34,0.06
2022-04-22,10950,10956.36,-0.06
2022-04-25,11045,11044.33,0.01
2022-04-26,11050,11070.53,-0.19
2022-04-27,11175,11183.47,-0.08
2022-04-28,11250,11240.04,0.09
2022-04-29,11100,11106.11,-0.06
2022-05-02,11180,11195.31,-0.14
2022-05-03,11200,11193.65,0.06
2022-05-04,11185,11186.73,-0.02
2022-05-06,11245,11244.39,0.01
2022-05-09,11265,11261.58,0.03
2022-05-10,11275,11288.89,-0.12
2022-05-11,11280,11276.21,0.03
2022-05-12,11410,11394.98,0.13
2022-05-13,11350,11355.79,-0.05
2022-05-16,11345,11345.06,-0.0
2022-05-17,11285,11261.49,0.21
2022-05-18,11200,11205.05,-0.05
2022-05-19,11290,11301.85,-0.1
2022-05-20,11210,11190.77,0.17
2022-05-23,11175,11162.67,0.11
2022-05-24,11190,11196.06,-0.05
2022-05-25,11185,11165.82,0.17
2022-05-26,11205,11206.72,-0.02
2022-05-27,11110,11093.64,0.15
2022-05-30,10945,10952.39,-0.07
2022-05-31,10945,10945.92,-0.01
2022-06-02,11075,11072.34,0.02
2022-06-03,10980,10986.87,-0.06
2022-06-07,11130,11118.8,0.1
2022-06-08,11090,11097.23,-0.07
2022-06-09,11105,11119.22,-0.13
2022-06-10,11205,11219.29,-0.13
2022-06-13,11360,11367.35,-0.06
2022-06-14,11365,11383.49,-0.16
2022-06-15,11405,11411.46,-0.06
2022-06-16,11370,11373.19,-0.03
2022-06-17,11380,11378.87,0.01
2022-06-20,11405,11412.67,-0.07
2022-06-21,11440,11434.62,0.05
2022-06-22,11460,11489.94,-0.26
2022-06-23,11505,11517.83,-0.11
2022-06-24,11485,11478.84,0.05
2022-06-27,11370,11359.66,0.09
2022-06-28,11350,11332.98,0.15
2022-06-29,11480,11488.58,-0.07
2022-06-30,11485,11487.83,-0.02
2022-07-01,11480,11485.04,-0.04
2022-07-04,11475,11476.04,-0.01
2022-07-05,11500,11510.03,-0.09
2022-07-06,11565,11540.23,0.21
2022-07-07,11500,11501.56,-0.01
2022-07-08,11505,11510.35,-0.05
2022-07-11,11525,11536.47,-0.1
2022-07-12,11610,11618.27,-0.07
2022-07-13,11570,11556.66,0.12
2022-07-14,11595,11603.53,-0.07
2022-07-15,11725,11752.43,-0.23
2022-07-18,11660,11642.59,0.15
2022-07-19,11625,11615.22,0.08
2022-07-20,11605,11613.69,-0.07
2022-07-21,11575,11574.06,0.01
2022-07-22,11615,11623.91,-0.08
2022-07-25,11625,11618.41,0.06
2022-07-26,11585,11576.76,0.07
2022-07-27,11615,11624.69,-0.08
2022-07-28,11505,11496.6,0.07
2022-07-29,11510,11502.34,0.07
2022-08-01,11550,11535.71,0.12
2022-08-02,11555,11568.7,-0.12
2022-08-03,11605,11608.04,-0.03
2022-08-04,11605,11601.39,0.03
2022-08-05,11505,11505.55,-0.0
2022-08-08,11570,11575.14,-0.04
2022-08-09,11560,11561.66,-0.01
2022-08-10,11615,11614.63,0.0
2022-08-11,11550,11545.43,0.04
2022-08-12,11540,11543.1,-0.03
2022-08-16,11600,11597.86,0.02
2022-08-17,11600,11618.43,-0.16
2022-08-18,11695,11722.45,-0.23
2022-08-19,11750,11763.43,-0.11
2022-08-22,11875,11879.1,-0.03
2022-08-23,11930,11942.09,-0.1
2022-08-24,11910,11914.37,-0.04
2022-08-25,11835,11834.58,0.0
2022-08-26,11805,11802.22,0.02
2022-08-29,11970,11977.96,-0.07
2022-08-30,11945,11947.62,-0.02
2022-08-31,11875,11880.44,-0.05
2022-09-01,12010,12015.59,-0.05
2022-09-02,12085,12093.64,-0.07
2022-09-05,12175,12177.52,-0.02
2022-09-06,12170,12189.98,-0.16
2022-09-07,12300,12281.28,0.15
2022-09-08,12250,12260.65,-0.09
2022-09-13,12200,12194.21,0.05
2022-09-14,12340,12360.7,-0.17
2022-09-15,12385,12385.42,-0.0
2022-09-16,12340,12323.22,0.14
2022-09-19,12375,12373.45,0.01
2022-09-20,12345,12344.88,0.0
2022-09-21,12395,12403.86,-0.07
2022-09-22,12545,12519.97,0.2
2022-09-23,12510,12523.14,-0.1
2022-09-26,12720,12711.21,0.07
2022-09-27,12640,12638.75,0.01
2022-09-28,12795,12786.18,0.07
2022-09-29,12785,12784.3,0.01
2022-09-30,12720,12728.38,-0.07
2022-10-04,12650,12667.04,-0.13
2022-10-05,12530,12523.53,0.05
2022-10-06,12465,12467.11,-0.02
2022-10-07,12565,12582.3,-0.14
2022-10-11,12765,12768.91,-0.03
2022-10-12,12665,12663.8,0.01
2022-10-13,12720,12729.51,-0.07
2022-10-14,12695,12707.35,-0.1
2022-10-17,12765,12763.93,0.01
2022-10-18,12650,12640.29,0.08
2022-10-19,12685,12693.78,-0.07
2022-10-20,12740,12751.62,-0.09
2022-10-21,12815,12820.25,-0.04
2022-10-24,12800,12810.89,-0.09
2022-10-25,12755,12762.31,-0.06
2022-10-26,12680,12685.36,-0.04
2022-10-27,12605,12624.21,-0.15
2022-10-28,12640,12657.1,-0.14
2022-10-31,12665,12695.05,-0.24
2022-11-01,12600,12623.16,-0.18
2022-11-02,12620,12619.86,0.0
2022-11-03,12670,12668.66,0.01
2022-11-04,12625,12611.98,0.1
2022-11-07,12470,12482.35,-0.1
2022-11-08,12305,12322.39,-0.14
2022-11-09,12150,12143.96,0.05
2022-11-10,12250,12248.99,0.01
2022-11-11,11740,11729.83,0.09
2022-11-14,11815,11813.34,0.01
2022-11-15,11735,11733.69,0.01
2022-11-16,11805,11808.2,-0.03
2022-11-17,11920,11947.14,-0.23
2022-11-18,11925,11953.72,-0.24
2022-11-21,12080,12075.06,0.04
2022-11-22,12080,12105.95,-0.21
2022-11-23,12040,12054.3,-0.12
2022-11-24,11830,11832.92,-0.02
2022-11-25,11805,11801.2,0.03
2022-11-28,11950,11940.19,0.08
2022-11-29,11835,11834.98,0.0
2022-11-30,11765,11762.18,0.02
2022-12-01,11590,11581.93,0.07
2022-12-02,11595,11609.7,-0.13
2022-12-05,11525,11537.39,-0.11
2022-12-06,11765,11781.93,-0.14
2022-12-07,11795,11791.79,0.03
2022-12-08,11770,11776.72,-0.06
2022-12-09,11610,11614.91,-0.04
2022-12-12,11660,11684.41,-0.21
2022-12-13,11630,11661.37,-0.27
2022-12-14,11580,11567.44,0.11
2022-12-15,11625,11636.49,-0.1
2022-12-16,11650,11671.29,-0.18
2022-12-19,11635,11643.42,-0.07
2022-12-20,11535,11525.59,0.08
2022-12-21,11475,11491.17,-0.14
2022-12-22,11385,11400.76,-0.14
2022-12-23,11435,11430.95,0.04
2022-12-26,11385,11397.4,-0.11
2022-12-27,11370,11374.93,-0.04
2022-12-28,11340,11345.22,-0.05
2022-12-29,11305,11313.47,-0.07
2023-01-02,11375,11382.07,-0.06
2023-01-03,11360,11375.59,-0.14
2023-01-04,11380,11398.02,-0.16
2023-01-05,11350,11378.26,-0.25
2023-01-06,11355,11363.06,-0.07
2023-01-09,11140,11131.77,0.07
2023-01-10,11135,11142.82,-0.07
2023-01-11,11145,11162.91,-0.16
2023-01-12,11145,11167.53,-0.2
2023-01-13,11125,11122.24,0.02
2023-01-16,11070,11080.62,-0.1
2023-01-17,11105,11094.64,0.09
2023-01-18,11095,11101.74,-0.06
2023-01-19,11045,11045.05,-0.0
2023-01-20,11070,11093.13,-0.21
2023-01-25,11050,11044.2,0.05
2023-01-26,11030,11035.27,-0.05
2023-01-27,11040,11056.82,-0.15
2023-01-30,11015,11023.82,-0.08
2023-01-31,11055,11057.22,-0.02
2023-02-01,11055,11048.34,0.06
2023-02-02,10940,10968.08,-0.26
2023-02-03,11040,11040.21,-0.0
2023-02-06,11255,11266.76,-0.1
2023-02-07,11280,11280.26,-0.0
2023-02-08,11320,11326.92,-0.06
2023-02-09,11315,11328.57,-0.12
2023-02-10,11365,11370.59,-0.05
2023-02-13,11470,11472.5,-0.02
2023-02-14,11400,11408.37,-0.07
2023-02-15,11530,11541.88,-0.1
2023-02-16,11545,11569.99,-0.22
2023-02-17,11685,11695.28,-0.09
2023-02-20,11640,11637.82,0.02
2023-02-21,11635,11653.71,-0.16
2023-02-22,11720,11750.48,-0.26
2023-02-23,11660,11664.45,-0.04
2023-02-24,11730,11734.37,-0.04
2023-02-27,11890,11920.09,-0.25
2023-02-28,11905,11899.98,0.04
2023-03-02,11820,11837.2,-0.15
2023-03-03,11695,11710.44,-0.13
2023-03-06,11675,11671.38,0.03
2023-03-07,11685,11704.27,-0.16
2023-03-08,11870,11905.07,-0.29
2023-03-09,11900,11904.75,-0.04
2023-03-10,11915,11950.1,-0.29
2023-03-13,11705,11732.81,-0.24
2023-03-14,11790,11820.17,-0.26
2023-03-15,11750,11756.46,-0.05
2023-03-16,11815,11841.63,-0.22
2023-03-17,11750,11772.03,-0.19
2023-03-20,11810,11842.22,-0.27
2023-03-21,11815,11826.08,-0.09
2023-03-22,11780,11802.72,-0.19
2023-03-23,11540,11549.14,-0.08
2023-03-24,11655,11679.66,-0.21
2023-03-27,11735,11762.0,-0.23
2023-03-28,11715,11743.95,-0.25
2023-03-29,11755,11766.69,-0.1
2023-03-30,11730,11738.72,-0.07
2023-03-31,11730,11763.62,-0.29
2023-04-03,11905,11907.62,-0.02
2023-04-04,11890,11891.47,-0.01
2023-04-05,11830,11859.62,-0.25
2023-04-06,11900,11938.64,-0.32
2023-04-07,11885,11919.14,-0.29
2023-04-10,11915,11949.32,-0.29
2023-04-11,11940,11986.31,-0.39
2023-04-12,11970,12022.08,-0.43
2023-04-13,11865,11874.38,-0.08
2023-04-14,11750,11766.76,-0.14
2023-04-17,11870,11876.78,-0.06
2023-04-18,11915,11954.32,-0.33
2023-04-19,12000,12016.36,-0.14
2023-04-20,11960,11990.55,-0.25
2023-04-21,12010,12063.17,-0.44
2023-04-24,12080,12120.35,-0.33
2023-04-25,12080,12096.93,-0.14
2023-04-26,12090,12132.32,-0.35
2023-04-27,12110,12146.46,-0.3
2023-04-28,12125,12142.52,-0.14
2023-05-02,12150,12176.36,-0.22
2023-05-03,12120,12152.9,-0.27
2023-05-04,12000,12026.89,-0.22
2023-05-08,11990,12001.9,-0.1
2023-05-09,12015,12026.81,-0.1
2023-05-10,12020,12043.75,-0.2
2023-05-11,12035,12069.59,-0.29
2023-05-12,12130,12138.26,-0.07
2023-05-15,12135,12166.22,-0.26
2023-05-16,12170,12168.59,0.01
2023-05-17,12155,12174.87,-0.16
2023-05-18,12135,12141.78,-0.06
2023-05-19,12065,12079.33,-0.12
2023-05-22,11995,12001.26,-0.05
2023-05-23,11940,11956.18,-0.14
2023-05-24,11970,12001.37,-0.26
2023-05-25,12065,12067.49,-0.02
2023-05-26,12055,12067.9,-0.11
2023-05-30,12055,12061.13,-0.05
2023-05-31,12070,12076.79,-0.06
2023-06-01,12025,12047.21,-0.18
2023-06-02,11875,11903.29,-0.24
2023-06-05,11915,11922.5,-0.06
2023-06-07,11875,11892.89,-0.15
2023-06-08,11885,11893.52,-0.07
2023-06-09,11780,11785.11,-0.04
2023-06-12,11740,11762.71,-0.19
2023-06-13,11595,11607.36,-0.11
2023-06-14,11660,11670.27,-0.09
2023-06-15,11680,11701.1,-0.18
2023-06-16,11605,11611.23,-0.05
2023-06-19,11680,11707.26,-0.23
2023-06-20,11685,11699.97,-0.13
2023-06-21,11780,11819.1,-0.33
2023-06-22,11815,11828.22,-0.11
2023-06-23,11895,11938.31,-0.36
2023-06-26,11915,11939.08,-0.2
2023-06-27,11880,11898.81,-0.16
2023-06-28,11935,11970.48,-0.3
2023-06-29,12025,12052.63,-0.23
2023-06-30,12045,12063.86,-0.16
2023-07-03,11965,11973.63,-0.07
2023-07-04,11915,11907.88,0.06
2023-07-05,11880,11900.48,-0.17
2023-07-06,11910,11928.76,-0.16
2023-07-07,11925,11967.11,-0.35
2023-07-10,11940,11969.34,-0.25
2023-07-11,11825,11853.16,-0.24
2023-07-12,11800,11815.25,-0.13
2023-07-13,11680,11678.83,0.01
2023-07-14,11575,11603.03,-0.24
2023-07-17,11610,11611.24,-0.01
2023-07-18,11555,11553.56,0.01
2023-07-19,11580,11627.15,-0.41
2023-07-20,11645,11663.19,-0.16
2023-07-21,11745,11772.77,-0.24
2023-07-24,11740,11756.16,-0.14
2023-07-25,11700,11713.98,-0.12
2023-07-26,11700,11714.07,-0.12
2023-07-27,11710,11734.53,-0.21
2023-07-28,11705,11741.19,-0.31
2023-07-31,11680,11697.43,-0.15
2023-08-01,11780,11800.85,-0.18
2023-08-02,11920,11929.36,-0.08
2023-08-03,11925,11950.53,-0.21
2023-08-04,12015,12034.4,-0.16
2023-08-07,11985,12007.86,-0.19
2023-08-08,12080,12100.24,-0.17
2023-08-09,12080,12098.43,-0.15
2023-08-10,12090,12109.42,-0.16
2023-08-11,12160,12186.47,-0.22
2023-08-14,12220,12251.27,-0.26
2023-08-16,12285,12306.01,-0.17
2023-08-17,12325,12347.05,-0.18
2023-08-18,12310,12333.98,-0.19
2023-08-21,12365,12380.03,-0.12
2023-08-22,12285,12311.59,-0.22
2023-08-23,12315,12337.39,-0.18
2023-08-24,12155,12179.38,-0.2
2023-08-25,12180,12214.98,-0.29
2023-08-28,12180,12193.84,-0.11
2023-08-29,12160,12191.75,-0.26
2023-08-30,12190,12201.56,-0.09
2023-08-31,12190,12210.81,-0.17
2023-09-01,12140,12183.2,-0.35
2023-09-04,12145,12181.28,-0.3
2023-09-05,12250,12280.74,-0.25
2023-09-06,12265,12286.77,-0.18
2023-09-07,12290,12328.93,-0.32
2023-09-08,12280,12312.58,-0.26
2023-09-11,12285,12294.6,-0.08
2023-09-12,12235,12258.88,-0.19
2023-09-13,12270,12280.95,-0.09
2023-09-14,12220,12252.48,-0.27
2023-09-15,12235,12262.38,-0.22
2023-09-18,12205,12244.46,-0.32
2023-09-19,12255,12280.29,-0.21
2023-09-20,12270,12295.26,-0.21
2023-09-21,12385,12394.93,-0.08
2023-09-22,12345,12356.19,-0.09
2023-09-25,12345,12375.96,-0.25
2023-09-26,12470,12482.1,-0.1
2023-09-27,12480,12505.09,-0.2
2023-10-04,12595,12625.75,-0.24
2023-10-05,12490,12517.88,-0.22
2023-10-06,12475,12515.08,-0.32
2023-10-10,12500,12517.73,-0.14
2023-10-11,12390,12403.69,-0.11
2023-10-12,12395,12401.6,-0.05
2023-10-13,12505,12528.48,-0.19
2023-10-16,12545,12569.4,-0.19
2023-10-17,12530,12563.03,-0.26
2023-10-18,12490,12527.33,-0.3
2023-10-19,12585,12602.61,-0.14
2023-10-20,12530,12563.54,-0.27
2023-10-23,12540,12565.53,-0.2
2023-10-24,12460,12474.43,-0.12
2023-10-25,12510,12526.36,-0.13
2023-10-26,12620,12634.93,-0.12
2023-10-27,12570,12602.92,-0.26
2023-10-30,12530,12570.88,-0.33
2023-10-31,12535,12566.23,-0.25
2023-11-01,12600,12626.45,-0.21
2023-11-02,12470,12487.91,-0.14
2023-11-03,12275,12289.27,-0.12
2023-11-06,12065,12076.73,-0.1
2023-11-07,12160,12178.29,-0.15
2023-11-08,12170,12189.1,-0.16
2023-11-09,12160,12192.66,-0.27
2023-11-10,12225,12273.32,-0.39
2023-11-13,12305,12336.62,-0.26
2023-11-14,12350,12374.04,-0.19
2023-11-15,12100,12125.18,-0.21
2023-11-16,12095,12087.12,0.07
2023-11-17,12065,12091.42,-0.22
2023-11-20,12030,12039.59,-0.08
2023-11-21,11990,12032.38,-0.35
2023-11-22,12090,12139.96,-0.41
2023-11-23,12090,12102.36,-0.1
2023-11-24,12155,12182.18,-0.22
2023-11-27,12155,12172.84,-0.15
2023-11-28,12055,12076.52,-0.18
2023-11-29,12020,12035.1,-0.13
2023-11-30,12020,12044.78,-0.21
2023-12-01,12170,12203.38,-0.27
2023-12-04,12165,12185.7,-0.17
2023-12-05,12225,12258.12,-0.27
2023-12-06,12250,12267.57,-0.14
2023-12-07,12375,12373.09,0.02
2023-12-08,12200,12222.69,-0.19
2023-12-11,12295,12313.66,-0.15
2023-12-12,12270,12295.77,-0.21
2023-12-13,12315,12342.76,-0.22
2023-12-14,12105,12128.83,-0.2
2023-12-15,12095,12133.75,-0.32
2023-12-18,12115,12138.41,-0.19
2023-12-19,12200,12233.99,-0.28
2023-12-20,12140,12166.22,-0.22
2023-12-21,12190,12216.84,-0.22
2023-12-22,12170,12197.8,-0.23
2023-12-26,12095,12126.18,-0.26
2023-12-27,12105,12123.06,-0.15
2023-12-28,12065,12080.94,-0.13
2024-01-02,12160,12202.71,-0.35
2024-01-03,12200,12250.47,-0.41
2024-01-04,12265,12284.29,-0.16
2024-01-05,12320,12367.41,-0.38
2024-01-08,12335,12351.8,-0.14
2024-01-09,12320,12341.84,-0.18
2024-01-10,12380,12402.79,-0.18
2024-01-11,12315,12330.98,-0.13
2024-01-12,12315,12340.39,-0.21
2024-01-15,12370,12410.33,-0.32
2024-01-16,12495,12513.63,-0.15
2024-01-17,12615,12636.91,-0.17
2024-01-18,12570,12595.28,-0.2
2024-01-19,12575,12583.14,-0.06
2024-01-22,12565,12604.98,-0.32
2024-01-23,12515,12536.98,-0.18
2024-01-24,12560,12582.38,-0.18
2024-01-25,12550,12566.08,-0.13
2024-01-26,12555,12594.24,-0.31
2024-01-29,12550,12573.77,-0.19
2024-01-30,12485,12515.58,-0.24
2024-01-31,12545,12567.33,-0.18
2024-02-01,12525,12548.52,-0.19
2024-02-02,12435,12465.47,-0.24
2024-02-05,12510,12549.69,-0.32
2024-02-06,12490,12515.09,-0.2
2024-02-07,12490,12518.66,-0.23
2024-02-08,12490,12525.23,-0.28
2024-02-13,12505,12524.84,-0.16
2024-02-14,12575,12601.34,-0.21
2024-02-15,12570,12587.24,-0.14
2024-02-16,12570,12606.78,-0.29
2024-02-19,12580,12603.01,-0.18
2024-02-20,12605,12631.29,-0.21
2024-02-21,12575,12603.97,-0.23
2024-02-22,12525,12548.33,-0.19
2024-02-23,12550,12566.73,-0.13
2024-02-26,12555,12584.17,-0.23
2024-02-27,12555,12574.44,-0.15
2024-02-28,12585,12615.05,-0.24
2024-02-29,12560,12600.39,-0.32
2024-03-04,12570,12586.33,-0.13
2024-03-05,12595,12623.22,-0.22
2024-03-06,12600,12616.89,-0.13
2024-03-07,12570,12587.46,-0.14
2024-03-08,12455,12481.89,-0.22
2024-03-11,12370,12405.38,-0.29
2024-03-12,12380,12400.5,-0.17
2024-03-13,12410,12452.84,-0.34
2024-03-14,12450,12481.31,-0.25
2024-03-15,12575,12594.5,-0.15
2024-03-18,12610,12642.25,-0.26
2024-03-19,12665,12685.78,-0.16
2024-03-20,12660,12696.14,-0.28
2024-03-21,12515,12550.2,-0.28
2024-03-22,12665,12695.65,-0.24
2024-03-25,12700,12721.21,-0.17
2024-03-26,12670,12697.56,-0.22
2024-03-27,12770,12800.94,-0.24
2024-03-28,12750,12779.85,-0.23
2024-03-29,12745,12776.98,-0.25
2024-04-01,12780,12801.18,-0.17
2024-04-02,12810,12848.0,-0.3
2024-04-03,12770,12810.87,-0.32
2024-04-04,12765,12791.58,-0.21
2024-04-05,12815,12849.9,-0.27
2024-04-08,12835,12868.17,-0.26
2024-04-09,12845,12868.64,-0.18
2024-04-11,12930,12965.77,-0.28
2024-04-12,13050,13095.14,-0.34
2024-04-15,13135,13148.97,-0.11
2024-04-16,13230,13277.04,-0.35
2024-04-17,13165,13182.99,-0.14
2024-04-18,13035,13057.86,-0.18
2024-04-19,13120,13159.92,-0.3
2024-04-22,13110,13126.82,-0.13
2024-04-23,13100,13110.63,-0.08
2024-04-24,13005,13037.79,-0.25
2024-04-25,13065,13069.01,-0.03
2024-04-26,13070,13097.97,-0.21
2024-04-29,13090,13127.89,-0.29
2024-04-30,13150,13172.21,-0.17
2024-05-02,13095,13108.53,-0.1
2024-05-03,12960,12985.26,-0.19
2024-05-07,12945,12971.1,-0.2
2024-05-08,12990,12981.15,0.07
2024-05-09,13045,13063.14,-0.14
2024-05-10,13015,13045.69,-0.24
2024-05-13,13030,13054.61,-0.19
2024-05-14,13030,13068.36,-0.29
2024-05-16,12815,12838.72,-0.18
2024-05-17,12915,12936.06,-0.16
2024-05-20,12915,12952.59,-0.29
2024-05-21,12995,13011.54,-0.13
2024-05-22,12985,13030.19,-0.35
2024-05-23,12995,13027.83,-0.25
2024-05-24,13065,13080.82,-0.12
2024-05-27,13030,13029.05,0.01
2024-05-28,12985,12982.36,0.02
2024-05-29,13045,13043.3,0.01
2024-05-30,13180,13194.46,-0.11
2024-05-31,13235,13251.89,-0.13
2024-06-03,13160,13163.78,-0.03
2024-06-04,13150,13164.59,-0.11
2024-06-05,13135,13135.12,-0.0
2024-06-07,13070,13081.15,-0.09
2024-06-10,13170,13172.71,-0.02
2024-06-11,13175,13204.44,-0.22
2024-06-12,13165,13188.14,-0.18
2024-06-13,13140,13155.33,-0.12
2024-06-14,13185,13212.13,-0.21
2024-06-17,13215,13233.86,-0.14
2024-06-18,13205,13235.13,-0.23
2024-06-19,13240,13246.79,-0.05
2024-06-20,13275,13280.43,-0.04
2024-06-21,13300,13321.67,-0.16
2024-06-24,13320,13311.55,0.06
2024-06-25,13310,13313.37,-0.03
2024-06-26,13315,13324.88,-0.07
2024-06-27,13300,13307.42,-0.06
2024-06-28,13210,13212.86,-0.02
2024-07-01,13230,13256.88,-0.2
2024-07-02,13330,13337.89,-0.06
2024-07-03,13355,13354.76,0.0
2024-07-04,13250,13264.31,-0.11
2024-07-05,13250,13266.67,-0.13
2024-07-08,13285,13290.91,-0.04
2024-07-09,13280,13280.89,-0.01
2024-07-10,13310,13313.95,-0.03
2024-07-11,13260,13266.51,-0.05
2024-07-12,13250,13269.14,-0.14
2024-07-15,13300,13303.36,-0.03
2024-07-16,13310,13321.73,-0.09
2024-07-17,13285,13284.21,0.01
2024-07-18,13300,13293.75,0.05
2024-07-19,13350,13348.0,0.01
2024-07-22,13350,13355.7,-0.04
2024-07-23,13335,13346.55,-0.09
2024-07-24,13325,13327.75,-0.02
2024-07-25,13345,13342.2,0.02
2024-07-26,13340,13348.34,-0.06
2024-07-29,13315,13319.78,-0.04
2024-07-30,13350,13357.49,-0.06
2024-07-31,13265,13273.55,-0.06
2024-08-01,13160,13184.54,-0.19
2024-08-02,13210,13223.76,-0.1
2024-08-05,13245,13234.06,0.08
2024-08-06,13260,13274.07,-0.11
2024-08-07,13280,13277.12,0.02
2024-08-08,13275,13282.0,-0.05
2024-08-09,13170,13165.09,0.04
2024-08-12,13235,13243.92,-0.07
2024-08-13,13220,13232.84,-0.1
2024-08-14,13130,13141.35,-0.09
2024-08-16,13110,13112.2,-0.02
2024-08-19,12880,12871.32,0.07
2024-08-20,12880,12869.73,0.08
2024-08-21,12910,12906.93,0.02
2024-08-22,12900,12908.01,-0.06
2024-08-23,12940,12937.26,0.02
2024-08-26,12825,12813.06,0.09
2024-08-27,12870,12877.99,-0.06
2024-08-28,12940,12935.56,0.03
2024-08-29,12895,12906.48,-0.09
2024-08-30,12910,12922.41,-0.1
2024-09-02,12950,12945.32,0.04
2024-09-03,12985,12980.21,0.04
2024-09-04,12995,12987.42,0.06
2024-09-05,12930,12936.95,-0.05
2024-09-06,12855,12864.33,-0.07
2024-09-09,12960,12975.93,-0.12
2024-09-10,13015,13019.69,-0.04
2024-09-11,12965,12973.24,-0.06
2024-09-12,12975,12977.74,-0.02
2024-09-13,12880,12902.68,-0.18
2024-09-19,12895,12885.85,0.07
2024-09-20,12895,12917.05,-0.17
2024-09-23,12955,12955.98,-0.01
2024-09-24,12955,12960.89,-0.05
2024-09-25,12905,12915.57,-0.08
2024-09-26,12890,12900.07,-0.08
2024-09-27,12805,12815.96,-0.09
2024-09-30,12695,12715.63,-0.16
2024-10-02,12810,12817.91,-0.06
2024-10-04,12955,12974.13,-0.15
2024-10-07,13100,13107.15,-0.05
2024-10-08,13125,13129.68,-0.04
2024-10-10,13125,13140.22,-0.12
2024-10-11,13120,13149.29,-0.22
2024-10-14,13180,13200.54,-0.16
2024-10-15,13255,13266.33,-0.09
2024-10-16,13270,13275.53,-0.04
2024-10-17,13335,13325.74,0.07
2024-10-18,13325,13351.78,-0.2
2024-10-21,13380,13412.25,-0.24
2024-10-22,13445,13455.8,-0.08
2024-10-23,13465,13476.47,-0.09
2024-10-24,13450,13461.56,-0.09
2024-10-25,13535,13569.44,-0.25
2024-10-28,13495,13510.76,-0.12
2024-10-29,13520,13530.88,-0.08
2024-10-30,13475,13480.24,-0.04
2024-10-31,13465,13479.17,-0.11
2024-11-01,13460,13470.07,-0.07
2024-11-04,13375,13397.67,-0.17
2024-11-05,13455,13459.33,-0.03
2024-11-06,13630,13660.79,-0.23
2024-11-07,13630,13638.44,-0.06
2024-11-08,13535,13551.76,-0.12
2024-11-11,13615,13617.3,-0.02
2024-11-12,13710,13729.08,-0.14
2024-11-13,13740,13756.92,-0.12
2024-11-14,13680,13746.82,-0.49
2024-11-15,13670,13655.73,0.1
2024-11-18,13630,13639.54,-0.07
2024-11-19,13580,13590.83,-0.08
2024-11-20,13595,13591.12,0.03
2024-11-21,13665,13674.77,-0.07
2024-11-22,13705,13714.95,-0.07
2024-11-25,13705,13717.74,-0.09
2024-11-26,13680,13684.09,-0.03
2024-11-27,13670,13672.33,-0.02
2024-11-28,13660,13657.11,0.02
2024-11-29,13640,13655.51,-0.11
2024-12-02,13730,13731.84,-0.01
2024-12-03,13720,13746.73,-0.19
2024-12-04,13815,13821.99,-0.05
2024-12-05,13865,13858.91,0.04
2024-12-06,13895,13906.58,-0.08
2024-12-09,14070,14087.94,-0.13
2024-12-10,13980,13986.12,-0.04
2024-12-11,14035,14037.77,-0.02
2024-12-12,14040,14039.87,0.0
2024-12-13,14035,14056.58,-0.15
2024-12-16,14070,14083.34,-0.09
2024-12-17,14110,14116.34,-0.04
2024-12-18,14065,14080.07,-0.11
2024-12-19,14235,14253.37,-0.13
2024-12-20,14245,14239.97,0.04
2024-12-23,14250,14251.0,-0.01
2024-12-24,14300,14314.45,-0.1
2024-12-26,14380,14408.84,-0.2
2024-12-27,14435,14414.7,0.14
2024-12-30,14490,14463.41,0.18
2025-01-02,14395,14421.57,-0.18
2025-01-03,14405,14422.82,-0.12
2025-01-06,14440,14431.17,0.06
2025-01-07,14270,14283.87,-0.1
2025-01-08,14300,14305.8,-0.04
2025-01-09,14355,14361.5,-0.05
2025-01-10,14390,14425.21,-0.24
2025-01-13,14455,14471.77,-0.12
2025-01-14,14395,14391.08,0.03
2025-01-15,14370,14373.81,-0.03
2025-01-16,14330,14339.04,-0.06
2025-01-17,14335,14337.68,-0.02
2025-01-20,14290,14273.63,0.11
2025-01-21,14160,14176.91,-0.12
2025-01-22,14145,14156.34,-0.08
2025-01-23,14155,14160.05,-0.04
2025-01-24,14100,14101.33,-0.01
2025-01-31,14325,14336.56,-0.08
2025-02-03,14445,14451.02,-0.04
2025-02-04,14420,14407.78,0.08
2025-02-05,14240,14251.87,-0.08
2025-02-06,14275,14278.0,-0.02
2025-02-07,14275,14277.51,-0.02
2025-02-10,14315,14323.13,-0.06
2025-02-11,14330,14337.85,-0.05
2025-02-12,14330,14340.1,-0.07
2025-02-13,14280,14299.8,-0.14
2025-02-14,14245,14231.98,0.09
2025-02-17,14225,14227.36,-0.02
2025-02-18,14250,14251.55,-0.01
2025-02-19,14200,14206.29,-0.04
2025-02-20,14200,14198.67,0.01
2025-02-21,14155,14166.6,-0.08
2025-02-24,14095,14094.5,0.0
2025-02-25,14130,14136.17,-0.04
2025-02-26,14145,14159.98,-0.11
2025-02-27,14245,14251.48,-0.05
2025-02-28,14445,14470.13,-0.17
2025-03-04,14450,14458.7,-0.06
2025-03-05,14370,14372.69,-0.02
2025-03-06,14260,14272.79,-0.09
2025-03-07,14305,14305.89,-0.01
2025-03-10,14365,14383.87,-0.13
2025-03-11,14415,14420.17,-0.04
2025-03-12,14345,14347.17,-0.02
2025-03-13,14385,14388.92,-0.03
2025-03-14,14375,14386.43,-0.08
2025-03-17,14315,14338.73,-0.17
2025-03-18,14370,14372.41,-0.02
2025-03-19,14390,14384.21,0.04
2025-03-20,14435,14451.0,-0.11
2025-03-21,14490,14492.71,-0.02
2025-03-24,14545,14534.37,0.07
2025-03-25,14560,14566.7,-0.05
2025-03-26,14525,14536.99,-0.08
2025-03-27,14525,14526.4,-0.01
2025-03-28,14540,14543.64,-0.03
2025-03-31,14590,14613.8,-0.16
2025-04-01,14590,14595.37,-0.04
2025-04-02,14540,14546.02,-0.04
2025-04-03,14540,14541.47,-0.01
2025-04-04,14215,14243.34,-0.2
2025-04-07,14545,14569.93,-0.17
2025-04-08,14610,14622.57,-0.09
2025-04-09,14720,14729.48,-0.06
2025-04-10,14460,14487.61,-0.19
2025-04-11,14395,14399.17,-0.03
2025-04-14,14130,14148.32,-0.13
2025-04-15,14160,14175.04,-0.11
2025-04-16,14170,14174.75,-0.03
2025-04-17,14100,14097.92,0.01
2025-04-18,14135,14141.39,-0.05
2025-04-21,14090,14092.85,-0.02
2025-04-22,14105,14132.58,-0.2
2025-04-23,14125,14126.59,-0.01
2025-04-24,14260,14276.15,-0.11
2025-04-25,14285,14295.8,-0.08
2025-04-28,14340,14367.48,-0.19
2025-04-29,14290,14310.67,-0.14
2025-04-30,14145,14138.69,0.04
2025-05-02,13995,13996.97,-0.01
2025-05-07,13925,13910.47,0.1
2025-05-08,13905,13935.45,-0.22
2025-05-09,13935,13956.3,-0.15
2025-05-12,13960,13996.3,-0.26
2025-05-13,14120,14136.73,-0.12
2025-05-14,14145,14175.1,-0.21
2025-05-15,13900,13905.26,-0.04
2025-05-16,13860,13878.58,-0.13
2025-05-19,13940,13942.73,-0.02
2025-05-20,13890,13896.39,-0.05
2025-05-21,13835,13832.34,0.02
2025-05-22,13770,13772.43,-0.02
2025-05-23,13725,13719.76,0.04
2025-05-26,13615,13626.83,-0.09
2025-05-27,13675,13690.5,-0.11
2025-05-28,13745,13749.39,-0.03
2025-05-29,13745,13749.46,-0.03
2025-05-30,13785,13777.49,0.05
2025-06-02,13715,13716.22,-0.01
2025-06-04,13695,13688.28,0.05
2025-06-05,13590,13601.33,-0.08
2025-06-09,13565,13556.4,0.06
2025-06-10,13650,13662.29,-0.09
2025-06-11,13740,13734.47,0.04
2025-06-12,13580,13596.38,-0.12
2025-06-13,13690,13698.62,-0.06
2025-06-16,13630,13645.01,-0.11
2025-06-17,13635,13640.61,-0.04
2025-06-18,13715,13729.72,-0.11
2025-06-19,13825,13839.94,-0.11
2025-06-20,13685,13683.27,0.01
2025-06-23,13855,13864.63,-0.07
2025-06-24,13625,13643.55,-0.14
2025-06-25,13650,13655.44,-0.04
2025-06-26,13600,13604.04,-0.03
2025-06-27,13605,13600.05,0.04
2025-06-30,13525,13528.78,-0.03
2025-07-01,13590,13598.88,-0.07
2025-07-02,13630,13638.88,-0.07
2025-07-03,13630,13649.8,-0.15
2025-07-04,13660,13673.99,-0.1
2025-07-07,13725,13740.0,-0.11
2025-07-08,13730,13738.88,-0.06
2025-07-09,13795,13809.78,-0.11
2025-07-10,13765,13767.66,-0.02
2025-07-11,13810,13826.03,-0.12
2025-07-14,13860,13880.12,-0.14
2025-07-15,13860,13876.76,-0.12
2025-07-16,13920,13924.86,-0.03
2025-07-17,13985,13997.09,-0.09
2025-07-18,13995,13999.46,-0.03
2025-07-21,13955,13949.69,0.04
2025-07-22,13945,13958.48,-0.1
2025-07-23,13855,13872.5,-0.13
2025-07-24,13750,13761.83,-0.09
2025-07-25,13855,13867.4,-0.09
2025-07-28,13885,13906.48,-0.15
2025-07-29,13985,14014.91,-0.21
2025-07-30,13910,13903.07,0.05
2025-07-31,13960,13970.32,-0.07
2025-08-01,14105,14110.41,-0.04
2025-08-04,13930,13930.77,-0.01
2025-08-05,13975,13980.12,-0.04
2025-08-06,13980,13988.86,-0.06
2025-08-07,13905,13905.13,-0.0
2025-08-08,13980,13998.92,-0.14
2025-08-11,13980,13986.7,-0.05
2025-08-12,14005,14004.0,0.01
2025-08-13,13925,13915.17,0.07
2025-08-14,13915,13949.95,-0.25
2025-08-18,13940,13968.95,-0.21
2025-08-19,14010,14022.2,-0.09
2025-08-20,14105,14107.84,-0.02
2025-08-21,14105,14116.73,-0.08
2025-08-22,14035,14063.16,-0.2
2025-08-25,13970,13979.12,-0.07
2025-08-26,14080,14099.03,-0.13
2025-08-27,14085,14090.62,-0.04
2025-08-28,14000,14011.76,-0.08
2025-08-29,14015,14031.86,-0.12
2025-09-01,14060,14068.98,-0.06
2025-09-02,14045,14051.61,-0.05
2025-09-03,14060,14057.03,0.02
2025-09-04,14065,14069.17,-0.03
2025-09-05,14045,14055.15,-0.07
2025-09-08,14035,14052.79,-0.13
2025-09-09,14010,14031.36,-0.15
2025-09-10,14010,14019.18,-0.07
2025-09-11,14055,14077.45,-0.16
2025-09-12,14035,14041.46,-0.05
2025-09-15,14040,14048.36,-0.06
2025-09-16,13940,13943.62,-0.03
2025-09-17,13955,13969.73,-0.11
2025-09-18,14035,14033.67,0.01
2025-09-19,14100,14124.71,-0.17
2025-09-22,14090,14086.94,0.02
2025-09-23,14100,14107.82,-0.06
2025-09-24,14145,14152.25,-0.05
2025-09-25,14175,14193.53,-0.13
2025-09-26,14300,14320.17,-0.14
2025-09-29,14170,14171.82,-0.01
2025-09-30,14210,14214.09,-0.03
2025-10-01,14215,14222.5,-0.05
2025-10-02,14190,14209.08,-0.13
2025-10-10,14400,14413.0,-0.09
2025-10-13,14450,14476.85,-0.19
2025-10-14,14510,14533.54,-0.16
2025-10-15,14400,14417.53,-0.12
2025-10-16,14380,14391.18,-0.08
2025-10-17,14415,14420.96,-0.04
2025-10-20,14380,14419.65,-0.27
2025-10-21,14490,14495.68,-0.04
2025-10-22,14500,14520.6,-0.14
2025-10-23,14595,14631.09,-0.25
2025-10-24,14590,14591.11,-0.01
2025-10-27,14540,14549.39,-0.06
2025-10-28,14590,14601.88,-0.08
2025-10-29,14540,14540.29,-0.0
2025-10-30,14475,14516.52,-0.29
2025-10-31,14470,14483.63,-0.09
2025-11-03,14505,14513.04,-0.06
2025-11-04,14600,14621.19,-0.14
2025-11-05,14725,14724.79,0.0
2025-11-06,14720,14724.24,-0.03
2025-11-07,14815,14817.63,-0.02
2025-11-10,14755,14762.16,-0.05
2025-11-11,14880,14885.2,-0.03
2025-11-12,14910,14913.67,-0.02
2025-11-13,14955,14941.2,0.09
2025-11-14,14825,14820.59,0.03
2025-11-17,14830,14835.08,-0.03
2025-11-18,14900,14914.72,-0.1
2025-11-19,14910,14912.33,-0.02
2025-11-20,14940,14953.2,-0.09
2025-11-21,15005,15030.03,-0.17
2025-11-24,15020,15025.88,-0.04
2025-11-25,14990,14995.74,-0.04
2025-11-26,14920,14942.57,-0.15
2025-11-27,14900,14917.96,-0.12
2025-11-28,14975,14981.18,-0.04
2025-12-01,14975,14975.57,-0.0
2025-12-02,14960,14964.31,-0.03
2025-12-03,14960,14972.26,-0.08
2025-12-04,15020,15030.27,-0.07
2025-12-05,14975,14977.33,-0.02
2025-12-08,14955,14957.02,-0.01
2025-12-09,14995,15013.99,-0.13
2025-12-10,14980,14997.71,-0.12
2025-12-11,15020,15026.5,-0.04
2025-12-12,15030,15044.7,-0.1
2025-12-15,15005,15015.04,-0.07
2025-12-16,15070,15055.26,0.1
2025-12-17,15090,15099.81,-0.06
2025-12-18,15090,15090.72,-0.0
2025-12-19,15060,15103.32,-0.29
2025-12-22,15110,15114.36,-0.03
2025-12-23,15150,15162.18,-0.08
2025-12-24,14840,14810.93,0.2
2025-12-26,14730,14585.14,0.99
2025-12-29,14500,14507.38,-0.05
2025-12-30,14580,14599.89,-0.14
2026-01-02,14615,14621.48,-0.04
2026-01-05,14635,14633.58,0.01
2026-01-06,14650,14645.75,0.03
2026-01-07,14650,14665.84,-0.11
2026-01-08,14695,14715.64,-0.14
2026-01-09,14785,14783.82,0.01
2026-01-12,14890,14899.33,-0.06
2026-01-13,14945,14952.65,-0.05
2026-01-14,14980,14980.05,-0.0
2026-01-15,14910,14929.54,-0.13
2026-01-16,14945,14950.39,-0.04
2026-01-19,14950,14949.03,0.01
2026-01-20,14990,14999.6,-0.06
2026-01-21,14925,14928.43,-0.02
2026-01-22,14910,14914.1,-0.03
2026-01-23,14865,14878.54,-0.09
2026-01-26,14620,14631.44,-0.08
2026-01-27,14655,14686.1,-0.21
2026-01-28,14440,14451.08,-0.08
2026-01-29,14465,14485.45,-0.14
2026-01-30,14610,14621.57,-0.08
2026-02-02,14850,14879.37,-0.2
2026-02-03,14685,14680.76,0.03
2026-02-04,14720,14756.78,-0.25
2026-02-05,14905,14930.02,-0.17
2026-02-06,14910,14914.14,-0.03
2026-02-09,14840,14837.67,0.02
2026-02-10,14810,14835.24,-0.17
2026-02-11,14730,14770.17,-0.27
2026-02-12,14655,14662.49,-0.05
2026-02-13,14680,14708.02,-0.19
2026-02-19,14710,14712.48,-0.02
2026-02-20,14710,14715.86,-0.04
2026-02-23,14655,14676.89,-0.15
2026-02-24,14680,14683.81,-0.03
2026-02-25,14550,14555.36,-0.04
2026-02-26,14515,14519.78,-0.03
2026-02-27,14645,14644.9,0.0
2026-03-03,14930,14936.1,-0.04
2026-03-04,15035,15015.95,0.13
2026-03-05,14960,14953.72,0.04
2026-03-06,15025,15035.8,-0.07
2026-03-09,15235,15234.23,0.01
2026-03-10,14975,14949.72,0.17
2026-03-11,14935,14944.79,-0.07
2026-03-12,15085,15117.48,-0.21
2026-03-13,15220,15230.67,-0.07
2026-03-16,15255,15270.54,-0.1
2026-03-17,15210,15217.34,-0.05
2026-03-18,15105,15137.4,-0.21
2026-03-19,15305,15318.04,-0.09
2026-03-20,15300,15285.7,0.09
2026-03-23,15475,15489.03,-0.09
2026-03-24,15255,15250.76,0.03
2026-03-25,15295,15296.32,-0.01
2026-03-26,15375,15375.8,-0.01
2026-03-27,15385,15393.2,-0.05
2026-03-30,15465,15464.25,0.0
2026-03-31,15650,15645.07,0.03
2026-04-01,15330,15319.88,0.07
2026-04-02,15520,15512.19,0.05
2026-04-03,15365,15384.11,-0.12
2026-04-06,15370,15390.08,-0.13
2026-04-07,15355,15361.43,-0.04
2026-04-08,15025,15015.18,0.07
2026-04-09,15135,15130.7,0.03
2026-04-10,15130,15162.55,-0.21
2026-04-13,15215,15235.88,-0.14
2026-04-14,15135,15122.38,0.08
2026-04-15,15065,15073.97,-0.06
2026-04-16,15050,15064.0,-0.09
2026-04-17,15140,15170.17,-0.2
2026-04-20,15095,15073.82,0.14
2026-04-21,15015,15021.51,-0.04
2026-04-22,15090,15106.16,-0.11
2026-04-23,15125,15141.86,-0.11
2026-04-24,15170,15180.96,-0.07
2026-04-27,15055,15053.87,0.01
2026-04-28,15055,15083.27,-0.19
2026-04-29,15125,15128.28,-0.02
2026-04-30,15180,15189.77,-0.06
2026-05-04,14980,14975.91,0.03
2026-05-06,14885,14891.19,-0.04
2026-05-07,14885,14863.07,0.15
2026-05-08,15040,15049.68,-0.06
2026-05-11,15080,15074.89,0.03
2026-05-12,15230,15249.67,-0.13
2026-05-13,15250,15249.81,0.0
2026-05-14,15255,15272.19,-0.11
2026-05-15,15375,15372.23,0.02
2026-05-18,15365,15345.06,0.13
2026-05-19,15445,15438.43,0.04
2026-05-20,15415,15434.82,-0.13
2026-05-21,15425,15435.88,-0.07
2026-05-22,15540,15558.72,-0.12
2026-05-26,15420,15416.13,0.03
2026-05-27,15385,15384.42,0.0
2026-05-28,15405,15410.43,-0.04
2026-05-29,15460,15454.32,0.04
2026-06-01,15410,15421.95,-0.08
2026-06-02,15550,15577.42,-0.18
2026-06-04,15685,15707.47,-0.14
2026-06-05,15805,15794.47,0.07
2026-06-08,15755,15746.73,0.05
2026-06-09,15510,15547.63,-0.24
2026-06-10,15615,15652.44,-0.24
2026-06-11,15695,15718.2,-0.15
2026-06-12,15575,15614.68,-0.25
2026-06-15,15505,15528.07,-0.15
2026-06-16,15520,15526.23,-0.04
2026-06-17,15540,15526.99,0.08
2026-06-18,15665,15685.51,-0.13
2026-06-19,15685,15682.96,0.01
2026-06-22,15790,15789.51,0.0
2026-06-23,15815,15828.0,-0.08
2026-06-24,15825,15872.25,-0.3
2026-06-25,15825,15842.38,-0.11
2026-06-26,15765,15749.56,0.1
2026-06-29,15830,15872.09,-0.27
2026-06-30,15915,15924.68,-0.06
2026-07-01,15990,16014.82,-0.15
2026-07-02,15975,15985.5,-0.07
2026-07-03,15705,15691.59,0.09
2026-07-06,15730,15738.48,-0.05
2026-07-07,15700,15707.47,-0.05
2026-07-08,15430,15429.29,0.0
2026-07-09,15490,15520.16,-0.19
2026-07-10,15455,15473.74,-0.12
2026-07-13,15475,15470.73,0.03
2026-07-14,15370,15368.56,0.01
2026-07-15,15295,15282.97,0.08
2026-07-16,15245,15236.61,0.06
2026-07-20,15210,15234.9,-0.16
2026-07-21,15155,15177.07,-0.15
2026-07-22,15245,15235.92,0.06
2026-07-23,15105,15126.78,-0.14
2026-07-24,15105,15116.39,-0.08
2026-07-27,15130,15147.23,-0.11
2026-07-28,15070,15068.81,0.01
2026-07-29,14915,14913.23,0.01
2026-07-30,14820,14808.8,0.08
2026-07-31,14690,14682.23,0.05
2026-08-03,14725,14771.2,-0.31
2026-08-04,14765,14774.29,-0.06
2026-08-05,14685,14687.82,-0.02
2026-08-06,14665,14689.5,-0.17
2026-08-07,14610,14620.93,-0.07
2026-08-10,14630,14621.89,0.06
2026-08-11,14605,14623.61,-0.13
2026-08-12,14610,14618.2,-0.06
2026-08-13,14630,14645.42,-0.11
2026-08-14,14610,14636.32,-0.18
2026-08-18,14560,14587.84,-0.19
2026-08-19,14430,14429.34,0.0
2026-08-20,14380,14381.94,-0.01
2026-08-21,14315,14315.96,-0.01
2026-08-24,14280,14269.47,0.07
