지수,1배 종목,배수 종목,배수,상품,구간,1배 연율 분배 기여(%),배수 연율 분배 기여(%),배당 보정분(%p),측정 여부,분배 측정 구간
KOSPI200,069500,122630,2.0,ETF,1주,1.92,0.0,-0.08,예,2014-06-09 ~ 2026-08-26
KOSPI200,069500,122630,2.0,ETF,2주,1.92,0.0,-0.15,예,2014-06-09 ~ 2026-08-26
KOSPI200,069500,122630,2.0,ETF,1개월,1.92,0.0,-0.32,예,2014-06-09 ~ 2026-08-26
KOSPI200,069500,122630,2.0,ETF,3개월,1.92,0.0,-0.96,예,2014-06-09 ~ 2026-08-26
KOSPI200,069500,122630,2.0,ETF,6개월,1.92,0.0,-1.92,예,2014-06-09 ~ 2026-08-26
KOSPI200,069500,122630,2.0,ETF,1년,1.92,0.0,-3.84,예,2014-06-09 ~ 2026-08-26
KOSPI200,069500,122630,2.0,ETF,3년,1.92,0.0,-11.52,예,2014-06-09 ~ 2026-08-26
KOSPI200,069500,114800,-1.0,ETF,1주,1.92,0.0,0.04,예,2014-06-09 ~ 2026-08-26
KOSPI200,069500,114800,-1.0,ETF,2주,1.92,0.0,0.08,예,2014-06-09 ~ 2026-08-26
KOSPI200,069500,114800,-1.0,ETF,1개월,1.92,0.0,0.16,예,2014-06-09 ~ 2026-08-26
KOSPI200,069500,114800,-1.0,ETF,3개월,1.92,0.0,0.48,예,2014-06-09 ~ 2026-08-26
KOSPI200,069500,114800,-1.0,ETF,6개월,1.92,0.0,0.96,예,2014-06-09 ~ 2026-08-26
KOSPI200,069500,114800,-1.0,ETF,1년,1.92,0.0,1.92,예,2014-06-09 ~ 2026-08-26
KOSPI200,069500,114800,-1.0,ETF,3년,1.92,0.0,5.76,예,2014-06-09 ~ 2026-08-26
KOSPI200,069500,252670,-2.0,ETF,1주,1.92,0.0,0.08,예,2014-06-09 ~ 2026-08-26
KOSPI200,069500,252670,-2.0,ETF,2주,1.92,0.0,0.15,예,2014-06-09 ~ 2026-08-26
KOSPI200,069500,252670,-2.0,ETF,1개월,1.92,0.0,0.32,예,2014-06-09 ~ 2026-08-26
KOSPI200,069500,252670,-2.0,ETF,3개월,1.92,0.0,0.96,예,2014-06-09 ~ 2026-08-26
KOSPI200,069500,252670,-2.0,ETF,6개월,1.92,0.0,1.92,예,2014-06-09 ~ 2026-08-26
KOSPI200,069500,252670,-2.0,ETF,1년,1.92,0.0,3.84,예,2014-06-09 ~ 2026-08-26
KOSPI200,069500,252670,-2.0,ETF,3년,1.92,0.0,11.52,예,2014-06-09 ~ 2026-08-26
KOSDAQ150,229200,233740,2.0,ETF,1주,0.63,0.0,-0.02,예,2015-10-01 ~ 2026-09-02
KOSDAQ150,229200,233740,2.0,ETF,2주,0.63,0.0,-0.05,예,2015-10-01 ~ 2026-09-02
KOSDAQ150,229200,233740,2.0,ETF,1개월,0.63,0.0,-0.1,예,2015-10-01 ~ 2026-09-02
KOSDAQ150,229200,233740,2.0,ETF,3개월,0.63,0.0,-0.31,예,2015-10-01 ~ 2026-09-02
KOSDAQ150,229200,233740,2.0,ETF,6개월,0.63,0.0,-0.63,예,2015-10-01 ~ 2026-09-02
KOSDAQ150,229200,233740,2.0,ETF,1년,0.63,0.0,-1.26,예,2015-10-01 ~ 2026-09-02
KOSDAQ150,229200,233740,2.0,ETF,3년,0.63,0.0,-3.77,예,2015-10-01 ~ 2026-09-02
KOSDAQ150,229200,251340,-1.0,ETF,1주,0.63,0.0,0.01,예,2015-10-01 ~ 2026-09-02
KOSDAQ150,229200,251340,-1.0,ETF,2주,0.63,0.0,0.02,예,2015-10-01 ~ 2026-09-02
KOSDAQ150,229200,251340,-1.0,ETF,1개월,0.63,0.0,0.05,예,2015-10-01 ~ 2026-09-02
KOSDAQ150,229200,251340,-1.0,ETF,3개월,0.63,0.0,0.16,예,2015-10-01 ~ 2026-09-02
KOSDAQ150,229200,251340,-1.0,ETF,6개월,0.63,0.0,0.31,예,2015-10-01 ~ 2026-09-02
KOSDAQ150,229200,251340,-1.0,ETF,1년,0.63,0.0,0.63,예,2015-10-01 ~ 2026-09-02
KOSDAQ150,229200,251340,-1.0,ETF,3년,0.63,0.0,1.88,예,2015-10-01 ~ 2026-09-02
KOSDAQ150,229200,530107,-2.0,ETN,1주,0.63,0.0,0.02,아니오 (ETN — 분배금 없음),2015-10-01 ~ 2026-09-02
KOSDAQ150,229200,530107,-2.0,ETN,2주,0.63,0.0,0.05,아니오 (ETN — 분배금 없음),2015-10-01 ~ 2026-09-02
KOSDAQ150,229200,530107,-2.0,ETN,1개월,0.63,0.0,0.1,아니오 (ETN — 분배금 없음),2015-10-01 ~ 2026-09-02
KOSDAQ150,229200,530107,-2.0,ETN,3개월,0.63,0.0,0.31,아니오 (ETN — 분배금 없음),2015-10-01 ~ 2026-09-02
KOSDAQ150,229200,530107,-2.0,ETN,6개월,0.63,0.0,0.63,아니오 (ETN — 분배금 없음),2015-10-01 ~ 2026-09-02
KOSDAQ150,229200,530107,-2.0,ETN,1년,0.63,0.0,1.26,아니오 (ETN — 분배금 없음),2015-10-01 ~ 2026-09-02
KOSDAQ150,229200,530107,-2.0,ETN,3년,0.63,0.0,3.77,아니오 (ETN — 분배금 없음),2015-10-01 ~ 2026-09-02
KOSDAQ150,229200,520057,-2.0,ETN,1주,0.63,0.0,0.02,아니오 (ETN — 분배금 없음),2015-10-01 ~ 2026-09-02
KOSDAQ150,229200,520057,-2.0,ETN,2주,0.63,0.0,0.05,아니오 (ETN — 분배금 없음),2015-10-01 ~ 2026-09-02
KOSDAQ150,229200,520057,-2.0,ETN,1개월,0.63,0.0,0.1,아니오 (ETN — 분배금 없음),2015-10-01 ~ 2026-09-02
KOSDAQ150,229200,520057,-2.0,ETN,3개월,0.63,0.0,0.31,아니오 (ETN — 분배금 없음),2015-10-01 ~ 2026-09-02
KOSDAQ150,229200,520057,-2.0,ETN,6개월,0.63,0.0,0.63,아니오 (ETN — 분배금 없음),2015-10-01 ~ 2026-09-02
KOSDAQ150,229200,520057,-2.0,ETN,1년,0.63,0.0,1.26,아니오 (ETN — 분배금 없음),2015-10-01 ~ 2026-09-02
KOSDAQ150,229200,520057,-2.0,ETN,3년,0.63,0.0,3.77,아니오 (ETN — 분배금 없음),2015-10-01 ~ 2026-09-02
S&P500,SPY,SSO,2.0,ETF,1주,1.78,1.0,-0.05,예,1993-01-29 ~ 2026-08-25
S&P500,SPY,SSO,2.0,ETF,2주,1.78,1.0,-0.1,예,1993-01-29 ~ 2026-08-25
S&P500,SPY,SSO,2.0,ETF,1개월,1.78,1.0,-0.21,예,1993-01-29 ~ 2026-08-25
S&P500,SPY,SSO,2.0,ETF,3개월,1.78,1.0,-0.64,예,1993-01-29 ~ 2026-08-25
S&P500,SPY,SSO,2.0,ETF,6개월,1.78,1.0,-1.28,예,1993-01-29 ~ 2026-08-25
S&P500,SPY,SSO,2.0,ETF,1년,1.78,1.0,-2.56,예,1993-01-29 ~ 2026-08-25
S&P500,SPY,SSO,2.0,ETF,3년,1.78,1.0,-7.69,예,1993-01-29 ~ 2026-08-25
S&P500,SPY,UPRO,3.0,ETF,1주,1.78,0.38,-0.1,예,1993-01-29 ~ 2026-08-25
S&P500,SPY,UPRO,3.0,ETF,2주,1.78,0.38,-0.2,예,1993-01-29 ~ 2026-08-25
S&P500,SPY,UPRO,3.0,ETF,1개월,1.78,0.38,-0.41,예,1993-01-29 ~ 2026-08-25
S&P500,SPY,UPRO,3.0,ETF,3개월,1.78,0.38,-1.24,예,1993-01-29 ~ 2026-08-25
S&P500,SPY,UPRO,3.0,ETF,6개월,1.78,0.38,-2.49,예,1993-01-29 ~ 2026-08-25
S&P500,SPY,UPRO,3.0,ETF,1년,1.78,0.38,-4.97,예,1993-01-29 ~ 2026-08-25
S&P500,SPY,UPRO,3.0,ETF,3년,1.78,0.38,-14.91,예,1993-01-29 ~ 2026-08-25
S&P500,SPY,SH,-1.0,ETF,1주,1.78,2.03,0.08,예,1993-01-29 ~ 2026-08-25
S&P500,SPY,SH,-1.0,ETF,2주,1.78,2.03,0.15,예,1993-01-29 ~ 2026-08-25
S&P500,SPY,SH,-1.0,ETF,1개월,1.78,2.03,0.32,예,1993-01-29 ~ 2026-08-25
S&P500,SPY,SH,-1.0,ETF,3개월,1.78,2.03,0.95,예,1993-01-29 ~ 2026-08-25
S&P500,SPY,SH,-1.0,ETF,6개월,1.78,2.03,1.91,예,1993-01-29 ~ 2026-08-25
S&P500,SPY,SH,-1.0,ETF,1년,1.78,2.03,3.81,예,1993-01-29 ~ 2026-08-25
S&P500,SPY,SH,-1.0,ETF,3년,1.78,2.03,11.44,예,1993-01-29 ~ 2026-08-25
S&P500,SPY,SDS,-2.0,ETF,1주,1.78,2.3,0.12,예,1993-01-29 ~ 2026-08-25
S&P500,SPY,SDS,-2.0,ETF,2주,1.78,2.3,0.23,예,1993-01-29 ~ 2026-08-25
S&P500,SPY,SDS,-2.0,ETF,1개월,1.78,2.3,0.49,예,1993-01-29 ~ 2026-08-25
S&P500,SPY,SDS,-2.0,ETF,3개월,1.78,2.3,1.47,예,1993-01-29 ~ 2026-08-25
S&P500,SPY,SDS,-2.0,ETF,6개월,1.78,2.3,2.93,예,1993-01-29 ~ 2026-08-25
S&P500,SPY,SDS,-2.0,ETF,1년,1.78,2.3,5.87,예,1993-01-29 ~ 2026-08-25
S&P500,SPY,SDS,-2.0,ETF,3년,1.78,2.3,17.6,예,1993-01-29 ~ 2026-08-25
S&P500,SPY,SPXU,-3.0,ETF,1주,1.78,1.44,0.13,예,1993-01-29 ~ 2026-08-25
S&P500,SPY,SPXU,-3.0,ETF,2주,1.78,1.44,0.27,예,1993-01-29 ~ 2026-08-25
S&P500,SPY,SPXU,-3.0,ETF,1개월,1.78,1.44,0.57,예,1993-01-29 ~ 2026-08-25
S&P500,SPY,SPXU,-3.0,ETF,3개월,1.78,1.44,1.7,예,1993-01-29 ~ 2026-08-25
S&P500,SPY,SPXU,-3.0,ETF,6개월,1.78,1.44,3.39,예,1993-01-29 ~ 2026-08-25
S&P500,SPY,SPXU,-3.0,ETF,1년,1.78,1.44,6.79,예,1993-01-29 ~ 2026-08-25
S&P500,SPY,SPXU,-3.0,ETF,3년,1.78,1.44,20.36,예,1993-01-29 ~ 2026-08-25
나스닥100,QQQ,QLD,2.0,ETF,1주,0.62,0.68,-0.01,예,1999-03-10 ~ 2026-08-25
나스닥100,QQQ,QLD,2.0,ETF,2주,0.62,0.68,-0.02,예,1999-03-10 ~ 2026-08-25
나스닥100,QQQ,QLD,2.0,ETF,1개월,0.62,0.68,-0.05,예,1999-03-10 ~ 2026-08-25
나스닥100,QQQ,QLD,2.0,ETF,3개월,0.62,0.68,-0.14,예,1999-03-10 ~ 2026-08-25
나스닥100,QQQ,QLD,2.0,ETF,6개월,0.62,0.68,-0.28,예,1999-03-10 ~ 2026-08-25
나스닥100,QQQ,QLD,2.0,ETF,1년,0.62,0.68,-0.57,예,1999-03-10 ~ 2026-08-25
나스닥100,QQQ,QLD,2.0,ETF,3년,0.62,0.68,-1.7,예,1999-03-10 ~ 2026-08-25
나스닥100,QQQ,TQQQ,3.0,ETF,1주,0.62,0.3,-0.03,예,1999-03-10 ~ 2026-08-25
나스닥100,QQQ,TQQQ,3.0,ETF,2주,0.62,0.3,-0.06,예,1999-03-10 ~ 2026-08-25
나스닥100,QQQ,TQQQ,3.0,ETF,1개월,0.62,0.3,-0.13,예,1999-03-10 ~ 2026-08-25
나스닥100,QQQ,TQQQ,3.0,ETF,3개월,0.62,0.3,-0.39,예,1999-03-10 ~ 2026-08-25
나스닥100,QQQ,TQQQ,3.0,ETF,6개월,0.62,0.3,-0.78,예,1999-03-10 ~ 2026-08-25
나스닥100,QQQ,TQQQ,3.0,ETF,1년,0.62,0.3,-1.57,예,1999-03-10 ~ 2026-08-25
나스닥100,QQQ,TQQQ,3.0,ETF,3년,0.62,0.3,-4.71,예,1999-03-10 ~ 2026-08-25
나스닥100,QQQ,PSQ,-1.0,ETF,1주,0.62,1.66,0.05,예,1999-03-10 ~ 2026-08-25
나스닥100,QQQ,PSQ,-1.0,ETF,2주,0.62,1.66,0.09,예,1999-03-10 ~ 2026-08-25
나스닥100,QQQ,PSQ,-1.0,ETF,1개월,0.62,1.66,0.19,예,1999-03-10 ~ 2026-08-25
나스닥100,QQQ,PSQ,-1.0,ETF,3개월,0.62,1.66,0.57,예,1999-03-10 ~ 2026-08-25
나스닥100,QQQ,PSQ,-1.0,ETF,6개월,0.62,1.66,1.14,예,1999-03-10 ~ 2026-08-25
나스닥100,QQQ,PSQ,-1.0,ETF,1년,0.62,1.66,2.29,예,1999-03-10 ~ 2026-08-25
나스닥100,QQQ,PSQ,-1.0,ETF,3년,0.62,1.66,6.86,예,1999-03-10 ~ 2026-08-25
나스닥100,QQQ,QID,-2.0,ETF,1주,0.62,2.11,0.07,예,1999-03-10 ~ 2026-08-25
나스닥100,QQQ,QID,-2.0,ETF,2주,0.62,2.11,0.13,예,1999-03-10 ~ 2026-08-25
나스닥100,QQQ,QID,-2.0,ETF,1개월,0.62,2.11,0.28,예,1999-03-10 ~ 2026-08-25
나스닥100,QQQ,QID,-2.0,ETF,3개월,0.62,2.11,0.84,예,1999-03-10 ~ 2026-08-25
나스닥100,QQQ,QID,-2.0,ETF,6개월,0.62,2.11,1.68,예,1999-03-10 ~ 2026-08-25
나스닥100,QQQ,QID,-2.0,ETF,1년,0.62,2.11,3.35,예,1999-03-10 ~ 2026-08-25
나스닥100,QQQ,QID,-2.0,ETF,3년,0.62,2.11,10.06,예,1999-03-10 ~ 2026-08-25
나스닥100,QQQ,SQQQ,-3.0,ETF,1주,0.62,1.64,0.07,예,1999-03-10 ~ 2026-08-25
나스닥100,QQQ,SQQQ,-3.0,ETF,2주,0.62,1.64,0.14,예,1999-03-10 ~ 2026-08-25
나스닥100,QQQ,SQQQ,-3.0,ETF,1개월,0.62,1.64,0.29,예,1999-03-10 ~ 2026-08-25
나스닥100,QQQ,SQQQ,-3.0,ETF,3개월,0.62,1.64,0.88,예,1999-03-10 ~ 2026-08-25
나스닥100,QQQ,SQQQ,-3.0,ETF,6개월,0.62,1.64,1.75,예,1999-03-10 ~ 2026-08-25
나스닥100,QQQ,SQQQ,-3.0,ETF,1년,0.62,1.64,3.51,예,1999-03-10 ~ 2026-08-25
나스닥100,QQQ,SQQQ,-3.0,ETF,3년,0.62,1.64,10.53,예,1999-03-10 ~ 2026-08-25
다우,DIA,DDM,2.0,ETF,1주,2.08,1.42,-0.05,예,1998-01-20 ~ 2026-08-26
다우,DIA,DDM,2.0,ETF,2주,2.08,1.42,-0.11,예,1998-01-20 ~ 2026-08-26
다우,DIA,DDM,2.0,ETF,1개월,2.08,1.42,-0.23,예,1998-01-20 ~ 2026-08-26
다우,DIA,DDM,2.0,ETF,3개월,2.08,1.42,-0.69,예,1998-01-20 ~ 2026-08-26
다우,DIA,DDM,2.0,ETF,6개월,2.08,1.42,-1.37,예,1998-01-20 ~ 2026-08-26
다우,DIA,DDM,2.0,ETF,1년,2.08,1.42,-2.75,예,1998-01-20 ~ 2026-08-26
다우,DIA,DDM,2.0,ETF,3년,2.08,1.42,-8.25,예,1998-01-20 ~ 2026-08-26
다우,DIA,UDOW,3.0,ETF,1주,2.08,0.59,-0.11,예,1998-01-20 ~ 2026-08-26
다우,DIA,UDOW,3.0,ETF,2주,2.08,0.59,-0.22,예,1998-01-20 ~ 2026-08-26
다우,DIA,UDOW,3.0,ETF,1개월,2.08,0.59,-0.47,예,1998-01-20 ~ 2026-08-26
다우,DIA,UDOW,3.0,ETF,3개월,2.08,0.59,-1.42,예,1998-01-20 ~ 2026-08-26
다우,DIA,UDOW,3.0,ETF,6개월,2.08,0.59,-2.83,예,1998-01-20 ~ 2026-08-26
다우,DIA,UDOW,3.0,ETF,1년,2.08,0.59,-5.66,예,1998-01-20 ~ 2026-08-26
다우,DIA,UDOW,3.0,ETF,3년,2.08,0.59,-16.98,예,1998-01-20 ~ 2026-08-26
다우,DIA,DOG,-1.0,ETF,1주,2.08,1.71,0.08,예,1998-01-20 ~ 2026-08-26
다우,DIA,DOG,-1.0,ETF,2주,2.08,1.71,0.15,예,1998-01-20 ~ 2026-08-26
다우,DIA,DOG,-1.0,ETF,1개월,2.08,1.71,0.32,예,1998-01-20 ~ 2026-08-26
다우,DIA,DOG,-1.0,ETF,3개월,2.08,1.71,0.95,예,1998-01-20 ~ 2026-08-26
다우,DIA,DOG,-1.0,ETF,6개월,2.08,1.71,1.89,예,1998-01-20 ~ 2026-08-26
다우,DIA,DOG,-1.0,ETF,1년,2.08,1.71,3.79,예,1998-01-20 ~ 2026-08-26
다우,DIA,DOG,-1.0,ETF,3년,2.08,1.71,11.37,예,1998-01-20 ~ 2026-08-26
다우,DIA,DXD,-2.0,ETF,1주,2.08,2.53,0.13,예,1998-01-20 ~ 2026-08-26
다우,DIA,DXD,-2.0,ETF,2주,2.08,2.53,0.27,예,1998-01-20 ~ 2026-08-26
다우,DIA,DXD,-2.0,ETF,1개월,2.08,2.53,0.56,예,1998-01-20 ~ 2026-08-26
다우,DIA,DXD,-2.0,ETF,3개월,2.08,2.53,1.67,예,1998-01-20 ~ 2026-08-26
다우,DIA,DXD,-2.0,ETF,6개월,2.08,2.53,3.35,예,1998-01-20 ~ 2026-08-26
다우,DIA,DXD,-2.0,ETF,1년,2.08,2.53,6.69,예,1998-01-20 ~ 2026-08-26
다우,DIA,DXD,-2.0,ETF,3년,2.08,2.53,20.08,예,1998-01-20 ~ 2026-08-26
다우,DIA,SDOW,-3.0,ETF,1주,2.08,1.28,0.15,예,1998-01-20 ~ 2026-08-26
다우,DIA,SDOW,-3.0,ETF,2주,2.08,1.28,0.3,예,1998-01-20 ~ 2026-08-26
다우,DIA,SDOW,-3.0,ETF,1개월,2.08,1.28,0.63,예,1998-01-20 ~ 2026-08-26
다우,DIA,SDOW,-3.0,ETF,3개월,2.08,1.28,1.88,예,1998-01-20 ~ 2026-08-26
다우,DIA,SDOW,-3.0,ETF,6개월,2.08,1.28,3.77,예,1998-01-20 ~ 2026-08-26
다우,DIA,SDOW,-3.0,ETF,1년,2.08,1.28,7.53,예,1998-01-20 ~ 2026-08-26
다우,DIA,SDOW,-3.0,ETF,3년,2.08,1.28,22.6,예,1998-01-20 ~ 2026-08-26
