대상,월,시기,신호,제외,표본,평균(%),중앙값(%),오른 비율(%),내린 비율(%),최고(%),최악(%),표준편차(%),오른 평균(%),내린 평균(%),오른 건수,내린 건수,기준선 신호,기준선 제외,기준선 표본,기준선 평균(%),기준선 중앙값(%),기준선 오른 비율(%),기준선 내린 비율(%),기준선 최고(%),기준선 최악(%),기준선 표준편차(%),기준선 오른 평균(%),기준선 내린 평균(%),기준선 오른 건수,기준선 내린 건수,평균 차이(%p),중앙값 차이(%p),오른 비율 차이(%p),내린 비율 차이(%p),평균 우연확률,중앙값 우연확률,오른 비율 우연확률,내린 비율 우연확률,비고,평균-비율 어긋남,판정가능
KODEX 200,1,앞 절반,12,0,12,-1.08,-0.95,33.33,58.33,5.43,-7.33,3.82,2.72,3.4,4,7,217,0,217,-0.55,-0.55,39.63,59.91,7.92,-11.37,3.7,2.77,2.76,86,130,-0.52,-0.41,-6.3,-1.57,0.6314,0.5275,0.7692,1.0,,False,예
KODEX 200,1,뒤 절반,12,0,12,0.24,0.66,66.67,33.33,8.59,-6.77,4.28,2.51,4.31,8,4,215,0,215,0.58,0.28,55.35,44.65,23.37,-9.3,5.23,3.72,3.32,119,96,-0.34,0.39,11.32,-11.32,0.8142,0.5265,0.5694,0.5694,,False,예
KODEX 200,1,최근 10년,10,0,10,-0.14,0.45,60.0,40.0,8.59,-6.77,4.61,2.63,4.31,6,4,195,0,195,0.76,0.35,55.9,44.1,23.37,-9.3,5.55,4.2,3.61,109,86,-0.9,0.1,4.1,-4.1,0.6134,0.8422,1.0,1.0,,True,예
KODEX 200,1,최근 5년,5,0,5,0.68,0.34,60.0,40.0,8.59,-5.76,5.14,3.24,3.16,3,2,96,0,96,1.26,0.28,54.17,45.83,23.37,-9.3,6.63,5.46,3.7,52,44,-0.59,0.06,5.83,-5.83,,,,,표본 부족으로 검정 불가,False,아니오
KODEX 200,2,앞 절반,12,0,12,-0.21,0.03,50.0,50.0,2.75,-5.1,2.32,1.48,1.91,6,6,200,0,200,0.28,0.68,63.0,36.5,8.06,-13.02,3.85,2.45,3.48,126,73,-0.49,-0.65,-13.0,13.5,0.6084,0.4056,0.3716,0.3596,,False,예
KODEX 200,2,뒤 절반,12,0,12,-0.98,-0.8,41.67,58.33,9.06,-9.49,4.21,1.99,3.11,5,7,195,0,195,-0.18,-0.45,40.51,59.49,29.46,-11.29,5.88,3.71,2.84,79,116,-0.8,-0.35,1.15,-1.15,0.6444,0.8771,1.0,1.0,,False,예
KODEX 200,2,최근 10년,10,0,10,-1.24,-1.64,30.0,70.0,9.06,-9.49,4.6,3.1,3.11,3,7,177,0,177,-0.23,-0.81,36.16,63.84,29.46,-11.29,6.19,4.5,2.91,64,113,-1.01,-0.83,-6.16,6.16,0.5644,0.3696,0.7532,0.7532,,False,예
KODEX 200,2,최근 5년,5,0,5,0.16,-1.8,20.0,80.0,9.06,-4.22,5.19,9.06,2.06,1,4,89,0,89,2.02,-0.26,43.82,56.18,29.46,-5.06,7.31,7.0,1.85,39,50,-1.86,-1.53,-23.82,23.82,,,,,표본 부족으로 검정 불가,True,아니오
KODEX 200,3,앞 절반,12,0,12,1.37,1.59,66.67,33.33,6.21,-5.52,3.2,3.06,1.99,8,4,226,0,226,2.0,1.7,73.89,26.11,17.65,-6.77,3.59,3.36,1.84,167,59,-0.63,-0.11,-7.23,7.23,0.4985,0.9101,0.7273,0.7273,,False,예
KODEX 200,3,뒤 절반,12,0,12,-0.05,0.42,58.33,41.67,10.51,-12.96,5.56,2.99,4.3,7,5,223,0,223,0.03,0.57,64.13,35.43,19.0,-15.6,4.63,2.33,4.12,143,79,-0.08,-0.15,-5.79,6.24,0.9441,0.7802,0.7672,0.7742,,True,예
KODEX 200,3,최근 10년,10,0,10,-0.05,0.53,60.0,40.0,10.51,-12.96,6.15,3.39,5.21,6,4,201,0,201,-0.3,0.46,59.7,39.8,19.0,-15.6,5.04,2.56,4.6,120,80,0.25,0.08,0.3,0.2,0.8721,0.9301,1.0,1.0,,True,예
KODEX 200,3,최근 5년,5,0,5,-1.86,1.13,60.0,40.0,4.27,-12.96,7.2,2.92,9.02,3,2,99,0,99,-0.71,0.92,61.62,38.38,5.64,-15.6,5.17,2.66,6.11,61,38,-1.15,0.21,-1.62,1.62,,,,,표본 부족으로 검정 불가,True,아니오
KODEX 200,4,앞 절반,12,0,12,-1.67,-0.64,33.33,66.67,2.01,-8.5,3.34,1.36,3.19,4,8,221,0,221,-1.11,-0.8,42.53,57.47,8.42,-9.76,3.44,1.78,3.26,94,127,-0.56,0.16,-9.2,9.2,0.5924,0.982,0.5564,0.5564,,False,예
KODEX 200,4,뒤 절반,12,0,12,-0.22,-0.61,50.0,50.0,5.72,-4.15,2.85,2.1,2.54,6,6,221,0,221,0.61,-0.47,44.34,55.2,27.77,-4.15,4.82,3.9,2.02,98,122,-0.83,-0.14,5.66,-5.2,0.5305,0.7852,0.7702,0.7812,,False,예
KODEX 200,4,최근 10년,10,0,10,0.12,0.45,60.0,40.0,5.72,-4.15,3.01,2.1,2.84,6,4,201,0,201,0.95,0.04,50.25,49.25,27.77,-4.15,4.96,3.88,2.02,101,99,-0.83,0.41,9.75,-9.25,0.6004,0.6863,0.5504,0.7612,,False,예
KODEX 200,4,최근 5년,5,0,5,0.93,1.65,60.0,40.0,5.72,-3.33,3.64,3.32,2.65,3,2,101,0,101,1.74,-0.15,48.51,51.49,27.77,-3.95,6.33,5.69,1.99,49,52,-0.8,1.8,11.49,-11.49,,,,,표본 부족으로 검정 불가,False,아니오
KODEX 200,5,앞 절반,12,0,12,1.85,2.12,66.67,33.33,8.19,-3.33,3.37,3.7,1.85,8,4,209,0,209,1.04,1.3,65.07,33.97,13.47,-9.59,3.94,3.23,3.14,136,71,0.82,0.83,1.59,-0.64,0.4655,0.4605,1.0,1.0,,False,예
KODEX 200,5,뒤 절반,12,0,12,2.1,1.37,66.67,33.33,18.95,-3.87,5.7,4.09,1.88,8,4,206,0,206,1.62,1.01,66.02,33.98,28.04,-7.88,4.55,3.53,2.1,136,70,0.49,0.37,0.65,-0.65,0.7333,0.7343,1.0,1.0,,False,예
KODEX 200,5,최근 10년,10,0,10,2.49,1.37,70.0,30.0,18.95,-3.87,6.17,4.41,1.99,7,3,186,0,186,1.89,1.36,65.05,34.95,28.04,-7.88,4.84,4.07,2.18,121,65,0.6,0.01,4.95,-4.95,0.6983,0.9461,0.7712,1.0,,False,예
KODEX 200,5,최근 5년,5,0,5,4.31,1.45,80.0,20.0,18.95,-3.87,8.64,6.36,3.87,4,1,93,0,93,3.45,2.81,77.42,22.58,28.04,-4.2,5.84,5.23,2.65,72,21,0.86,-1.37,2.58,-2.58,,,,,표본 부족으로 검정 불가,False,아니오
KODEX 200,6,앞 절반,12,0,12,1.03,0.9,58.33,41.67,7.39,-3.23,3.49,3.29,2.14,7,5,216,0,216,0.42,0.33,58.33,41.67,8.19,-9.28,3.06,2.37,2.31,126,90,0.61,0.57,0.0,0.0,0.4695,0.5954,1.0,1.0,,False,예
KODEX 200,6,뒤 절반,12,0,12,-0.41,-0.12,41.67,58.33,2.61,-5.67,2.07,1.21,1.56,5,7,214,0,214,0.43,0.36,56.07,43.46,15.91,-12.41,3.89,2.7,2.49,120,93,-0.84,-0.48,-14.41,14.88,0.4126,0.4915,0.3686,0.3606,,False,예
KODEX 200,6,최근 10년,10,0,10,-0.54,-0.39,40.0,60.0,2.61,-5.67,2.25,1.33,1.79,4,6,193,0,193,0.45,0.47,56.99,43.01,15.91,-12.41,4.13,2.89,2.77,110,83,-1.0,-0.86,-16.99,16.99,0.3806,0.3197,0.3307,0.3307,,False,예
KODEX 200,6,최근 5년,5,0,5,-1.22,-0.98,20.0,80.0,2.61,-5.67,3.02,2.61,2.18,1,4,95,0,95,0.65,0.19,51.58,48.42,15.91,-12.41,5.43,4.4,3.35,49,46,-1.87,-1.17,-31.58,31.58,,,,,표본 부족으로 검정 불가,False,아니오
KODEX 200,7,앞 절반,12,0,12,2.03,2.22,75.0,16.67,5.56,-3.05,2.58,3.24,2.38,9,2,231,0,231,2.34,2.03,72.73,25.97,13.44,-5.58,3.5,3.8,1.66,168,60,-0.3,0.19,2.27,-9.31,0.7283,0.8571,1.0,0.5305,,False,예
KODEX 200,7,뒤 절반,12,0,12,0.18,0.27,50.0,50.0,4.54,-3.18,2.29,2.01,1.66,6,6,232,0,232,-0.11,0.16,51.29,46.98,6.71,-19.11,3.49,2.15,2.59,119,109,0.29,0.11,-1.29,3.02,0.8302,0.8691,1.0,1.0,,False,예
KODEX 200,7,최근 10년,10,0,10,0.38,0.4,50.0,50.0,4.54,-3.18,2.38,2.3,1.54,5,5,211,0,211,0.1,0.18,51.66,46.45,24.17,-19.11,4.36,2.71,2.79,109,98,0.28,0.21,-1.66,3.55,0.7652,0.7413,1.0,1.0,,False,예
KODEX 200,7,최근 5년,5,0,5,1.51,1.35,80.0,20.0,4.54,-1.29,2.12,2.21,1.29,4,1,105,0,105,0.57,0.87,65.71,31.43,24.17,-19.11,5.75,3.16,4.79,69,33,0.94,0.48,14.29,-11.43,,,,,표본 부족으로 검정 불가,False,아니오
KODEX 200,8,앞 절반,12,0,12,1.45,1.32,58.33,41.67,8.59,-4.11,3.92,3.82,1.88,7,5,226,0,226,0.72,0.62,56.64,42.48,14.07,-14.36,3.8,3.14,2.49,128,96,0.73,0.7,1.7,-0.81,0.4545,0.4835,1.0,1.0,,False,예
KODEX 200,8,뒤 절반,12,0,12,0.79,0.18,58.33,41.67,4.58,-1.71,1.98,2.02,0.94,7,5,223,0,223,0.43,0.2,54.71,44.84,9.71,-4.86,2.46,2.03,1.51,122,100,0.36,-0.01,3.62,-3.18,0.5994,0.9041,1.0,1.0,,False,예
KODEX 200,8,최근 10년,10,0,10,1.0,0.92,60.0,40.0,4.58,-1.71,2.11,2.33,1.0,6,4,201,0,201,0.35,0.17,52.24,47.26,9.71,-4.86,2.55,2.12,1.6,105,95,0.64,0.75,7.76,-7.26,0.4086,0.3576,0.7682,0.7622,,False,예
KODEX 200,8,최근 5년,5,0,5,-0.02,-0.53,40.0,60.0,2.02,-1.71,1.75,1.83,1.25,2,3,100,0,100,0.55,-0.15,48.0,52.0,9.71,-4.86,2.95,2.65,1.38,48,52,-0.57,-0.38,-8.0,8.0,,,,,표본 부족으로 검정 불가,False,아니오
KODEX 200,9,앞 절반,11,0,11,-0.66,-0.25,45.45,54.55,2.25,-6.71,2.64,1.3,2.29,5,6,190,0,190,1.71,1.51,71.05,28.42,10.46,-6.71,2.95,3.08,1.69,135,54,-2.36,-1.76,-25.6,26.12,0.008,0.1289,0.0859,0.0859,,False,예
KODEX 200,9,뒤 절반,12,0,12,-1.56,-1.36,33.33,66.67,1.14,-8.09,2.5,0.65,2.66,4,8,205,0,205,-0.27,-0.19,48.29,51.22,12.15,-11.38,3.68,2.39,2.79,99,105,-1.29,-1.17,-14.96,15.45,0.2128,0.1299,0.3487,0.3497,,False,예
KODEX 200,9,최근 10년,10,0,10,-1.43,-0.62,40.0,60.0,1.14,-8.09,2.73,0.65,2.81,4,6,183,0,183,-0.41,-0.29,45.9,53.55,12.15,-11.38,3.83,2.5,2.91,84,98,-1.02,-0.33,-5.9,6.45,0.3726,0.7473,0.7742,0.7732,,False,예
KODEX 200,9,최근 5년,5,0,5,-2.48,-2.13,40.0,60.0,0.59,-8.09,3.51,0.45,4.43,2,3,90,0,90,-1.47,-1.88,32.22,67.78,12.15,-11.38,4.81,3.51,3.84,29,61,-1.0,-0.25,7.78,-7.78,,,,,표본 부족으로 검정 불가,False,아니오
KODEX 200,10,앞 절반,12,0,12,0.06,-0.41,41.67,58.33,6.57,-4.75,3.48,3.23,2.21,5,7,220,0,220,0.3,0.12,50.45,48.64,23.77,-19.26,5.49,3.87,3.39,111,107,-0.24,-0.52,-8.79,9.7,0.9041,0.6414,0.7662,0.5385,,True,예
KODEX 200,10,뒤 절반,12,0,12,-0.03,0.11,50.0,50.0,8.28,-5.68,3.91,3.03,3.09,6,6,203,0,203,-0.28,-0.2,46.31,53.69,20.8,-12.38,4.56,3.07,3.17,94,109,0.25,0.3,3.69,-3.69,0.8511,0.7063,1.0,1.0,,False,예
KODEX 200,10,최근 10년,10,0,10,-0.41,-1.19,40.0,60.0,8.28,-5.68,4.19,3.61,3.09,4,6,182,0,182,-0.44,-0.76,40.11,59.89,20.8,-12.38,4.82,3.64,3.17,73,109,0.03,-0.43,-0.11,0.11,0.997,0.7253,1.0,1.0,,False,예
KODEX 200,10,최근 5년,5,0,5,0.83,-1.58,40.0,60.0,8.28,-4.01,5.02,5.94,2.57,2,3,90,0,90,0.89,-1.06,42.22,57.78,20.8,-7.26,5.62,5.77,2.68,38,52,-0.05,-0.52,-2.22,2.22,,,,,표본 부족으로 검정 불가,True,아니오
KODEX 200,11,앞 절반,12,0,12,2.88,1.94,83.33,16.67,15.0,-4.13,4.53,3.89,2.17,10,2,226,0,226,1.38,1.49,72.57,26.11,15.0,-8.13,3.11,2.75,2.36,164,59,1.5,0.45,10.77,-9.44,0.0749,0.5305,0.5105,0.5095,,False,예
KODEX 200,11,뒤 절반,12,0,12,-0.24,0.38,58.33,41.67,1.92,-4.14,1.94,1.18,2.22,7,5,226,0,226,-0.3,-0.4,43.36,56.19,13.35,-7.14,3.23,2.51,2.47,98,127,0.06,0.78,14.97,-14.53,0.9451,0.3846,0.3786,0.3726,,True,예
KODEX 200,11,최근 10년,10,0,10,-0.45,-0.19,50.0,50.0,1.92,-4.14,2.04,1.32,2.22,5,5,205,0,205,-0.24,-0.42,43.9,55.61,13.35,-7.14,3.37,2.7,2.57,90,114,-0.21,0.23,6.1,-5.61,0.8551,0.8012,0.7423,0.7423,,False,예
KODEX 200,11,최근 5년,5,0,5,-0.93,-1.12,40.0,60.0,1.16,-4.14,2.2,1.13,2.31,2,3,102,0,102,-0.56,-0.61,44.12,55.88,9.23,-7.14,3.5,2.75,3.17,45,57,-0.37,-0.51,-4.12,4.12,,,,,표본 부족으로 검정 불가,False,아니오
KODEX 200,12,앞 절반,12,0,12,1.15,2.42,83.33,16.67,5.02,-10.06,4.24,2.77,6.97,10,2,214,0,214,2.38,2.36,81.78,17.76,12.08,-10.06,3.31,3.49,2.63,175,38,-1.23,0.06,1.56,-1.09,0.1988,0.987,1.0,1.0,,False,예
KODEX 200,12,뒤 절반,12,0,12,1.44,0.57,75.0,16.67,6.61,-2.79,2.7,2.26,1.52,9,2,214,0,214,1.56,0.8,65.89,33.64,12.1,-8.28,3.65,3.39,1.99,141,72,-0.12,-0.23,9.11,-16.98,0.9091,0.6144,0.5455,0.2328,,False,예
KODEX 200,12,최근 10년,10,0,10,1.76,0.73,90.0,10.0,6.61,-2.79,2.87,2.26,2.79,9,1,193,0,193,1.83,0.96,70.98,29.02,12.1,-8.28,3.77,3.52,2.3,137,56,-0.08,-0.23,19.02,-19.02,0.963,0.6104,0.3037,0.3037,,False,예
KODEX 200,12,최근 5년,5,0,5,1.84,1.93,80.0,20.0,6.61,-2.79,3.42,3.0,2.79,4,1,98,0,98,1.11,0.51,57.14,42.86,9.57,-8.28,4.1,3.97,2.71,56,42,0.73,1.42,22.86,-22.86,,,,,표본 부족으로 검정 불가,False,아니오
코스피200 지수,1,앞 절반,18,0,18,0.39,-0.46,44.44,55.56,7.6,-6.81,4.9,5.15,3.42,8,10,359,0,359,1.96,0.73,57.94,42.06,50.15,-11.42,8.16,6.09,3.73,208,151,-1.57,-1.19,-13.49,13.49,0.4076,0.2667,0.3097,0.3097,,True,예
코스피200 지수,1,뒤 절반,19,0,19,-0.49,0.11,52.63,47.37,8.46,-6.89,4.03,2.39,3.7,10,9,352,0,352,0.18,-0.23,46.88,52.84,23.11,-9.49,4.61,3.58,2.83,165,186,-0.68,0.34,5.76,-5.47,0.5155,0.7413,0.6424,0.8132,,True,예
코스피200 지수,1,최근 10년,10,0,10,-0.14,0.56,60.0,40.0,8.46,-6.89,4.68,2.69,4.39,6,4,195,0,195,0.71,0.39,54.36,45.64,23.11,-9.49,5.59,4.32,3.59,106,89,-0.86,0.17,5.64,-5.64,0.6314,0.7812,0.7622,0.7622,,True,예
코스피200 지수,1,최근 5년,5,0,5,0.78,0.53,60.0,40.0,8.46,-5.89,5.11,3.32,3.03,3,2,96,0,96,1.33,0.49,54.17,45.83,23.11,-9.49,6.6,5.55,3.65,52,44,-0.55,0.04,5.83,-5.83,,,,,표본 부족으로 검정 불가,False,아니오
코스피200 지수,2,앞 절반,18,0,18,-0.96,-1.45,44.44,55.56,8.76,-6.59,4.14,2.79,3.96,8,10,333,0,333,-0.71,-1.04,38.74,60.96,21.14,-16.07,5.76,4.8,4.22,129,203,-0.25,-0.41,5.71,-5.41,0.7932,0.8122,0.7732,0.7712,,False,예
코스피200 지수,2,뒤 절반,19,0,19,-0.72,-0.17,36.84,63.16,8.58,-9.65,3.53,2.0,2.3,7,12,323,0,323,-0.41,-0.18,45.2,54.8,28.65,-13.11,5.17,2.93,3.15,146,177,-0.31,0.01,-8.36,8.36,0.7902,0.8501,0.4905,0.4905,,False,예
코스피200 지수,2,최근 10년,10,0,10,-1.47,-1.75,30.0,70.0,8.58,-9.65,4.58,2.9,3.34,3,7,177,0,177,-0.44,-1.0,33.9,66.1,28.65,-11.55,6.13,4.57,3.0,60,117,-1.03,-0.75,-3.9,3.9,0.5604,0.3966,1.0,1.0,,False,예
코스피200 지수,2,최근 5년,5,0,5,-0.19,-1.9,20.0,80.0,8.58,-5.08,5.19,8.58,2.38,1,4,89,0,89,1.7,-0.54,38.2,61.8,28.65,-5.71,7.24,7.6,1.94,34,55,-1.89,-1.36,-18.2,18.2,,,,,표본 부족으로 검정 불가,False,아니오
코스피200 지수,3,앞 절반,18,0,18,-0.81,-0.67,44.44,55.56,6.3,-8.81,3.32,1.8,2.89,8,10,380,0,380,-0.2,-0.11,49.21,50.79,16.79,-18.66,4.64,3.25,3.55,187,193,-0.61,-0.55,-4.77,4.77,0.6264,0.7512,0.8112,0.8112,,False,예
코스피200 지수,3,뒤 절반,19,0,19,0.86,0.52,63.16,36.84,10.83,-13.67,5.05,3.43,3.55,12,7,366,0,366,0.84,0.82,66.94,33.06,18.84,-16.21,4.55,2.86,3.25,245,121,0.02,-0.3,-3.78,3.78,0.979,0.5375,0.8212,0.8212,,False,예
코스피200 지수,3,최근 10년,10,0,10,-0.37,0.24,50.0,50.0,10.83,-13.67,6.43,3.88,4.63,5,5,201,0,201,-0.67,0.21,54.23,45.77,18.84,-16.21,5.12,2.55,4.47,109,92,0.29,0.03,-4.23,4.23,0.8531,0.9351,1.0,1.0,,False,예
코스피200 지수,3,최근 5년,5,0,5,-2.31,0.91,60.0,40.0,4.05,-13.67,7.46,2.69,9.82,3,2,99,0,99,-1.18,0.61,59.6,40.4,5.38,-16.21,5.29,2.44,6.52,59,40,-1.13,0.29,0.4,-0.4,,,,,표본 부족으로 검정 불가,True,아니오
코스피200 지수,4,앞 절반,18,0,18,-1.24,-0.91,44.44,55.56,5.29,-10.24,4.5,2.76,4.44,8,10,369,0,369,0.69,0.88,57.99,42.01,18.85,-17.13,5.96,4.47,4.53,214,155,-1.93,-1.8,-13.55,13.55,0.1568,0.1548,0.3417,0.3417,,False,예
코스피200 지수,4,뒤 절반,19,0,19,1.17,1.25,63.16,36.84,6.03,-2.82,2.36,2.67,1.39,12,7,365,0,365,1.54,0.86,61.1,38.9,28.08,-2.98,3.92,3.32,1.24,223,142,-0.37,0.39,2.06,-2.06,0.6813,0.6264,1.0,1.0,,False,예
코스피200 지수,4,최근 10년,10,0,10,1.46,2.08,60.0,40.0,6.03,-2.82,2.79,3.39,1.43,6,4,201,0,201,2.21,1.26,63.18,36.82,28.08,-2.98,4.81,4.22,1.25,127,74,-0.75,0.83,-3.18,3.18,0.6324,0.5005,1.0,1.0,,False,예
코스피200 지수,4,최근 5년,5,0,5,2.04,3.16,60.0,40.0,6.03,-1.86,3.25,4.25,1.27,3,2,101,0,101,2.77,0.9,63.37,36.63,28.08,-2.98,6.08,5.16,1.38,64,37,-0.73,2.27,-3.37,3.37,,,,,표본 부족으로 검정 불가,False,아니오
코스피200 지수,5,앞 절반,18,0,18,0.14,0.66,55.56,44.44,5.41,-11.07,4.62,3.4,3.93,10,8,367,0,367,-0.17,-0.24,48.23,51.5,15.31,-19.09,5.4,4.27,4.33,177,189,0.31,0.89,7.33,-7.05,0.8382,0.6364,0.6034,0.6054,,False,예
코스피200 지수,5,뒤 절반,19,0,19,1.55,1.48,63.16,36.84,19.31,-4.14,4.81,3.54,1.87,12,7,338,0,338,0.97,0.78,60.36,39.64,27.93,-8.46,4.01,2.98,2.09,204,134,0.58,0.69,2.8,-2.8,0.5115,0.3267,0.8282,0.8282,,False,예
코스피200 지수,5,최근 10년,10,0,10,2.58,1.49,70.0,30.0,19.31,-4.14,6.28,4.53,1.98,7,3,186,0,186,1.92,1.45,65.59,34.41,27.93,-7.77,4.88,4.09,2.22,122,64,0.66,0.04,4.41,-4.41,0.6643,0.9051,1.0,1.0,,False,예
코스피200 지수,5,최근 5년,5,0,5,4.35,1.5,80.0,20.0,19.31,-4.14,8.84,6.48,4.14,4,1,93,0,93,3.43,2.93,77.42,22.58,27.93,-4.38,5.94,5.26,2.86,72,21,0.92,-1.43,2.58,-2.58,,,,,표본 부족으로 검정 불가,False,아니오
코스피200 지수,6,앞 절반,18,0,18,-0.26,-1.41,44.44,55.56,6.38,-5.32,3.69,3.1,2.96,8,10,366,0,366,-0.25,-0.26,47.54,52.19,19.49,-14.27,4.33,2.97,3.18,174,191,-0.02,-1.15,-3.1,3.37,0.99,0.1309,0.8172,0.8162,,False,예
코스피200 지수,6,뒤 절반,19,0,19,-0.36,-0.2,47.37,52.63,4.08,-6.08,2.34,1.53,2.06,9,10,350,0,350,0.1,0.12,52.0,47.71,15.52,-12.73,3.32,2.23,2.22,182,167,-0.46,-0.31,-4.63,4.92,0.5355,0.6663,0.8342,0.8312,,False,예
코스피200 지수,6,최근 10년,10,0,10,-0.8,-0.68,40.0,60.0,2.29,-6.08,2.31,1.12,2.09,4,6,193,0,193,0.19,0.31,53.89,46.11,15.52,-12.73,4.17,2.83,2.88,104,89,-1.0,-0.99,-13.89,13.89,0.3836,0.3137,0.5165,0.5165,,False,예
코스피200 지수,6,최근 5년,5,0,5,-1.53,-1.35,20.0,80.0,2.29,-6.08,3.07,2.29,2.48,1,4,95,0,95,0.33,-0.15,47.37,52.63,15.52,-12.73,5.49,4.55,3.46,45,50,-1.86,-1.2,-27.37,27.37,,,,,표본 부족으로 검정 불가,False,아니오
코스피200 지수,7,앞 절반,18,0,18,-1.19,-2.06,33.33,66.67,9.15,-9.79,4.23,3.15,3.36,6,12,383,0,383,-0.27,-0.82,40.21,59.79,20.03,-17.12,5.98,4.92,3.76,154,229,-0.93,-1.24,-6.88,6.88,0.5205,0.2647,0.6324,0.6324,,False,예
코스피200 지수,7,뒤 절반,19,0,19,1.19,1.38,68.42,31.58,5.84,-2.99,2.49,2.5,1.64,13,6,382,0,382,0.91,0.88,62.83,37.17,13.93,-21.61,3.99,2.96,2.56,240,142,0.28,0.5,5.59,-5.59,0.7423,0.4995,0.6224,0.6224,,False,예
코스피200 지수,7,최근 10년,10,0,10,0.28,0.66,60.0,40.0,2.93,-2.99,1.94,1.61,1.71,6,4,211,0,211,0.01,0.33,54.98,45.02,19.98,-21.61,4.57,2.66,3.23,116,95,0.28,0.34,5.02,-5.02,0.7892,0.6613,0.7762,0.7762,,False,예
코스피200 지수,7,최근 5년,5,0,5,1.14,1.38,80.0,20.0,2.31,-0.89,1.21,1.65,0.89,4,1,105,0,105,0.2,1.14,65.71,34.29,19.98,-21.61,6.08,3.18,5.5,69,36,0.94,0.25,14.29,-14.29,,,,,표본 부족으로 검정 불가,False,아니오
코스피200 지수,8,앞 절반,18,0,18,0.64,-0.16,44.44,55.56,19.37,-8.71,6.36,5.36,3.13,8,10,385,0,385,0.1,-0.28,47.27,52.73,21.86,-10.36,5.61,4.55,3.9,182,203,0.55,0.12,-2.83,2.83,0.6893,0.8811,0.8152,0.8152,,True,예
코스피200 지수,8,뒤 절반,19,0,19,0.68,0.37,52.63,47.37,8.6,-4.25,2.97,2.73,1.59,10,9,364,0,364,0.28,0.14,52.2,47.8,10.5,-14.24,2.81,2.18,1.8,190,174,0.4,0.23,0.43,-0.43,0.5574,0.7403,1.0,1.0,,False,예
코스피200 지수,8,최근 10년,10,0,10,1.03,0.95,60.0,40.0,4.74,-2.02,2.19,2.4,1.02,6,4,201,0,201,0.41,0.17,52.74,47.26,9.96,-5.01,2.58,2.19,1.58,106,95,0.62,0.78,7.26,-7.26,0.4306,0.4206,0.7493,0.7493,,False,예
코스피200 지수,8,최근 5년,5,0,5,-0.12,-0.84,40.0,60.0,1.93,-2.02,1.74,1.73,1.34,2,3,100,0,100,0.52,-0.09,47.0,53.0,9.96,-4.99,2.95,2.65,1.38,47,53,-0.63,-0.75,-7.0,7.0,,,,,표본 부족으로 검정 불가,False,아니오
코스피200 지수,9,앞 절반,18,0,18,-0.84,0.91,55.56,44.44,4.62,-11.0,4.54,2.52,5.05,10,8,352,0,352,-0.8,0.48,53.98,46.02,11.39,-15.64,5.62,3.35,5.68,190,162,-0.04,0.43,1.58,-1.58,0.9481,0.6733,1.0,1.0,,True,예
코스피200 지수,9,뒤 절반,18,0,18,-1.38,-0.97,33.33,66.67,1.96,-8.51,2.3,0.63,2.38,6,12,317,0,317,-0.03,-0.21,47.0,53.0,11.98,-11.68,3.5,2.67,2.44,149,168,-1.34,-0.76,-13.67,13.67,0.0879,0.2038,0.3227,0.3227,,False,예
코스피200 지수,9,최근 10년,10,0,10,-1.74,-0.87,40.0,60.0,0.94,-8.51,2.81,0.4,3.16,4,6,179,0,179,-0.66,-0.34,42.46,57.54,11.98,-11.68,3.93,2.54,3.03,76,103,-1.08,-0.53,-2.46,2.46,0.3616,0.7293,1.0,1.0,,False,예
코스피200 지수,9,최근 5년,5,0,5,-2.85,-2.36,40.0,60.0,0.12,-8.51,3.53,0.08,4.81,2,3,87,0,87,-1.72,-1.9,28.74,71.26,11.98,-11.68,4.92,3.75,3.92,25,62,-1.14,-0.46,11.26,-11.26,,,,,표본 부족으로 검정 불가,False,아니오
코스피200 지수,10,앞 절반,18,0,18,-0.28,0.22,50.0,50.0,14.2,-15.31,6.08,3.59,4.14,9,9,376,0,376,0.41,0.44,53.72,46.28,37.84,-26.84,9.0,5.78,5.82,202,174,-0.69,-0.22,-3.72,3.72,0.7453,0.9481,0.7852,0.7852,,False,예
코스피200 지수,10,뒤 절반,18,0,18,-0.44,-1.15,44.44,55.56,8.25,-6.36,3.94,3.02,3.21,8,10,322,0,322,0.07,-0.42,44.1,55.59,20.88,-12.05,4.53,3.52,2.66,142,179,-0.51,-0.73,0.35,-0.03,0.6424,0.3107,1.0,1.0,,False,예
코스피200 지수,10,최근 10년,10,0,10,-0.28,-1.15,40.0,60.0,8.25,-5.25,4.1,3.65,2.9,4,6,182,0,182,-0.29,-0.71,41.21,58.79,20.88,-12.05,4.77,3.67,3.06,75,107,0.01,-0.44,-1.21,1.21,0.995,0.6663,1.0,1.0,,False,예
코스피200 지수,10,최근 5년,5,0,5,1.01,-1.34,40.0,60.0,8.25,-3.9,4.94,6.03,2.33,2,3,90,0,90,1.08,-0.76,45.56,54.44,20.88,-7.08,5.59,5.54,2.65,41,49,-0.07,-0.58,-5.56,5.56,,,,,표본 부족으로 검정 불가,True,아니오
코스피200 지수,11,앞 절반,18,0,18,-0.24,1.27,55.56,44.44,6.42,-14.27,4.89,3.13,4.45,10,8,384,0,384,-0.06,0.41,53.65,46.35,19.02,-25.69,6.72,4.48,5.31,206,178,-0.18,0.86,1.91,-1.91,0.9371,0.4505,1.0,1.0,,True,예
코스피200 지수,11,뒤 절반,18,0,18,0.54,0.7,55.56,44.44,13.86,-4.43,3.92,2.7,2.17,10,8,348,0,348,0.06,-0.02,50.0,50.0,13.86,-7.52,3.17,2.46,2.34,174,174,0.48,0.72,5.56,-5.56,0.5185,0.4286,0.8092,0.8092,,False,예
코스피200 지수,11,최근 10년,10,0,10,-0.52,-0.21,50.0,50.0,1.62,-4.43,2.08,1.27,2.31,5,5,205,0,205,-0.32,-0.44,42.93,57.07,13.11,-7.52,3.39,2.71,2.59,88,117,-0.2,0.23,7.07,-7.07,0.8681,0.7692,0.7483,0.7483,,False,예
코스피200 지수,11,최근 5년,5,0,5,-0.97,-1.09,40.0,60.0,1.26,-4.43,2.37,1.24,2.44,2,3,102,0,102,-0.63,-0.68,44.12,55.88,9.27,-7.52,3.61,2.78,3.32,45,57,-0.34,-0.4,-4.12,4.12,,,,,표본 부족으로 검정 불가,False,아니오
코스피200 지수,12,앞 절반,18,0,18,0.48,0.17,66.67,33.33,8.8,-11.44,4.88,2.92,4.41,12,6,335,0,335,0.48,0.72,59.1,40.9,26.94,-14.6,5.79,3.99,4.58,198,137,-0.0,-0.55,7.56,-7.56,0.976,0.5714,0.6314,0.6314,,False,예
코스피200 지수,12,뒤 절반,18,0,18,0.32,-0.24,44.44,55.56,6.61,-5.03,2.79,2.64,1.53,8,10,331,0,331,0.52,0.09,51.36,48.34,10.47,-9.6,3.38,3.03,2.14,170,160,-0.2,-0.33,-6.92,7.22,0.8402,0.5814,0.6254,0.6174,,True,예
코스피200 지수,12,최근 10년,10,0,10,0.7,-0.24,40.0,60.0,6.61,-4.26,3.12,3.59,1.22,4,6,193,0,193,0.83,-0.11,48.19,51.3,10.47,-9.6,3.85,4.01,2.16,93,99,-0.12,-0.13,-8.19,8.7,0.9411,0.6823,0.7453,0.7453,,True,예
코스피200 지수,12,최근 5년,5,0,5,1.03,0.72,60.0,40.0,6.61,-4.26,3.94,3.19,2.21,3,2,98,0,98,0.31,-0.43,45.92,54.08,9.39,-9.6,4.38,4.29,3.07,45,53,0.72,1.15,14.08,-14.08,,,,,표본 부족으로 검정 불가,False,아니오
코스피 종합지수,1,앞 절반,23,0,23,1.53,1.82,65.22,34.78,8.66,-6.85,4.4,4.07,3.25,15,8,491,0,491,2.69,1.32,62.53,37.27,47.18,-10.87,7.02,5.95,2.77,307,183,-1.16,0.5,2.69,-2.49,0.4466,0.7443,0.8222,0.8222,,False,예
코스피 종합지수,1,뒤 절반,24,0,24,-0.45,0.04,50.0,50.0,6.93,-6.96,4.02,2.65,3.56,12,12,450,0,450,-0.04,-0.14,46.67,53.33,21.23,-12.83,4.49,3.31,2.97,210,240,-0.41,0.18,3.33,-3.33,0.6324,0.7433,0.8282,0.8282,,False,예
코스피 종합지수,1,최근 10년,10,0,10,-0.3,0.54,60.0,40.0,6.93,-6.96,4.42,2.48,4.46,6,4,195,0,195,0.54,0.16,53.85,46.15,21.23,-10.9,5.43,4.16,3.68,105,90,-0.84,0.38,6.15,-6.15,0.6084,0.8741,0.7463,0.7463,,True,예
코스피 종합지수,1,최근 5년,5,0,5,0.42,0.98,60.0,40.0,6.93,-6.96,4.95,3.05,3.53,3,2,96,0,96,1.02,0.77,55.21,44.79,21.23,-10.9,6.53,5.18,4.12,53,43,-0.6,0.21,4.79,-4.79,,,,,표본 부족으로 검정 불가,False,아니오
코스피 종합지수,2,앞 절반,23,0,23,-0.7,0.04,52.17,47.83,7.06,-7.64,3.63,1.97,3.62,12,11,470,0,470,-0.45,-0.56,44.47,55.32,18.5,-15.13,4.75,3.51,3.63,209,260,-0.26,0.61,7.71,-7.49,0.7453,0.5305,0.5145,0.5165,,True,예
코스피 종합지수,2,뒤 절반,24,0,24,-0.62,0.03,54.17,45.83,7.5,-9.5,3.24,1.47,3.09,13,11,411,0,411,0.05,0.15,52.55,47.45,26.15,-12.17,4.64,2.82,3.03,216,195,-0.66,-0.11,1.61,-1.61,0.4605,0.8841,1.0,1.0,,True,예
코스피 종합지수,2,최근 10년,10,0,10,-1.43,-1.6,30.0,70.0,7.5,-9.5,4.28,2.78,3.23,3,7,177,0,177,-0.45,-0.82,33.9,66.1,26.15,-11.44,5.74,4.36,2.92,60,117,-0.98,-0.77,-3.9,3.9,0.5544,0.4356,1.0,1.0,,False,예
코스피 종합지수,2,최근 5년,5,0,5,-0.2,-1.65,20.0,80.0,7.5,-4.57,4.55,7.5,2.13,1,4,89,0,89,1.59,-0.44,37.08,62.92,26.15,-5.19,6.58,7.26,1.76,33,56,-1.79,-1.21,-17.08,17.08,,,,,표본 부족으로 검정 불가,False,아니오
코스피 종합지수,3,앞 절반,23,0,23,0.96,0.91,60.87,39.13,10.04,-8.54,3.78,3.03,2.26,14,9,514,0,514,1.36,0.97,60.7,39.3,19.91,-16.25,4.94,4.14,2.94,312,202,-0.4,-0.06,0.17,-0.17,0.7383,0.973,1.0,1.0,,False,예
코스피 종합지수,3,뒤 절반,24,0,24,0.53,0.49,66.67,33.33,12.04,-12.61,4.63,2.71,3.84,16,8,469,0,469,0.83,0.97,68.23,31.77,20.38,-15.86,4.24,2.72,3.23,320,149,-0.31,-0.48,-1.56,1.56,0.7193,0.3497,1.0,1.0,,False,예
코스피 종합지수,3,최근 10년,10,0,10,-0.08,0.43,60.0,40.0,12.04,-12.61,6.41,3.5,5.45,6,4,201,0,201,-0.57,0.38,54.23,45.77,20.38,-15.86,5.08,2.65,4.38,109,92,0.49,0.05,5.77,-5.77,0.7502,0.8781,0.7632,0.7632,,True,예
코스피 종합지수,3,최근 5년,5,0,5,-2.09,1.87,60.0,40.0,4.1,-12.61,7.01,2.69,9.26,3,2,99,0,99,-1.22,0.6,56.57,43.43,5.44,-14.73,4.97,2.45,6.0,56,43,-0.87,1.27,3.43,-3.43,,,,,표본 부족으로 검정 불가,True,아니오
코스피 종합지수,4,앞 절반,23,0,23,0.21,0.74,56.52,43.48,9.97,-10.27,4.48,3.18,3.65,13,10,509,0,509,0.58,0.58,56.19,43.81,18.17,-17.85,6.09,4.4,4.32,286,223,-0.37,0.17,0.33,-0.33,0.7742,0.8671,1.0,1.0,,False,예
코스피 종합지수,4,뒤 절반,24,0,24,0.33,0.48,54.17,45.83,6.11,-6.1,2.81,2.43,2.15,13,11,462,0,462,1.09,0.73,59.52,40.48,26.08,-8.15,4.0,3.16,1.96,275,187,-0.76,-0.24,-5.36,5.36,0.2997,0.7493,0.6563,0.6563,,False,예
코스피 종합지수,4,최근 10년,10,0,10,1.36,2.08,60.0,40.0,6.11,-2.4,2.8,3.28,1.53,6,4,201,0,201,2.28,1.23,67.16,32.84,26.08,-2.89,4.67,3.97,1.19,135,66,-0.92,0.85,-7.16,7.16,0.5495,0.4356,0.7413,0.7413,,False,예
코스피 종합지수,4,최근 5년,5,0,5,1.93,2.95,60.0,40.0,6.11,-2.4,3.49,4.31,1.64,3,2,101,0,101,2.75,1.0,64.36,35.64,26.08,-2.89,5.81,5.0,1.32,65,36,-0.82,1.95,-4.36,4.36,,,,,표본 부족으로 검정 불가,False,아니오
코스피 종합지수,5,앞 절반,23,0,23,0.59,0.16,52.17,47.83,10.46,-10.06,4.41,3.67,2.77,12,11,507,0,507,0.88,0.34,55.23,44.77,16.61,-18.33,5.13,4.22,3.24,280,227,-0.29,-0.17,-3.05,3.05,0.8162,0.7852,0.8412,0.8412,,False,예
코스피 종합지수,5,뒤 절반,24,0,24,1.75,1.66,66.67,33.33,17.58,-3.98,4.27,3.62,1.99,16,8,433,0,433,1.01,0.91,64.43,35.57,22.19,-10.04,3.84,2.96,2.52,279,154,0.74,0.75,2.23,-2.23,0.3187,0.3427,0.8362,0.8362,,False,예
코스피 종합지수,5,최근 10년,10,0,10,2.44,1.66,70.0,30.0,17.58,-3.85,5.76,4.35,2.02,7,3,186,0,186,1.74,1.56,66.13,33.87,22.19,-7.73,4.22,3.72,2.13,123,63,0.7,0.1,3.87,-3.87,0.5874,0.8581,1.0,1.0,,False,예
코스피 종합지수,5,최근 5년,5,0,5,4.15,1.77,80.0,20.0,17.58,-3.85,8.02,6.14,3.85,4,1,93,0,93,2.97,2.7,77.42,22.58,22.19,-4.23,4.99,4.61,2.64,72,21,1.18,-0.93,2.58,-2.58,,,,,표본 부족으로 검정 불가,False,아니오
코스피 종합지수,6,앞 절반,23,0,23,-0.22,-0.94,34.78,65.22,8.07,-5.79,4.21,4.35,2.66,8,15,506,0,506,-0.27,-0.75,41.5,58.5,19.3,-13.88,5.27,4.35,3.54,210,296,0.05,-0.19,-6.72,6.72,0.9421,0.8671,0.6833,0.6833,,False,예
코스피 종합지수,6,뒤 절반,24,0,24,-0.04,-0.19,45.83,54.17,5.94,-6.36,2.78,2.24,1.98,11,13,449,0,449,0.12,0.36,55.01,44.99,13.81,-12.66,3.28,2.22,2.45,247,202,-0.16,-0.55,-9.18,9.18,0.8402,0.4216,0.3906,0.3906,,False,예
코스피 종합지수,6,최근 10년,10,0,10,-1.04,-0.95,30.0,70.0,1.65,-6.36,2.3,1.16,1.98,3,7,193,0,193,-0.14,0.24,53.37,46.63,13.81,-12.66,3.89,2.39,3.04,103,90,-0.9,-1.18,-23.37,23.37,0.3916,0.2547,0.1918,0.1918,,False,예
코스피 종합지수,6,최근 5년,5,0,5,-1.81,-1.56,20.0,80.0,1.65,-6.36,2.97,1.65,2.68,1,4,95,0,95,-0.15,-0.26,47.37,52.63,13.81,-12.66,5.11,3.8,3.7,45,50,-1.66,-1.3,-27.37,27.37,,,,,표본 부족으로 검정 불가,False,아니오
코스피 종합지수,7,앞 절반,23,0,23,-0.02,-0.55,47.83,52.17,9.85,-9.36,4.62,3.72,3.45,11,12,529,0,529,0.38,0.28,52.74,47.26,18.94,-17.09,5.69,4.24,3.93,279,250,-0.4,-0.83,-4.91,4.91,0.7243,0.4835,0.6913,0.6913,,False,예
코스피 종합지수,7,뒤 절반,24,0,24,1.04,1.27,66.67,33.33,5.61,-3.33,2.33,2.35,1.58,16,8,484,0,484,1.01,0.94,64.26,35.74,13.0,-20.57,3.66,2.86,2.3,311,173,0.03,0.34,2.41,-2.41,0.994,0.6374,0.8302,0.8302,,False,예
코스피 종합지수,7,최근 10년,10,0,10,0.28,0.74,60.0,40.0,2.71,-3.33,1.93,1.59,1.69,6,4,211,0,211,-0.03,0.27,54.98,45.02,17.91,-20.57,4.36,2.53,3.16,116,95,0.31,0.47,5.02,-5.02,0.7692,0.5834,0.7702,0.7702,,False,예
코스피 종합지수,7,최근 5년,5,0,5,1.22,1.24,80.0,20.0,2.71,-0.89,1.32,1.74,0.89,4,1,105,0,105,0.29,1.19,66.67,33.33,17.91,-20.57,5.76,3.12,5.36,70,35,0.92,0.06,13.33,-13.33,,,,,표본 부족으로 검정 불가,False,아니오
코스피 종합지수,8,앞 절반,23,0,23,-0.51,-1.56,30.43,69.57,20.33,-8.9,6.0,5.64,3.2,7,16,529,0,529,-1.11,-1.38,31.19,68.81,22.6,-12.07,5.16,4.34,3.58,165,364,0.6,-0.19,-0.76,0.76,0.5854,0.9411,1.0,1.0,,False,예
코스피 종합지수,8,뒤 절반,24,0,24,1.22,1.19,62.5,37.5,8.2,-4.31,2.86,2.78,1.36,15,9,467,0,467,0.58,0.36,55.89,44.11,14.36,-13.45,3.1,2.49,1.83,261,206,0.64,0.83,6.61,-6.61,0.2837,0.1419,0.5345,0.5345,,False,예
코스피 종합지수,8,최근 10년,10,0,10,1.25,1.09,70.0,30.0,4.53,-0.83,1.84,2.09,0.71,7,3,201,0,201,0.6,0.38,55.22,44.78,9.53,-4.57,2.35,2.12,1.27,111,90,0.64,0.7,14.78,-14.78,0.3616,0.3776,0.5165,0.5165,,False,예
코스피 종합지수,8,최근 5년,5,0,5,0.34,-0.48,40.0,60.0,2.07,-0.83,1.45,1.93,0.71,2,3,100,0,100,0.73,-0.02,49.0,51.0,9.53,-4.15,2.74,2.63,1.1,49,51,-0.38,-0.46,-9.0,9.0,,,,,표본 부족으로 검정 불가,True,아니오
코스피 종합지수,9,앞 절반,23,0,23,-0.89,-0.12,47.83,52.17,3.99,-10.46,4.14,2.43,3.93,11,12,493,0,493,-1.03,-0.25,47.26,52.54,11.22,-14.75,4.67,2.64,4.33,233,259,0.14,0.13,0.56,-0.36,0.8931,0.9431,1.0,1.0,,False,예
코스피 종합지수,9,뒤 절반,23,0,23,-1.35,-0.74,30.43,69.57,2.53,-8.97,2.73,1.3,2.5,7,16,411,0,411,0.25,0.24,53.04,46.96,10.36,-12.0,3.4,2.6,2.42,218,193,-1.59,-0.98,-22.61,22.61,0.017,0.1239,0.026,0.026,,False,예
코스피 종합지수,9,최근 10년,10,0,10,-1.94,-1.05,20.0,80.0,0.88,-8.97,2.95,0.86,2.64,2,8,179,0,179,-0.96,-0.55,41.9,58.1,8.96,-12.0,3.68,2.13,3.18,75,104,-0.99,-0.5,-21.9,21.9,0.3706,0.7153,0.1838,0.1838,,False,예
코스피 종합지수,9,최근 5년,5,0,5,-3.11,-2.28,0.0,100.0,-0.0,-8.97,3.58,,3.11,0,5,87,0,87,-2.06,-1.82,27.59,72.41,8.96,-12.0,4.52,3.0,3.98,24,63,-1.05,-0.46,-27.59,27.59,,,,,표본 부족으로 검정 불가,False,아니오
코스피 종합지수,10,앞 절반,23,0,23,-0.76,-0.39,43.48,56.52,13.9,-16.77,5.63,3.25,3.84,10,13,499,0,499,0.05,0.01,50.1,49.9,32.18,-27.14,7.97,5.19,5.11,250,249,-0.81,-0.4,-6.62,6.62,0.6414,0.6933,0.6593,0.6593,,False,예
코스피 종합지수,10,뒤 절반,23,0,23,-0.27,-0.35,47.83,52.17,7.68,-7.83,3.65,2.55,2.87,11,12,421,0,421,-0.54,-0.48,43.71,56.29,18.86,-22.69,4.93,3.07,3.34,184,237,0.27,0.13,4.12,-4.12,0.8262,0.973,0.8262,0.8262,,False,예
코스피 종합지수,10,최근 10년,10,0,10,-0.47,-1.43,40.0,60.0,7.68,-5.87,4.0,3.39,3.05,4,6,182,0,182,-0.57,-1.01,40.66,59.34,18.86,-13.22,4.72,3.46,3.32,74,108,0.09,-0.42,-0.66,0.66,0.975,0.6254,1.0,1.0,,False,예
코스피 종합지수,10,최근 5년,5,0,5,0.83,-1.41,40.0,60.0,7.68,-4.08,4.69,5.54,2.32,2,3,90,0,90,0.77,-0.76,45.56,54.44,18.86,-8.14,5.37,5.05,2.82,41,49,0.06,-0.65,-5.56,5.56,,,,,표본 부족으로 검정 불가,True,아니오
코스피 종합지수,11,앞 절반,23,0,23,0.14,0.61,60.87,39.13,6.68,-16.49,4.82,2.83,4.04,14,9,528,0,528,0.65,0.89,57.58,42.42,18.34,-26.61,6.27,4.39,4.41,304,224,-0.51,-0.28,3.29,-3.29,0.6414,0.8472,0.8332,0.8332,,False,예
코스피 종합지수,11,뒤 절반,23,0,23,0.78,1.15,69.57,30.43,13.43,-4.44,3.43,2.19,2.45,16,7,451,0,451,0.28,0.29,54.77,45.23,13.43,-8.92,3.24,2.51,2.42,247,204,0.49,0.86,14.8,-14.8,0.4496,0.2228,0.1958,0.1958,,False,예
코스피 종합지수,11,최근 10년,10,0,10,-0.57,-0.31,50.0,50.0,1.77,-4.44,2.0,1.11,2.25,5,5,205,0,205,-0.24,-0.43,43.9,56.1,12.66,-6.99,3.32,2.62,2.48,90,115,-0.33,0.13,6.1,-6.1,0.7732,0.8661,0.7582,0.7582,,False,예
코스피 종합지수,11,최근 5년,5,0,5,-0.91,-1.06,40.0,60.0,1.77,-4.44,2.5,1.46,2.49,2,3,102,0,102,-0.52,-0.67,43.14,56.86,10.16,-6.99,3.67,3.01,3.19,44,58,-0.39,-0.4,-3.14,3.14,,,,,표본 부족으로 검정 불가,False,아니오
코스피 종합지수,12,앞 절반,23,0,23,0.34,0.72,56.52,43.48,7.17,-11.54,4.26,2.97,3.08,13,10,439,0,439,0.74,0.84,59.23,40.55,26.12,-14.8,5.46,4.0,4.03,260,178,-0.4,-0.13,-2.7,2.93,0.7043,0.8462,0.8342,0.8352,,False,예
코스피 종합지수,12,뒤 절반,23,0,23,0.48,-0.06,47.83,52.17,4.82,-4.78,2.21,2.23,1.12,11,12,427,0,427,0.78,0.63,59.25,40.75,11.72,-9.82,3.04,2.67,1.97,253,174,-0.3,-0.69,-11.42,11.42,0.6593,0.3526,0.2617,0.2617,,True,예
코스피 종합지수,12,최근 10년,10,0,10,0.4,-0.2,40.0,60.0,4.82,-4.15,2.51,2.63,1.09,4,6,193,0,193,0.55,-0.04,49.22,50.78,9.08,-9.82,3.4,3.24,2.06,95,98,-0.15,-0.16,-9.22,9.22,0.8981,0.6643,0.7672,0.7672,,True,예
코스피 종합지수,12,최근 5년,5,0,5,0.51,0.49,60.0,40.0,4.82,-4.15,3.24,2.29,2.17,3,2,98,0,98,-0.12,-0.37,44.9,55.1,7.49,-9.82,3.87,3.37,2.97,44,54,0.63,0.86,15.1,-15.1,,,,,표본 부족으로 검정 불가,False,아니오
KODEX 코스닥150,1,앞 절반,5,0,5,0.17,1.12,60.0,40.0,3.7,-6.46,4.2,2.8,3.78,3,2,81,0,81,1.03,0.66,54.32,45.68,17.05,-7.49,5.29,4.64,3.26,44,37,-0.86,0.46,5.68,-5.68,,,,,표본 부족으로 검정 불가,False,아니오
KODEX 코스닥150,1,뒤 절반,6,0,6,1.92,-1.59,50.0,50.0,26.39,-9.6,12.81,10.17,6.33,3,3,96,0,96,1.26,-0.34,50.0,50.0,30.57,-17.96,12.41,10.12,7.6,48,48,0.66,-1.25,0.0,0.0,,,,,표본 부족으로 검정 불가,False,아니오
KODEX 코스닥150,1,최근 10년,10,0,10,1.12,0.11,50.0,50.0,26.39,-9.6,10.0,7.56,5.31,5,5,195,0,195,1.09,-0.73,47.69,52.31,32.77,-17.96,10.17,8.5,5.66,93,102,0.03,0.84,2.31,-2.31,0.979,0.8621,1.0,1.0,,False,예
KODEX 코스닥150,1,최근 5년,5,0,5,3.2,1.32,60.0,40.0,26.39,-9.6,13.88,10.17,7.25,3,2,96,0,96,2.71,1.15,56.25,43.75,32.77,-17.96,13.21,10.96,7.9,54,42,0.49,0.17,3.75,-3.75,,,,,표본 부족으로 검정 불가,False,아니오
KODEX 코스닥150,2,앞 절반,5,0,5,-1.99,-0.81,20.0,80.0,0.77,-8.23,3.57,0.77,2.68,1,4,72,0,72,-1.65,-0.54,37.5,62.5,4.72,-9.9,3.7,1.41,3.48,27,45,-0.34,-0.27,-17.5,17.5,,,,,표본 부족으로 검정 불가,False,아니오
KODEX 코스닥150,2,뒤 절반,6,0,6,-0.15,0.38,50.0,50.0,4.33,-5.92,3.68,2.63,2.92,3,3,90,0,90,2.74,2.43,74.44,25.56,13.87,-5.92,4.38,4.52,2.44,67,23,-2.89,-2.05,-24.44,24.44,,,,,표본 부족으로 검정 불가,False,아니오
KODEX 코스닥150,2,최근 10년,10,0,10,-1.16,-0.63,30.0,70.0,4.33,-8.23,3.72,2.63,2.78,3,7,177,0,177,0.13,0.38,52.54,47.46,13.87,-9.9,5.06,3.78,3.92,93,84,-1.29,-1.01,-22.54,22.54,0.3886,0.5035,0.2308,0.2308,,False,예
KODEX 코스닥150,2,최근 5년,5,0,5,1.0,1.06,60.0,40.0,4.33,-2.55,2.63,2.63,1.43,3,2,89,0,89,3.09,2.53,78.65,21.35,13.87,-4.17,4.19,4.52,2.2,70,19,-2.08,-1.47,-18.65,18.65,,,,,표본 부족으로 검정 불가,False,아니오
KODEX 코스닥150,3,앞 절반,5,0,5,2.55,-1.83,40.0,60.0,18.28,-3.62,9.12,10.47,2.74,2,3,84,0,84,0.59,0.44,53.57,46.43,28.6,-6.54,5.56,3.76,3.07,45,39,1.96,-2.27,-13.57,13.57,,,,,표본 부족으로 검정 불가,True,아니오
KODEX 코스닥150,3,뒤 절반,6,0,6,-1.36,-0.08,50.0,50.0,6.97,-9.63,6.25,3.19,5.9,3,3,101,0,101,-0.15,0.69,56.44,43.56,12.76,-11.73,6.42,4.66,6.38,57,44,-1.21,-0.77,-6.44,6.44,,,,,표본 부족으로 검정 불가,False,아니오
KODEX 코스닥150,3,최근 10년,10,0,10,0.64,-0.08,50.0,50.0,18.28,-9.63,7.92,6.1,4.82,5,5,201,0,201,0.48,0.79,56.22,43.78,28.6,-11.73,6.42,4.75,4.99,113,88,0.16,-0.87,-6.22,6.22,0.9321,0.7502,0.7333,0.7333,,False,예
KODEX 코스닥150,3,최근 5년,5,0,5,-1.55,0.23,60.0,40.0,6.97,-9.63,6.96,3.19,8.66,3,2,99,0,99,-0.52,1.04,57.58,42.42,12.76,-11.73,6.71,4.66,7.54,57,42,-1.04,-0.81,2.42,-2.42,,,,,표본 부족으로 검정 불가,True,아니오
KODEX 코스닥150,4,앞 절반,5,0,5,-1.9,-2.08,0.0,100.0,-0.8,-2.86,0.75,,1.9,0,5,80,0,80,-0.95,-1.26,25.0,75.0,11.12,-5.3,2.94,2.77,2.19,20,60,-0.95,-0.82,-25.0,25.0,,,,,표본 부족으로 검정 불가,False,아니오
KODEX 코스닥150,4,뒤 절반,6,0,6,-1.52,-1.74,33.33,66.67,3.86,-7.77,3.88,2.32,3.44,2,4,102,0,102,0.21,-0.14,48.04,50.98,11.89,-7.77,4.34,3.74,3.11,49,52,-1.73,-1.6,-14.71,15.69,,,,,표본 부족으로 검정 불가,False,아니오
KODEX 코스닥150,4,최근 10년,10,0,10,-1.7,-2.1,20.0,80.0,3.86,-7.77,2.94,2.32,2.7,2,8,201,0,201,-0.6,-1.05,35.32,64.18,11.89,-8.13,3.84,3.37,2.79,71,129,-1.1,-1.04,-15.32,15.82,0.4026,0.3556,0.3357,0.3387,,False,예
KODEX 코스닥150,4,최근 5년,5,0,5,-0.27,-1.15,40.0,60.0,3.86,-2.51,2.66,2.32,2.0,2,3,101,0,101,0.53,0.0,49.5,49.5,11.89,-6.59,4.04,3.68,2.61,50,50,-0.8,-1.15,-9.5,10.5,,,,,표본 부족으로 검정 불가,False,아니오
KODEX 코스닥150,5,앞 절반,5,0,5,1.19,2.02,80.0,20.0,2.56,-1.42,1.66,1.84,1.42,4,1,76,0,76,0.93,1.39,78.95,21.05,10.4,-10.9,3.81,2.46,4.8,60,16,0.25,0.63,1.05,-1.05,,,,,표본 부족으로 검정 불가,False,아니오
KODEX 코스닥150,5,뒤 절반,6,0,6,2.41,2.06,83.33,16.67,6.48,-1.01,2.8,3.09,1.01,5,1,95,0,95,0.67,1.15,70.53,29.47,9.41,-7.44,3.82,2.66,4.09,67,28,1.74,0.92,12.81,-12.81,,,,,표본 부족으로 검정 불가,False,아니오
KODEX 코스닥150,5,최근 10년,10,0,10,1.78,1.43,80.0,20.0,6.48,-1.42,2.44,2.53,1.21,8,2,186,0,186,0.65,1.15,71.51,28.49,10.4,-10.9,3.76,2.52,4.03,133,53,1.13,0.28,8.49,-8.49,0.3217,0.7243,0.7263,0.7263,,False,예
KODEX 코스닥150,5,최근 5년,5,0,5,2.8,3.28,80.0,20.0,6.48,-1.01,2.94,3.75,1.01,4,1,93,0,93,0.43,1.12,65.59,34.41,9.41,-7.44,4.0,2.82,4.12,61,32,2.37,2.16,14.41,-14.41,,,,,표본 부족으로 검정 불가,False,아니오
KODEX 코스닥150,6,앞 절반,5,0,5,-2.21,-0.86,20.0,80.0,0.17,-7.77,3.23,0.17,2.8,1,4,79,0,79,-1.79,-0.67,37.97,62.03,6.95,-9.13,3.68,1.63,3.88,30,49,-0.42,-0.19,-17.97,17.97,,,,,표본 부족으로 검정 불가,False,아니오
KODEX 코스닥150,6,뒤 절반,6,0,6,-1.72,-1.73,16.67,83.33,0.76,-4.12,1.62,0.76,2.21,1,5,97,0,97,-2.56,-1.42,31.96,67.01,5.24,-15.53,4.43,1.42,4.5,31,65,0.85,-0.31,-15.29,16.32,,,,,표본 부족으로 검정 불가,False,아니오
KODEX 코스닥150,6,최근 10년,10,0,10,-2.05,-1.73,20.0,80.0,0.76,-7.77,2.46,0.47,2.68,2,8,193,0,193,-1.78,-1.06,38.34,61.14,8.55,-15.53,4.31,2.06,4.2,74,118,-0.27,-0.67,-18.34,18.86,0.7962,0.6124,0.3227,0.3217,,False,예
KODEX 코스닥150,6,최근 5년,5,0,5,-2.21,-2.19,0.0,100.0,-1.13,-4.12,1.2,,2.21,0,5,95,0,95,-2.58,-1.56,28.42,70.53,8.55,-15.53,4.62,1.97,4.45,27,67,0.37,-0.63,-28.42,29.47,,,,,표본 부족으로 검정 불가,False,아니오
KODEX 코스닥150,7,앞 절반,5,0,5,-1.76,-3.02,40.0,60.0,4.48,-6.1,4.15,2.29,4.46,2,3,84,0,84,-1.77,-1.51,33.33,65.48,11.53,-9.43,4.86,3.56,4.51,28,55,0.01,-1.51,6.67,-5.48,,,,,표본 부족으로 검정 불가,False,아니오
KODEX 코스닥150,7,뒤 절반,6,0,6,-0.87,-2.03,33.33,66.67,4.04,-4.04,3.0,2.73,2.67,2,4,105,0,105,0.44,0.6,53.33,46.67,16.73,-27.22,8.14,5.97,5.87,56,49,-1.32,-2.63,-20.0,20.0,,,,,표본 부족으로 검정 불가,False,아니오
KODEX 코스닥150,7,최근 10년,10,0,10,-1.41,-2.38,30.0,70.0,4.48,-6.1,3.56,3.31,3.44,3,7,211,0,211,-0.57,-0.74,42.65,56.87,16.73,-27.22,6.77,5.2,4.9,90,120,-0.84,-1.64,-12.65,13.13,0.6933,0.3377,0.5085,0.5005,,False,예
KODEX 코스닥150,7,최근 5년,5,0,5,-0.61,-1.9,40.0,60.0,4.04,-4.04,3.28,2.73,2.84,2,3,105,0,105,0.6,1.24,56.19,43.81,16.73,-27.22,8.37,6.09,6.44,59,46,-1.21,-3.14,-16.19,16.19,,,,,표본 부족으로 검정 불가,False,아니오
KODEX 코스닥150,8,앞 절반,5,0,5,2.83,2.63,80.0,20.0,8.43,-4.55,5.08,4.68,4.55,4,1,83,0,83,3.1,3.06,80.72,19.28,10.82,-4.59,3.49,4.32,1.99,67,16,-0.27,-0.43,-0.72,0.72,,,,,표본 부족으로 검정 불가,False,아니오
KODEX 코스닥150,8,뒤 절반,6,0,6,1.51,0.11,50.0,50.0,7.31,-1.9,3.88,4.58,1.55,3,3,101,0,101,0.6,0.48,56.44,43.56,15.24,-4.83,3.33,2.72,2.13,57,44,0.91,-0.37,-6.44,6.44,,,,,표본 부족으로 검정 불가,False,아니오
KODEX 코스닥150,8,최근 10년,10,0,10,2.78,1.96,70.0,30.0,8.43,-1.9,3.86,4.64,1.55,7,3,201,0,201,1.92,1.51,73.13,26.87,15.24,-4.83,3.4,3.36,1.99,147,54,0.86,0.45,-3.13,3.13,0.4426,0.8352,1.0,1.0,,False,예
KODEX 코스닥150,8,최근 5년,5,0,5,0.35,-1.09,40.0,60.0,5.12,-1.9,2.95,3.21,1.55,2,3,100,0,100,0.47,0.37,54.0,46.0,15.24,-4.83,3.28,2.64,2.07,54,46,-0.12,-1.45,-14.0,14.0,,,,,표본 부족으로 검정 불가,True,아니오
KODEX 코스닥150,9,앞 절반,5,0,5,-2.23,-0.73,20.0,80.0,0.04,-5.26,2.73,0.04,2.79,1,4,76,0,76,-0.89,-1.02,31.58,65.79,5.41,-5.77,2.87,2.44,2.53,24,50,-1.34,0.28,-11.58,14.21,,,,,표본 부족으로 검정 불가,False,아니오
KODEX 코스닥150,9,뒤 절반,5,0,5,-3.72,-3.65,20.0,80.0,2.1,-10.05,4.37,2.1,5.17,1,4,75,0,75,-2.68,-2.18,33.33,66.67,9.72,-15.84,6.15,3.86,5.94,25,50,-1.04,-1.46,-13.33,13.33,,,,,표본 부족으로 검정 불가,False,아니오
KODEX 코스닥150,9,최근 10년,10,0,10,-2.97,-3.05,20.0,80.0,2.1,-10.05,3.52,1.07,3.98,2,8,183,0,183,-1.62,-1.18,32.79,66.12,9.72,-15.84,4.54,2.93,3.9,60,121,-1.36,-1.87,-12.79,13.88,0.3117,0.1808,0.5055,0.4995,,False,예
KODEX 코스닥150,9,최근 5년,5,0,5,-3.72,-3.65,20.0,80.0,2.1,-10.05,4.37,2.1,5.17,1,4,91,0,91,-2.61,-2.18,28.57,71.43,9.72,-15.84,5.61,3.74,5.16,26,65,-1.1,-1.46,-8.57,8.57,,,,,표본 부족으로 검정 불가,False,아니오
KODEX 코스닥150,10,앞 절반,5,0,5,-1.5,-0.98,40.0,60.0,5.32,-12.04,6.78,4.33,5.39,2,3,74,0,74,-1.79,-1.6,40.54,59.46,11.6,-19.99,7.34,5.14,6.51,30,44,0.29,0.62,-0.54,0.54,,,,,표본 부족으로 검정 불가,False,아니오
KODEX 코스닥150,10,뒤 절반,6,0,6,-0.19,-0.42,50.0,50.0,4.88,-5.61,4.44,3.36,3.73,3,3,90,0,90,-0.41,-0.23,47.78,52.22,10.22,-13.19,5.31,3.84,4.31,43,47,0.23,-0.2,2.22,-2.22,,,,,표본 부족으로 검정 불가,False,아니오
KODEX 코스닥150,10,최근 10년,10,0,10,-0.76,-0.42,50.0,50.0,5.32,-12.04,5.65,3.75,5.28,5,5,182,0,182,-1.22,-0.5,45.05,54.4,11.6,-19.99,6.29,4.18,5.71,82,99,0.46,0.08,4.95,-4.4,0.8432,0.8831,1.0,1.0,,False,예
KODEX 코스닥150,10,최근 5년,5,0,5,0.65,0.39,60.0,40.0,4.88,-5.61,4.41,3.36,3.42,3,2,90,0,90,-0.04,0.22,52.22,47.78,10.22,-13.19,5.33,3.85,4.29,47,43,0.68,0.18,7.78,-7.78,,,,,표본 부족으로 검정 불가,False,아니오
KODEX 코스닥150,11,앞 절반,5,0,5,-2.07,-3.15,40.0,60.0,1.06,-5.37,2.72,0.73,3.94,2,3,83,0,83,-1.04,-1.16,33.73,65.06,12.75,-9.46,5.12,4.38,3.87,28,54,-1.03,-2.0,6.27,-5.06,,,,,표본 부족으로 검정 불가,False,아니오
KODEX 코스닥150,11,뒤 절반,6,0,6,-0.6,0.24,50.0,50.0,2.26,-5.87,3.25,2.03,3.23,3,3,103,0,103,-0.52,-0.48,45.63,54.37,14.71,-13.0,4.52,3.3,3.72,47,56,-0.08,0.72,4.37,-4.37,,,,,표본 부족으로 검정 불가,False,아니오
KODEX 코스닥150,11,최근 10년,10,0,10,-1.44,-1.91,40.0,60.0,2.26,-5.87,3.08,1.79,3.59,4,6,205,0,205,-0.19,-0.55,43.9,55.61,14.71,-13.0,5.02,4.35,3.78,90,114,-1.25,-1.36,-3.9,4.39,0.4306,0.4416,1.0,0.7792,,False,예
KODEX 코스닥150,11,최근 5년,5,0,5,-1.14,-1.24,40.0,60.0,2.26,-5.87,3.32,1.99,3.23,2,3,102,0,102,-0.33,-0.52,46.08,53.92,14.71,-13.0,4.73,3.7,3.78,47,55,-0.81,-0.73,-6.08,6.08,,,,,표본 부족으로 검정 불가,False,아니오
KODEX 코스닥150,12,앞 절반,5,0,5,4.88,4.01,100.0,0.0,9.82,1.86,3.05,4.88,,5,0,78,0,78,4.91,5.39,93.59,6.41,11.84,-4.41,3.59,5.4,2.22,73,5,-0.03,-1.37,6.41,-6.41,,,,,표본 부족으로 검정 불가,False,아니오
KODEX 코스닥150,12,뒤 절반,6,0,6,1.41,1.91,83.33,16.67,3.57,-2.53,2.32,2.2,2.53,5,1,100,0,100,-0.01,0.39,53.0,46.0,8.23,-8.67,3.76,2.97,3.44,53,46,1.42,1.52,30.33,-29.33,,,,,표본 부족으로 검정 불가,False,아니오
KODEX 코스닥150,12,최근 10년,10,0,10,2.88,2.99,90.0,10.0,9.82,-2.53,3.26,3.49,2.53,9,1,193,0,193,2.37,2.31,72.02,27.46,12.85,-8.67,4.47,4.51,3.21,139,53,0.52,0.68,17.98,-17.46,0.7123,0.6963,0.3127,0.3077,,False,예
KODEX 코스닥150,12,최근 5년,5,0,5,1.03,1.08,80.0,20.0,3.57,-2.53,2.38,1.92,2.53,4,1,98,0,98,-0.21,0.28,51.02,47.96,8.23,-8.67,3.68,2.76,3.38,50,47,1.24,0.8,28.98,-27.96,,,,,표본 부족으로 검정 불가,False,아니오
코스닥150 지수,1,앞 절반,8,0,8,-1.67,-0.92,25.0,75.0,1.22,-9.34,3.34,1.22,2.64,2,6,140,0,140,-0.71,-0.85,37.86,62.14,5.44,-10.23,2.56,1.74,2.2,53,87,-0.97,-0.07,-12.86,12.86,,,,,표본 부족으로 검정 불가,False,아니오
코스닥150 지수,1,뒤 절반,9,0,9,1.34,1.35,55.56,44.44,26.16,-9.65,10.53,7.57,6.43,5,4,156,0,156,0.26,-1.33,48.08,51.92,30.2,-18.2,10.18,7.74,6.66,75,81,1.08,2.68,7.48,-7.48,,,,,표본 부족으로 검정 불가,False,아니오
코스닥150 지수,1,최근 10년,10,0,10,1.1,0.11,50.0,50.0,26.16,-9.65,9.96,7.57,5.37,5,5,195,0,195,1.0,-0.77,47.69,52.31,32.56,-18.2,10.14,8.46,5.79,93,102,0.09,0.88,2.31,-2.31,0.994,0.8402,1.0,1.0,,False,예
코스닥150 지수,1,최근 5년,5,0,5,3.18,1.35,60.0,40.0,26.16,-9.65,13.8,10.16,7.28,3,2,96,0,96,2.7,1.24,56.25,43.75,32.56,-18.2,13.14,10.98,7.95,54,42,0.48,0.11,3.75,-3.75,,,,,표본 부족으로 검정 불가,False,아니오
코스닥150 지수,2,앞 절반,8,0,8,0.41,0.57,75.0,25.0,2.07,-2.18,1.39,1.03,1.46,6,2,125,0,125,0.93,0.92,68.0,32.0,7.29,-8.33,3.13,2.42,2.23,85,40,-0.53,-0.34,7.0,-7.0,,,,,표본 부족으로 검정 불가,False,아니오
코스닥150 지수,2,뒤 절반,9,0,9,-1.22,-0.61,33.33,66.67,4.52,-8.49,3.97,2.68,3.17,3,6,143,0,143,0.06,0.13,51.75,48.25,13.77,-10.38,5.54,4.28,4.47,74,69,-1.28,-0.74,-18.41,18.41,,,,,표본 부족으로 검정 불가,False,아니오
코스닥150 지수,2,최근 10년,10,0,10,-1.17,-0.68,30.0,70.0,4.52,-8.49,3.74,2.68,2.82,3,7,177,0,177,0.15,0.35,52.54,47.46,13.77,-10.38,5.1,3.83,3.93,93,84,-1.32,-1.03,-22.54,22.54,0.3856,0.5055,0.2248,0.2248,,False,예
코스닥150 지수,2,최근 5년,5,0,5,1.0,1.01,60.0,40.0,4.52,-2.78,2.76,2.68,1.51,3,2,89,0,89,3.12,2.51,78.65,21.35,13.77,-4.37,4.26,4.59,2.3,70,19,-2.12,-1.5,-18.65,18.65,,,,,표본 부족으로 검정 불가,False,아니오
코스닥150 지수,3,앞 절반,8,0,8,0.74,0.44,50.0,50.0,6.92,-2.31,3.06,2.95,1.47,4,4,143,0,143,0.49,0.38,58.04,41.96,8.18,-4.53,2.25,1.93,1.49,83,60,0.25,0.06,-8.04,8.04,,,,,표본 부족으로 검정 불가,False,아니오
코스닥150 지수,3,뒤 절반,9,0,9,0.46,-0.52,44.44,55.56,19.09,-9.74,8.71,7.38,5.07,4,5,162,0,162,0.76,0.84,55.56,44.44,31.42,-12.43,7.18,5.68,5.39,90,72,-0.3,-1.37,-11.11,11.11,,,,,표본 부족으로 검정 불가,True,아니오
코스닥150 지수,3,최근 10년,10,0,10,0.7,0.09,50.0,50.0,19.09,-9.74,8.24,6.48,5.07,5,5,201,0,201,0.54,0.98,57.21,42.79,31.42,-12.43,6.64,4.85,5.23,115,86,0.17,-0.89,-7.21,7.21,0.9301,0.7972,0.7393,0.7393,,False,예
코스닥150 지수,3,최근 5년,5,0,5,-1.48,0.71,60.0,40.0,7.17,-9.74,7.21,3.48,8.92,3,2,99,0,99,-0.53,1.17,57.58,42.42,12.92,-12.43,6.87,4.77,7.72,57,42,-0.95,-0.46,2.42,-2.42,,,,,표본 부족으로 검정 불가,True,아니오
코스닥150 지수,4,앞 절반,8,0,8,-1.19,-1.78,25.0,75.0,3.27,-4.33,2.87,3.09,2.62,2,6,143,0,143,-0.97,-0.88,33.57,66.43,5.76,-8.53,2.48,1.6,2.27,48,95,-0.22,-0.89,-8.57,8.57,,,,,표본 부족으로 검정 불가,False,아니오
코스닥150 지수,4,뒤 절반,9,0,9,-1.28,-0.94,33.33,66.67,3.76,-7.02,2.96,1.63,2.73,3,6,161,0,161,0.25,-0.24,46.58,53.42,13.37,-7.53,4.12,3.56,2.64,75,86,-1.52,-0.7,-13.25,13.25,,,,,표본 부족으로 검정 불가,False,아니오
코스닥150 지수,4,최근 10년,10,0,10,-1.29,-1.18,30.0,70.0,3.76,-7.02,2.79,1.63,2.54,3,7,201,0,201,-0.13,-0.41,42.79,57.21,13.37,-7.53,3.87,3.2,2.63,86,115,-1.16,-0.77,-12.79,12.79,0.3716,0.5215,0.5375,0.5375,,False,예
코스닥150 지수,4,최근 5년,5,0,5,-0.3,-0.89,40.0,60.0,3.76,-2.61,2.68,2.3,2.03,2,3,101,0,101,0.62,0.11,52.48,47.52,12.08,-6.61,4.12,3.61,2.68,53,48,-0.92,-1.0,-12.48,12.48,,,,,표본 부족으로 검정 불가,False,아니오
코스닥150 지수,5,앞 절반,8,0,8,1.64,1.94,87.5,12.5,5.17,-1.9,2.05,2.15,1.9,7,1,130,0,130,0.75,0.92,61.54,38.46,8.41,-5.87,2.5,2.31,1.75,80,50,0.9,1.02,25.96,-25.96,,,,,표본 부족으로 검정 불가,False,아니오
코스닥150 지수,5,뒤 절반,9,0,9,1.92,1.07,77.78,22.22,6.2,-1.2,2.42,2.74,0.98,7,2,152,0,152,0.56,1.22,69.08,30.92,11.17,-11.15,3.98,2.65,4.11,105,47,1.35,-0.15,8.7,-8.7,,,,,표본 부족으로 검정 불가,False,아니오
코스닥150 지수,5,최근 10년,10,0,10,1.92,1.51,80.0,20.0,6.2,-1.2,2.28,2.64,0.98,8,2,186,0,186,0.81,1.39,72.58,27.42,11.17,-11.15,3.88,2.69,4.15,135,51,1.11,0.12,7.42,-7.42,0.3457,0.8212,0.7323,0.7323,,False,예
코스닥150 지수,5,최근 5년,5,0,5,2.83,3.31,80.0,20.0,6.2,-0.75,2.74,3.73,0.75,4,1,93,0,93,0.51,1.03,66.67,33.33,9.69,-7.72,4.07,2.88,4.22,62,31,2.32,2.27,13.33,-13.33,,,,,표본 부족으로 검정 불가,False,아니오
코스닥150 지수,6,앞 절반,8,0,8,0.66,0.15,62.5,37.5,5.62,-1.24,2.12,1.48,0.72,5,3,137,0,137,1.16,0.97,71.53,28.47,8.95,-7.9,2.95,2.52,2.26,98,39,-0.5,-0.82,-9.03,9.03,,,,,표본 부족으로 검정 불가,False,아니오
코스닥150 지수,6,뒤 절반,9,0,9,-2.4,-1.97,22.22,77.78,1.11,-7.52,2.49,0.56,3.24,2,7,156,0,156,-2.12,-1.56,32.69,67.31,6.99,-15.97,4.52,2.32,4.28,51,105,-0.27,-0.41,-10.47,10.47,,,,,표본 부족으로 검정 불가,False,아니오
코스닥150 지수,6,최근 10년,10,0,10,-2.14,-1.8,30.0,70.0,1.11,-7.52,2.48,0.42,3.24,3,7,193,0,193,-1.8,-1.2,38.34,61.66,7.93,-15.97,4.38,2.13,4.25,74,119,-0.34,-0.6,-8.34,8.34,0.7592,0.6324,0.7443,0.7443,,False,예
코스닥150 지수,6,최근 5년,5,0,5,-2.64,-2.62,0.0,100.0,-1.48,-4.02,1.11,,2.64,0,5,95,0,95,-2.81,-1.74,25.26,74.74,7.93,-15.97,4.63,1.97,4.42,24,71,0.17,-0.88,-25.26,25.26,,,,,표본 부족으로 검정 불가,False,아니오
코스닥150 지수,7,앞 절반,8,0,8,-2.18,-3.08,25.0,75.0,3.9,-8.22,3.78,2.76,3.83,2,6,149,0,149,-0.27,-0.68,37.58,62.42,11.27,-8.22,4.46,4.29,3.02,56,93,-1.91,-2.4,-12.58,12.58,,,,,표본 부족으로 검정 불가,False,아니오
코스닥150 지수,7,뒤 절반,9,0,9,-1.37,-2.09,33.33,66.67,4.51,-6.23,3.89,3.39,3.75,3,6,169,0,169,-0.01,-0.13,49.11,50.89,16.74,-27.46,7.13,5.32,5.15,83,86,-1.36,-1.97,-15.78,15.78,,,,,표본 부족으로 검정 불가,False,아니오
코스닥150 지수,7,최근 10년,10,0,10,-1.58,-2.61,30.0,70.0,4.51,-6.23,3.73,3.39,3.71,3,7,211,0,211,-0.65,-0.81,42.18,57.82,16.74,-27.46,6.83,5.25,4.96,89,122,-0.93,-1.8,-12.18,12.18,0.6553,0.3087,0.5135,0.5135,,False,예
코스닥150 지수,7,최근 5년,5,0,5,-0.86,-2.09,40.0,60.0,4.2,-4.72,3.62,2.83,3.31,2,3,105,0,105,0.46,1.23,54.29,45.71,16.74,-27.46,8.48,6.28,6.45,57,48,-1.32,-3.32,-14.29,14.29,,,,,표본 부족으로 검정 불가,False,아니오
코스닥150 지수,8,앞 절반,8,0,8,0.4,1.95,62.5,37.5,4.89,-5.61,4.16,3.25,4.35,5,3,141,0,141,0.09,0.24,52.48,47.52,13.1,-9.19,5.28,4.33,4.58,74,67,0.31,1.7,10.02,-10.02,,,,,표본 부족으로 검정 불가,False,아니오
코스닥150 지수,8,뒤 절반,9,0,9,2.99,1.85,66.67,33.33,8.65,-2.0,4.22,5.32,1.68,6,3,162,0,162,1.44,1.14,66.67,33.33,15.45,-4.81,3.39,3.17,2.01,108,54,1.54,0.71,0.0,0.0,,,,,표본 부족으로 검정 불가,False,아니오
코스닥150 지수,8,최근 10년,10,0,10,2.97,2.32,70.0,30.0,8.65,-2.0,3.98,4.96,1.68,7,3,201,0,201,1.98,1.75,72.14,27.86,15.45,-4.81,3.49,3.51,1.98,145,56,0.99,0.57,-2.14,2.14,0.3866,0.6374,1.0,1.0,,False,예
코스닥150 지수,8,최근 5년,5,0,5,0.4,-1.15,40.0,60.0,5.46,-2.0,3.18,3.53,1.68,2,3,100,0,100,0.46,0.25,53.0,47.0,15.45,-4.81,3.33,2.7,2.07,53,47,-0.05,-1.4,-13.0,13.0,,,,,표본 부족으로 검정 불가,True,아니오
코스닥150 지수,9,앞 절반,8,0,8,-0.61,-1.02,25.0,75.0,2.89,-3.82,2.28,2.55,1.66,2,6,129,0,129,0.27,0.13,52.71,47.29,11.35,-7.58,2.49,2.01,1.67,68,61,-0.88,-1.14,-27.71,27.71,,,,,표본 부족으로 검정 불가,False,아니오
코스닥150 지수,9,뒤 절반,8,0,8,-3.85,-4.34,25.0,75.0,1.84,-10.42,3.76,0.97,5.46,2,6,128,0,128,-2.79,-2.88,23.44,76.56,9.68,-16.26,5.04,3.59,4.74,30,98,-1.06,-1.46,1.56,-1.56,,,,,표본 부족으로 검정 불가,False,아니오
코스닥150 지수,9,최근 10년,10,0,10,-3.21,-3.33,20.0,80.0,1.84,-10.42,3.59,0.97,4.25,2,8,183,0,183,-1.81,-1.5,31.69,68.31,9.68,-16.26,4.62,2.92,4.0,58,125,-1.4,-1.83,-11.69,11.69,0.3127,0.1598,0.4895,0.4895,,False,예
코스닥150 지수,9,최근 5년,5,0,5,-3.98,-4.01,20.0,80.0,1.84,-10.42,4.41,1.84,5.44,1,4,90,0,90,-2.74,-2.17,28.89,71.11,9.68,-16.26,5.77,3.74,5.37,26,64,-1.25,-1.84,-8.89,8.89,,,,,표본 부족으로 검정 불가,False,아니오
코스닥150 지수,10,앞 절반,8,0,8,0.55,0.44,62.5,37.5,4.07,-3.18,2.48,1.97,1.82,5,3,134,0,134,-0.0,-0.39,42.54,57.46,15.14,-7.45,3.78,3.07,2.28,57,77,0.55,0.83,19.96,-19.96,,,,,표본 부족으로 검정 불가,False,아니오
코스닥150 지수,10,뒤 절반,8,0,8,-0.94,-0.44,50.0,50.0,5.16,-11.76,5.96,3.69,5.56,4,4,128,0,128,-0.58,-0.11,48.44,51.56,11.98,-13.01,5.74,4.1,4.98,62,66,-0.36,-0.34,1.56,-1.56,,,,,표본 부족으로 검정 불가,False,아니오
코스닥150 지수,10,최근 10년,10,0,10,-0.7,-0.44,50.0,50.0,5.16,-11.76,5.53,3.7,5.09,5,5,182,0,182,-1.17,-0.48,45.6,54.4,11.98,-19.74,6.19,4.11,5.61,83,99,0.48,0.04,4.4,-4.4,0.8292,0.9161,1.0,1.0,,False,예
코스닥150 지수,10,최근 5년,5,0,5,0.6,0.19,60.0,40.0,4.72,-5.5,4.3,3.2,3.29,3,2,90,0,90,-0.04,0.21,52.22,47.78,9.88,-13.01,5.25,3.8,4.24,47,43,0.64,-0.03,7.78,-7.78,,,,,표본 부족으로 검정 불가,False,아니오
코스닥150 지수,11,앞 절반,8,0,8,-1.21,-0.87,50.0,50.0,2.96,-5.49,2.91,1.22,3.65,4,4,143,0,143,0.19,0.17,54.55,45.45,12.61,-5.74,3.62,2.58,2.68,78,65,-1.4,-1.04,-4.55,4.55,,,,,표본 부족으로 검정 불가,False,아니오
코스닥150 지수,11,뒤 절반,8,0,8,-0.75,-0.04,50.0,50.0,2.82,-6.17,3.15,1.86,3.36,4,4,145,0,145,-0.5,-0.68,46.21,53.79,15.53,-13.13,4.97,3.8,4.19,67,78,-0.25,0.64,3.79,-3.79,,,,,표본 부족으로 검정 불가,False,아니오
코스닥150 지수,11,최근 10년,10,0,10,-1.48,-1.9,40.0,60.0,2.82,-6.17,3.22,1.86,3.71,4,6,205,0,205,-0.17,-0.61,45.37,54.63,15.53,-13.13,5.09,4.31,3.88,93,112,-1.31,-1.3,-5.37,5.37,0.4086,0.4476,0.7722,0.7722,,False,예
코스닥150 지수,11,최근 5년,5,0,5,-1.17,-1.21,40.0,60.0,2.82,-6.17,3.5,2.07,3.32,2,3,102,0,102,-0.31,-0.7,47.06,52.94,15.53,-13.13,4.89,3.8,3.97,48,54,-0.85,-0.51,-7.06,7.06,,,,,표본 부족으로 검정 불가,False,아니오
코스닥150 지수,12,앞 절반,8,0,8,3.66,2.92,100.0,0.0,9.94,1.13,2.74,3.66,,8,0,138,0,138,2.28,2.16,75.36,24.64,10.15,-4.63,3.23,3.61,1.77,104,34,1.37,0.77,24.64,-24.64,,,,,표본 부족으로 검정 불가,False,아니오
코스닥150 지수,12,뒤 절반,8,0,8,1.69,2.08,75.0,25.0,5.04,-3.09,2.54,2.8,1.61,6,2,137,0,137,1.57,1.73,66.42,33.58,12.62,-9.52,4.68,4.22,3.69,91,46,0.13,0.35,8.58,-8.58,,,,,표본 부족으로 검정 불가,False,아니오
코스닥150 지수,12,최근 10년,10,0,10,2.66,2.81,80.0,20.0,9.94,-3.09,3.43,3.73,1.61,8,2,193,0,193,2.22,2.69,72.54,27.46,12.62,-9.52,4.52,4.37,3.46,140,53,0.44,0.12,7.46,-7.46,0.7572,0.8112,0.7443,0.7443,,False,예
코스닥150 지수,12,최근 5년,5,0,5,0.87,0.87,60.0,40.0,3.78,-3.09,2.71,2.53,1.61,3,2,98,0,98,-0.29,0.2,52.04,47.96,7.91,-9.52,3.88,2.78,3.63,51,47,1.16,0.67,7.96,-7.96,,,,,표본 부족으로 검정 불가,False,아니오
코스닥 종합지수,1,앞 절반,15,0,15,0.1,0.39,60.0,40.0,9.26,-8.74,5.48,3.51,5.02,9,6,278,0,278,-0.02,-0.1,48.2,51.8,51.45,-28.43,9.6,6.55,6.12,134,144,0.12,0.49,11.8,-11.8,0.9421,0.7173,0.4276,0.4276,,False,예
코스닥 종합지수,1,뒤 절반,15,0,15,0.2,0.09,53.33,46.67,17.73,-8.95,6.13,3.95,4.1,8,7,272,0,272,0.41,0.13,51.47,48.53,22.0,-15.89,6.62,4.79,4.24,140,132,-0.21,-0.04,1.86,-1.86,0.9401,0.8851,1.0,1.0,,False,예
코스닥 종합지수,1,최근 10년,10,0,10,0.16,-0.44,50.0,50.0,17.73,-8.95,7.57,5.54,5.21,5,5,195,0,195,0.64,-0.06,49.74,50.26,22.0,-15.89,8.07,6.72,5.39,97,98,-0.47,-0.38,0.26,-0.26,0.8182,0.981,1.0,1.0,,False,예
코스닥 종합지수,1,최근 5년,5,0,5,1.37,0.09,60.0,40.0,17.73,-8.95,10.26,6.98,7.05,3,2,96,0,96,1.57,0.53,55.21,44.79,22.0,-15.89,10.23,8.58,7.08,53,43,-0.2,-0.44,4.79,-4.79,,,,,표본 부족으로 검정 불가,False,아니오
코스닥 종합지수,2,앞 절반,15,0,15,-1.11,-1.07,40.0,60.0,4.39,-12.42,4.14,2.34,3.4,6,9,256,0,256,0.13,-0.14,48.83,51.17,34.02,-12.42,5.43,4.05,3.61,125,131,-1.23,-0.93,-8.83,8.83,0.3746,0.5744,0.6154,0.6154,,False,예
코스닥 종합지수,2,뒤 절반,15,0,15,-0.92,-0.07,46.67,53.33,3.36,-10.41,3.45,1.47,3.0,7,8,250,0,250,0.04,0.35,56.8,43.2,10.36,-11.82,4.14,2.75,3.52,142,108,-0.96,-0.42,-10.13,10.13,0.3297,0.4905,0.4296,0.4296,,False,예
코스닥 종합지수,2,최근 10년,10,0,10,-2.03,-1.05,20.0,80.0,3.36,-10.41,3.74,1.85,3.0,2,8,177,0,177,-0.82,-0.36,44.63,55.37,10.36,-11.82,4.29,2.69,3.64,79,98,-1.22,-0.69,-24.63,24.63,0.3497,0.6613,0.2138,0.2138,,False,예
코스닥 종합지수,2,최근 5년,5,0,5,0.02,-0.07,40.0,60.0,3.36,-3.16,2.32,1.85,1.2,2,3,89,0,89,1.61,1.08,67.42,32.58,10.36,-4.41,3.28,3.25,1.79,60,29,-1.59,-1.15,-27.42,27.42,,,,,표본 부족으로 검정 불가,True,아니오
코스닥 종합지수,3,앞 절반,15,0,15,0.68,0.56,60.0,40.0,6.19,-4.14,3.51,2.99,2.77,9,6,293,0,293,0.29,0.56,57.0,43.0,21.19,-21.93,6.23,3.94,4.56,167,126,0.39,0.0,3.0,-3.0,0.8192,1.0,1.0,1.0,,False,예
코스닥 종합지수,3,뒤 절반,15,0,15,0.74,0.43,53.33,46.67,21.66,-9.4,6.92,4.57,3.64,8,7,284,0,284,0.89,1.02,64.44,35.21,32.85,-12.48,5.41,3.51,3.9,183,100,-0.15,-0.59,-11.1,11.46,0.9011,0.5345,0.4126,0.4156,,False,예
코스닥 종합지수,3,최근 10년,10,0,10,1.18,1.0,60.0,40.0,21.66,-9.4,8.5,5.55,5.38,6,4,201,0,201,0.61,1.04,61.19,38.81,32.85,-12.48,6.47,4.32,5.24,123,78,0.57,-0.04,-1.19,1.19,0.7792,0.8571,1.0,1.0,,False,예
코스닥 종합지수,3,최근 5년,5,0,5,-1.41,1.58,60.0,40.0,5.65,-9.4,6.52,3.19,8.3,3,2,99,0,99,-0.5,1.23,56.57,43.43,11.8,-9.92,5.98,4.17,6.59,56,43,-0.91,0.34,3.43,-3.43,,,,,표본 부족으로 검정 불가,True,아니오
코스닥 종합지수,4,앞 절반,15,0,15,-1.54,-2.27,40.0,60.0,7.44,-14.6,5.27,3.16,4.67,6,9,284,0,284,-0.09,-0.76,40.49,59.51,46.89,-29.25,9.85,7.65,5.35,115,169,-1.45,-1.5,-0.49,0.49,0.5684,0.2987,1.0,1.0,,False,예
코스닥 종합지수,4,뒤 절반,15,0,15,-0.95,-1.19,26.67,73.33,4.14,-4.84,2.66,2.5,2.21,4,11,282,0,282,0.64,0.23,53.19,46.81,16.91,-7.33,3.7,2.92,1.96,150,132,-1.59,-1.42,-26.52,26.52,0.0879,0.035,0.042,0.042,,False,예
코스닥 종합지수,4,최근 10년,10,0,10,-1.01,-1.11,30.0,70.0,3.21,-4.84,2.6,1.95,2.27,3,7,201,0,201,0.58,-0.04,49.75,50.25,16.91,-7.33,4.17,3.44,2.24,100,101,-1.59,-1.06,-19.75,19.75,0.2168,0.2887,0.3566,0.3566,,False,예
코스닥 종합지수,4,최근 5년,5,0,5,-0.56,-0.07,40.0,60.0,3.21,-4.84,3.21,2.35,2.51,2,3,101,0,101,0.69,0.16,50.5,49.5,15.01,-7.33,4.78,4.2,2.88,51,50,-1.25,-0.23,-10.5,10.5,,,,,표본 부족으로 검정 불가,False,아니오
코스닥 종합지수,5,앞 절반,15,0,15,1.24,1.74,60.0,40.0,16.93,-12.06,7.16,5.68,5.44,9,6,275,0,275,-0.08,-0.13,48.36,51.64,24.85,-18.91,7.6,6.0,5.77,133,142,1.32,1.86,11.64,-11.64,0.4366,0.2348,0.4196,0.4196,,False,예
코스닥 종합지수,5,뒤 절반,15,0,15,1.33,1.49,80.0,20.0,5.18,-0.84,1.48,1.82,0.67,12,3,263,0,263,0.6,0.99,68.44,31.56,11.18,-11.45,3.11,2.08,2.61,180,83,0.73,0.5,11.56,-11.56,0.3457,0.2937,0.3876,0.3876,,False,예
코스닥 종합지수,5,최근 10년,10,0,10,1.06,1.33,80.0,20.0,2.63,-0.84,1.11,1.52,0.82,8,2,186,0,186,0.27,1.03,67.74,32.26,11.18,-11.45,3.61,2.14,3.65,126,60,0.78,0.3,12.26,-12.26,0.4755,0.5005,0.5045,0.5045,,False,예
코스닥 종합지수,5,최근 5년,5,0,5,1.38,1.77,80.0,20.0,2.63,-0.84,1.31,1.94,0.84,4,1,93,0,93,-0.42,0.65,59.14,40.86,7.16,-11.45,4.06,2.15,4.12,55,38,1.8,1.12,20.86,-20.86,,,,,표본 부족으로 검정 불가,False,아니오
코스닥 종합지수,6,앞 절반,15,0,15,-0.4,-1.06,40.0,60.0,4.88,-7.48,3.79,3.55,3.03,6,9,280,0,280,-0.4,-0.68,43.57,56.07,29.51,-15.95,6.46,4.69,4.36,122,157,-0.0,-0.38,-3.57,3.93,0.987,0.6803,1.0,0.7852,,False,예
코스닥 종합지수,6,뒤 절반,15,0,15,-1.41,-1.27,26.67,73.33,1.69,-5.22,2.09,1.02,2.29,4,11,271,0,271,-1.38,-0.75,39.48,60.52,7.92,-16.38,4.13,2.08,3.63,107,164,-0.03,-0.51,-12.82,12.82,0.993,0.6314,0.3996,0.3996,,False,예
코스닥 종합지수,6,최근 10년,10,0,10,-2.06,-2.02,10.0,90.0,1.39,-5.22,2.09,1.39,2.44,1,9,193,0,193,-1.95,-1.02,31.61,68.39,7.61,-16.38,4.33,2.01,3.77,61,132,-0.11,-1.0,-21.61,21.61,0.8881,0.4286,0.1598,0.1598,,False,예
코스닥 종합지수,6,최근 5년,5,0,5,-2.74,-2.05,0.0,100.0,-1.27,-5.22,1.54,,2.74,0,5,95,0,95,-3.11,-1.75,21.05,78.95,7.61,-16.38,5.05,2.03,4.48,20,75,0.37,-0.3,-21.05,21.05,,,,,표본 부족으로 검정 불가,False,아니오
코스닥 종합지수,7,앞 절반,15,0,15,-1.79,-1.67,46.67,53.33,4.79,-10.17,4.6,2.38,5.43,7,8,298,0,298,-2.35,-0.99,38.59,61.41,7.72,-25.07,5.42,2.32,5.3,115,183,0.57,-0.68,8.08,-8.08,0.7502,0.7063,0.5824,0.5824,,False,예
코스닥 종합지수,7,뒤 절반,16,0,16,-1.66,-1.96,37.5,62.5,4.26,-7.36,3.25,1.77,3.71,6,10,317,0,317,-0.92,-0.77,42.59,57.41,12.06,-22.55,4.75,3.22,3.99,135,182,-0.74,-1.18,-5.09,5.09,0.4685,0.3207,0.8052,0.8052,,False,예
코스닥 종합지수,7,최근 10년,10,0,10,-1.62,-1.96,30.0,70.0,4.26,-6.51,3.1,2.12,3.22,3,7,211,0,211,-0.9,-0.87,41.71,58.29,12.06,-22.55,5.36,3.8,4.27,88,123,-0.72,-1.08,-11.71,11.71,0.6713,0.3866,0.5095,0.5095,,False,예
코스닥 종합지수,7,최근 5년,5,0,5,-1.37,-1.88,40.0,60.0,1.63,-3.99,2.37,1.05,2.98,2,3,105,0,105,-0.53,0.47,54.29,45.71,11.63,-22.55,6.32,3.84,5.72,57,48,-0.84,-2.35,-14.29,14.29,,,,,표본 부족으로 검정 불가,False,아니오
코스닥 종합지수,8,앞 절반,15,0,15,-0.31,-0.38,33.33,66.67,11.55,-9.02,5.28,5.15,3.04,5,10,298,0,298,-1.22,-0.45,44.3,55.7,15.09,-14.16,5.3,3.23,4.75,132,166,0.91,0.07,-10.96,10.96,0.4935,0.8262,0.4505,0.4505,,False,예
코스닥 종합지수,8,뒤 절반,16,0,16,2.05,2.35,68.75,31.25,7.28,-4.67,3.82,4.14,2.54,11,5,303,0,303,0.93,1.26,62.38,37.62,13.15,-8.57,3.91,3.31,3.01,189,114,1.12,1.09,6.37,-6.37,0.2637,0.2488,0.6074,0.6074,,False,예
코스닥 종합지수,8,최근 10년,10,0,10,2.76,2.35,70.0,30.0,7.28,-2.51,3.65,4.53,1.39,7,3,201,0,201,1.55,1.45,68.66,31.34,13.15,-5.64,2.91,2.97,1.56,138,63,1.21,0.9,1.34,-1.34,0.1918,0.3497,1.0,1.0,,False,예
코스닥 종합지수,8,최근 5년,5,0,5,0.83,-0.78,40.0,60.0,5.82,-2.51,3.33,4.15,1.39,2,3,100,0,100,0.75,0.36,54.0,46.0,13.15,-5.64,3.0,2.81,1.68,54,46,0.08,-1.15,-14.0,14.0,,,,,표본 부족으로 검정 불가,True,아니오
코스닥 종합지수,9,앞 절반,15,0,15,-1.84,-1.3,33.33,66.67,5.22,-12.98,5.15,3.33,4.42,5,10,273,0,273,-2.51,-1.11,36.63,63.0,17.93,-21.55,7.08,3.65,6.11,100,172,0.67,-0.19,-3.3,3.66,0.7552,0.7862,0.7822,0.7832,,False,예
코스닥 종합지수,9,뒤 절반,15,0,15,-2.5,-2.28,26.67,73.33,2.08,-11.53,3.39,1.17,3.83,4,11,260,0,260,-1.1,-0.56,45.0,55.0,9.79,-15.58,4.18,2.02,3.65,117,143,-1.4,-1.72,-18.33,18.33,0.1938,0.046,0.1878,0.1878,,False,예
코스닥 종합지수,9,최근 10년,10,0,10,-3.07,-3.27,30.0,70.0,2.08,-11.53,3.85,1.07,4.84,3,7,183,0,183,-2.0,-1.23,31.69,68.31,8.17,-15.58,4.51,2.31,4.0,58,125,-1.07,-2.04,-1.69,1.69,0.4276,0.1349,1.0,1.0,,False,예
코스닥 종합지수,9,최근 5년,5,0,5,-4.14,-4.1,20.0,80.0,2.08,-11.53,4.91,2.08,5.7,1,4,90,0,90,-3.03,-2.65,28.89,71.11,8.17,-15.58,5.87,3.61,5.73,26,64,-1.11,-1.45,-8.89,8.89,,,,,표본 부족으로 검정 불가,False,아니오
코스닥 종합지수,10,앞 절반,15,0,15,-1.42,0.59,53.33,46.67,4.64,-12.76,4.93,2.22,5.59,8,7,292,0,292,-1.02,-0.22,45.89,53.77,19.24,-30.14,7.05,4.0,5.31,134,157,-0.4,0.81,7.44,-7.1,0.7632,0.4226,0.7912,0.7982,,True,예
코스닥 종합지수,10,뒤 절반,15,0,15,-0.97,-0.93,46.67,53.33,4.41,-12.4,4.23,2.31,3.84,7,8,261,0,261,-1.63,-0.41,42.91,57.09,7.59,-20.56,4.84,2.28,4.56,112,149,0.66,-0.52,3.75,-3.75,0.6144,0.8222,0.7692,0.7692,,False,예
코스닥 종합지수,10,최근 10년,10,0,10,-1.76,-1.14,40.0,60.0,3.16,-12.4,4.8,2.5,4.6,4,6,182,0,182,-2.02,-0.3,43.41,56.59,7.59,-20.56,5.58,2.8,5.73,79,103,0.26,-0.84,-3.41,3.41,0.9251,0.978,1.0,1.0,,False,예
코스닥 종합지수,10,최근 5년,5,0,5,-0.32,-0.93,40.0,60.0,2.81,-4.31,2.89,2.5,2.2,2,3,90,0,90,-0.6,-0.15,46.67,53.33,7.59,-11.9,4.37,2.91,3.67,42,48,0.28,-0.78,-6.67,6.67,,,,,표본 부족으로 검정 불가,False,아니오
코스닥 종합지수,11,앞 절반,15,0,15,0.77,0.32,60.0,40.0,12.61,-16.1,6.82,4.66,5.07,9,6,296,0,296,0.3,0.87,56.76,43.24,22.08,-17.61,6.95,4.84,5.66,168,128,0.47,-0.55,3.24,-3.24,0.7902,0.8801,1.0,1.0,,False,예
코스닥 종합지수,11,뒤 절반,15,0,15,-0.46,0.47,53.33,46.67,2.56,-7.32,2.71,1.46,2.66,8,7,288,0,288,0.12,0.23,53.82,45.83,12.51,-10.06,3.75,2.74,2.97,155,132,-0.58,0.24,-0.49,0.83,0.5834,0.7033,1.0,1.0,,True,예
코스닥 종합지수,11,최근 10년,10,0,10,-0.94,-0.51,40.0,60.0,2.32,-7.32,3.07,1.79,2.77,4,6,205,0,205,0.14,0.0,49.76,49.76,12.51,-10.06,4.34,3.6,3.32,102,102,-1.09,-0.51,-9.76,10.24,0.4336,0.7552,0.5305,0.5275,,False,예
코스닥 종합지수,11,최근 5년,5,0,5,-0.75,-0.33,40.0,60.0,2.32,-7.32,3.94,2.31,2.78,2,3,102,0,102,-0.2,-0.1,49.02,50.0,12.51,-10.06,4.31,3.34,3.67,50,51,-0.55,-0.22,-9.02,10.0,,,,,표본 부족으로 검정 불가,False,아니오
코스닥 종합지수,12,앞 절반,15,0,15,-1.11,-0.62,33.33,66.67,7.48,-14.3,5.48,3.74,3.54,5,10,266,0,266,-1.4,-0.22,46.24,53.76,18.86,-26.06,7.8,4.11,6.13,123,143,0.28,-0.4,-12.91,12.91,0.9081,0.9271,0.4286,0.4286,,False,예
코스닥 종합지수,12,뒤 절반,15,0,15,2.01,2.18,93.33,6.67,5.71,-3.39,2.02,2.39,3.39,14,1,271,0,271,1.8,1.89,74.91,25.09,9.79,-8.28,3.21,3.18,2.31,203,68,0.2,0.29,18.43,-18.43,0.7882,0.7682,0.1309,0.1309,,False,예
코스닥 종합지수,12,최근 10년,10,0,10,1.84,1.83,90.0,10.0,5.71,-3.39,2.45,2.42,3.39,9,1,193,0,193,1.94,2.22,75.65,24.35,9.79,-8.28,3.59,3.51,2.92,146,47,-0.1,-0.39,14.35,-14.35,0.9261,0.7303,0.4466,0.4466,,False,예
코스닥 종합지수,12,최근 5년,5,0,5,0.8,1.11,80.0,20.0,4.39,-3.39,2.79,1.85,3.39,4,1,98,0,98,0.31,0.63,59.18,40.82,8.16,-8.28,3.49,2.61,3.04,58,40,0.5,0.48,20.82,-20.82,,,,,표본 부족으로 검정 불가,False,아니오
