대상,진입 달,진입 달력일,날짜,그 달 마지막 거래일,청산 상대 거래일,청산일,보유 거래일,진입 종가,청산 종가,수익률(%),제외 사유
229200,2015-10-01,20,2015-10-20,2015-10-30,0,2015-10-30,8,10750.0,10645.0,-0.98,
229200,2015-11-01,20,2015-11-20,2015-11-30,0,2015-11-30,6,10935.0,10980.0,0.41,
229200,2015-12-01,20,2015-12-18,2015-12-30,0,2015-12-30,7,10590.0,11015.0,4.01,
229200,2016-01-01,20,2016-01-20,2016-01-29,0,2016-01-29,7,11155.0,11280.0,1.12,
229200,2016-02-01,20,2016-02-19,2016-02-29,0,2016-02-29,6,10360.0,10440.0,0.77,
229200,2016-03-01,20,2016-03-18,2016-03-31,0,2016-03-31,9,10950.0,10750.0,-1.83,
229200,2016-04-01,20,2016-04-20,2016-04-29,0,2016-04-29,7,10800.0,10620.0,-1.67,
229200,2016-05-01,20,2016-05-20,2016-05-31,0,2016-05-31,7,10360.0,10625.0,2.56,
229200,2016-06-01,20,2016-06-20,2016-06-30,0,2016-06-30,8,10410.0,10320.0,-0.86,
229200,2016-07-01,20,2016-07-20,2016-07-29,0,2016-07-29,7,10540.0,10550.0,0.09,
229200,2016-08-01,20,2016-08-19,2016-08-31,0,2016-08-31,8,10430.0,9955.0,-4.55,
229200,2016-09-01,20,2016-09-20,2016-09-30,0,2016-09-30,8,10090.0,10085.0,-0.05,
229200,2016-10-01,20,2016-10-20,2016-10-31,0,2016-10-31,7,9695.0,9390.0,-3.15,
229200,2016-11-01,20,2016-11-18,2016-11-30,0,2016-11-30,8,9225.0,8920.0,-3.31,
229200,2016-12-01,20,2016-12-20,2016-12-29,0,2016-12-29,7,9075.0,9370.0,3.25,
229200,2017-01-01,20,2017-01-20,2017-01-31,0,2017-01-31,5,9205.0,9105.0,-1.09,
229200,2017-02-01,20,2017-02-20,2017-02-28,0,2017-02-28,6,9290.0,9215.0,-0.81,
229200,2017-03-01,20,2017-03-20,2017-03-31,0,2017-03-31,9,9030.0,9270.0,2.66,
229200,2017-04-01,20,2017-04-20,2017-04-28,0,2017-04-28,6,9605.0,9405.0,-2.08,
229200,2017-05-01,20,2017-05-19,2017-05-31,0,2017-05-31,8,9655.0,9850.0,2.02,
229200,2017-06-01,20,2017-06-20,2017-06-30,0,2017-06-30,8,10330.0,10295.0,-0.34,
229200,2017-07-01,20,2017-07-20,2017-07-31,0,2017-07-31,7,10430.0,10115.0,-3.02,
229200,2017-08-01,20,2017-08-18,2017-08-31,0,2017-08-31,9,10075.0,10340.0,2.63,
229200,2017-09-01,20,2017-09-20,2017-09-29,0,2017-09-29,7,10885.0,10805.0,-0.73,
229200,2017-10-01,20,2017-10-20,2017-10-31,0,2017-10-31,7,11645.0,12035.0,3.35,
229200,2017-11-01,20,2017-11-20,2017-11-30,0,2017-11-30,8,14345.0,13575.0,-5.37,
229200,2017-12-01,20,2017-12-20,2017-12-28,0,2017-12-28,5,12990.0,14265.0,9.82,
229200,2018-01-01,20,2018-01-19,2018-01-31,0,2018-01-31,8,16240.0,16820.0,3.57,
229200,2018-02-01,20,2018-02-20,2018-02-28,0,2018-02-28,6,15485.0,15415.0,-0.45,
229200,2018-03-01,20,2018-03-20,2018-03-30,0,2018-03-30,8,16180.0,15595.0,-3.62,
229200,2018-04-01,20,2018-04-20,2018-04-30,0,2018-04-30,6,15360.0,14920.0,-2.86,
229200,2018-05-01,20,2018-05-18,2018-05-31,0,2018-05-31,8,14550.0,14880.0,2.27,
229200,2018-06-01,20,2018-06-20,2018-06-29,0,2018-06-29,7,14230.0,13910.0,-2.25,
229200,2018-07-01,20,2018-07-20,2018-07-31,0,2018-07-31,7,13305.0,12740.0,-4.25,
229200,2018-08-01,20,2018-08-20,2018-08-31,0,2018-08-31,9,12750.0,13825.0,8.43,
229200,2018-09-01,20,2018-09-20,2018-09-28,0,2018-09-28,3,14145.0,14150.0,0.04,
229200,2018-10-01,20,2018-10-19,2018-10-31,0,2018-10-31,8,12830.0,11285.0,-12.04,
229200,2018-11-01,20,2018-11-20,2018-11-30,0,2018-11-30,8,11825.0,11950.0,1.06,
229200,2018-12-01,20,2018-12-20,2018-12-28,0,2018-12-28,5,11585.0,11800.0,1.86,
229200,2019-01-01,20,2019-01-18,2019-01-31,0,2019-01-31,9,11630.0,12060.0,3.7,
229200,2019-02-01,20,2019-02-20,2019-02-28,0,2019-02-28,6,12705.0,12550.0,-1.22,
229200,2019-03-01,20,2019-03-20,2019-03-29,0,2019-03-29,7,12475.0,12130.0,-2.77,
229200,2019-04-01,20,2019-04-19,2019-04-30,0,2019-04-30,7,12335.0,12075.0,-2.11,
229200,2019-05-01,20,2019-05-20,2019-05-31,0,2019-05-31,9,10940.0,10785.0,-1.42,
229200,2019-06-01,20,2019-06-20,2019-06-28,0,2019-06-28,6,11010.0,10155.0,-7.77,
229200,2019-07-01,20,2019-07-19,2019-07-31,0,2019-07-31,8,10080.0,9465.0,-6.1,
229200,2019-08-01,20,2019-08-20,2019-08-30,0,2019-08-30,8,8845.0,8940.0,1.07,
229200,2019-09-01,20,2019-09-20,2019-09-30,0,2019-09-30,6,9510.0,9010.0,-5.26,
229200,2019-10-01,20,2019-10-18,2019-10-31,0,2019-10-31,9,9685.0,10200.0,5.32,
229200,2019-11-01,20,2019-11-20,2019-11-29,0,2019-11-29,7,9830.0,9520.0,-3.15,
229200,2019-12-01,20,2019-12-20,2019-12-30,0,2019-12-30,5,9875.0,10415.0,5.47,
229200,2020-01-01,20,2020-01-20,2020-01-31,0,2020-01-31,7,10365.0,9695.0,-6.46,
229200,2020-02-01,20,2020-02-20,2020-02-28,0,2020-02-28,6,10265.0,9420.0,-8.23,
229200,2020-03-01,20,2020-03-20,2020-03-31,0,2020-03-31,7,7850.0,9285.0,18.28,
229200,2020-04-01,20,2020-04-20,2020-04-29,0,2020-04-29,7,10020.0,9940.0,-0.8,
229200,2020-05-01,20,2020-05-20,2020-05-29,0,2020-05-29,7,10830.0,10885.0,0.51,
229200,2020-06-01,20,2020-06-19,2020-06-30,0,2020-06-30,7,11605.0,11625.0,0.17,
229200,2020-07-01,20,2020-07-20,2020-07-31,0,2020-07-31,9,12175.0,12720.0,4.48,
229200,2020-08-01,20,2020-08-20,2020-08-31,0,2020-08-31,7,12605.0,13435.0,6.58,
229200,2020-09-01,20,2020-09-18,2020-09-29,0,2020-09-29,7,13935.0,13220.0,-5.13,
229200,2020-10-01,20,2020-10-20,2020-10-30,0,2020-10-30,8,12645.0,12095.0,-4.35,
229200,2020-11-01,20,2020-11-20,2020-11-30,0,2020-11-30,6,13285.0,13565.0,2.11,
229200,2020-12-01,20,2020-12-18,2020-12-30,0,2020-12-30,7,14965.0,15460.0,3.31,
229200,2021-01-01,20,2021-01-20,2021-01-29,0,2021-01-29,7,15095.0,14415.0,-4.5,
229200,2021-02-01,20,2021-02-19,2021-02-26,0,2021-02-26,5,14525.0,13665.0,-5.92,
229200,2021-03-01,20,2021-03-19,2021-03-31,0,2021-03-31,8,14355.0,14300.0,-0.38,
229200,2021-04-01,20,2021-04-20,2021-04-30,0,2021-04-30,8,15190.0,14010.0,-7.77,
229200,2021-05-01,20,2021-05-20,2021-05-31,0,2021-05-31,7,13935.0,14000.0,0.47,
229200,2021-06-01,20,2021-06-18,2021-06-30,0,2021-06-30,8,14465.0,14575.0,0.76,
229200,2021-07-01,20,2021-07-20,2021-07-30,0,2021-07-30,8,14770.0,14450.0,-2.17,
229200,2021-08-01,20,2021-08-20,2021-08-31,0,2021-08-31,7,14015.0,15040.0,7.31,
229200,2021-09-01,20,2021-09-17,2021-09-30,0,2021-09-30,6,15220.0,14665.0,-3.65,
229200,2021-10-01,20,2021-10-20,2021-10-29,0,2021-10-29,7,14525.0,14345.0,-1.24,
229200,2021-11-01,20,2021-11-19,2021-11-30,0,2021-11-30,7,15340.0,14440.0,-5.87,
229200,2021-12-01,20,2021-12-20,2021-12-30,0,2021-12-30,8,14550.0,15070.0,3.57,
229200,2022-01-01,20,2022-01-20,2022-01-28,0,2022-01-28,6,13645.0,12335.0,-9.6,
229200,2022-02-01,20,2022-02-18,2022-02-28,0,2022-02-28,6,12290.0,12420.0,1.06,
229200,2022-03-01,20,2022-03-18,2022-03-31,0,2022-03-31,9,13100.0,13130.0,0.23,
229200,2022-04-01,20,2022-04-20,2022-04-29,0,2022-04-29,7,12765.0,12445.0,-2.51,
229200,2022-05-01,20,2022-05-20,2022-05-31,0,2022-05-31,7,12395.0,12500.0,0.85,
229200,2022-06-01,20,2022-06-20,2022-06-30,0,2022-06-30,8,10920.0,10470.0,-4.12,
229200,2022-07-01,20,2022-07-20,2022-07-29,0,2022-07-29,7,11230.0,11390.0,1.42,
229200,2022-08-01,20,2022-08-19,2022-08-31,0,2022-08-31,8,11520.0,11395.0,-1.09,
229200,2022-09-01,20,2022-09-20,2022-09-30,0,2022-09-30,8,10600.0,9535.0,-10.05,
229200,2022-10-01,20,2022-10-20,2022-10-31,0,2022-10-31,7,9575.0,10035.0,4.8,
229200,2022-11-01,20,2022-11-18,2022-11-30,0,2022-11-30,8,10455.0,10325.0,-1.24,
229200,2022-12-01,20,2022-12-20,2022-12-29,0,2022-12-29,7,9890.0,9640.0,-2.53,
229200,2023-01-01,20,2023-01-20,2023-01-31,0,2023-01-31,5,9945.0,10225.0,2.82,
229200,2023-02-01,20,2023-02-20,2023-02-28,0,2023-02-28,6,11455.0,11420.0,-0.31,
229200,2023-03-01,20,2023-03-20,2023-03-31,0,2023-03-31,9,11770.0,12590.0,6.97,
229200,2023-04-01,20,2023-04-20,2023-04-28,0,2023-04-28,6,13285.0,12975.0,-2.33,
229200,2023-05-01,20,2023-05-19,2023-05-31,0,2023-05-31,7,12650.0,13065.0,3.28,
229200,2023-06-01,20,2023-06-20,2023-06-30,0,2023-06-30,8,13485.0,13190.0,-2.19,
229200,2023-07-01,20,2023-07-20,2023-07-31,0,2023-07-31,7,14855.0,15455.0,4.04,
229200,2023-08-01,20,2023-08-18,2023-08-31,0,2023-08-31,9,14060.0,14780.0,5.12,
229200,2023-09-01,20,2023-09-20,2023-09-27,0,2023-09-27,5,13840.0,13210.0,-4.55,
229200,2023-10-01,20,2023-10-20,2023-10-31,0,2023-10-31,7,12130.0,11450.0,-5.61,
229200,2023-11-01,20,2023-11-20,2023-11-30,0,2023-11-30,8,12850.0,13140.0,2.26,
229200,2023-12-01,20,2023-12-20,2023-12-28,0,2023-12-28,5,13900.0,13940.0,0.29,
229200,2024-01-01,20,2024-01-19,2024-01-31,0,2024-01-31,8,13075.0,12435.0,-4.89,
229200,2024-02-01,20,2024-02-20,2024-02-29,0,2024-02-29,7,13645.0,13985.0,2.49,
229200,2024-03-01,20,2024-03-20,2024-03-29,0,2024-03-29,7,14820.0,15170.0,2.36,
229200,2024-04-01,20,2024-04-19,2024-04-30,0,2024-04-30,7,13860.0,14395.0,3.86,
229200,2024-05-01,20,2024-05-20,2024-05-31,0,2024-05-31,9,13420.0,13285.0,-1.01,
229200,2024-06-01,20,2024-06-20,2024-06-28,0,2024-06-28,6,13765.0,13590.0,-1.27,
229200,2024-07-01,20,2024-07-19,2024-07-31,0,2024-07-31,8,13730.0,13375.0,-2.59,
229200,2024-08-01,20,2024-08-20,2024-08-30,0,2024-08-30,8,13155.0,12905.0,-1.9,
229200,2024-09-01,20,2024-09-20,2024-09-30,0,2024-09-30,6,12600.0,12865.0,2.1,
229200,2024-10-01,20,2024-10-18,2024-10-31,0,2024-10-31,9,12660.0,12710.0,0.39,
229200,2024-11-01,20,2024-11-20,2024-11-29,0,2024-11-29,7,11645.0,11345.0,-2.58,
229200,2024-12-01,20,2024-12-20,2024-12-30,0,2024-12-30,5,10975.0,11275.0,2.73,
229200,2025-01-01,20,2025-01-20,2025-01-31,0,2025-01-31,5,12155.0,12315.0,1.32,
229200,2025-02-01,20,2025-02-20,2025-02-28,0,2025-02-28,6,12965.0,12635.0,-2.55,
229200,2025-03-01,20,2025-03-20,2025-03-31,0,2025-03-31,7,12110.0,11180.0,-7.68,
229200,2025-04-01,20,2025-04-18,2025-04-30,0,2025-04-30,8,11780.0,11645.0,-1.15,
229200,2025-05-01,20,2025-05-20,2025-05-30,0,2025-05-30,8,11405.0,11905.0,4.38,
229200,2025-06-01,20,2025-06-20,2025-06-30,0,2025-06-30,6,12795.0,12650.0,-1.13,
229200,2025-07-01,20,2025-07-18,2025-07-31,0,2025-07-31,9,13705.0,13445.0,-1.9,
229200,2025-08-01,20,2025-08-20,2025-08-29,0,2025-08-29,7,13090.0,13260.0,1.3,
229200,2025-09-01,20,2025-09-19,2025-09-30,0,2025-09-30,7,14300.0,13950.0,-2.45,
229200,2025-10-01,20,2025-10-20,2025-10-31,0,2025-10-31,9,14650.0,15365.0,4.88,
229200,2025-11-01,20,2025-11-20,2025-11-28,0,2025-11-28,6,15630.0,15900.0,1.73,
229200,2025-12-01,20,2025-12-19,2025-12-30,0,2025-12-30,6,15265.0,15430.0,1.08,
229200,2026-01-01,20,2026-01-20,2026-01-30,0,2026-01-30,8,16220.0,20500.0,26.39,
229200,2026-02-01,20,2026-02-20,2026-02-27,0,2026-02-27,5,20225.0,21100.0,4.33,
229200,2026-03-01,20,2026-03-20,2026-03-31,0,2026-03-31,7,20090.0,18155.0,-9.63,
229200,2026-04-01,20,2026-04-20,2026-04-30,0,2026-04-30,8,19700.0,19855.0,0.79,
229200,2026-05-01,20,2026-05-20,2026-05-29,0,2026-05-29,6,17590.0,18730.0,6.48,
229200,2026-06-01,20,2026-06-19,2026-06-30,0,2026-06-30,7,16965.0,16565.0,-2.36,
229200,2026-07-01,20,2026-07-20,2026-07-31,0,2026-07-31,9,12610.0,12100.0,-4.04,
229200,2026-08-01,20,2026-08-20,2026-08-31,0,2026-08-31,7,14615.0,14370.0,-1.68,
251340,2016-08-01,20,2016-08-19,2016-08-31,0,2016-08-31,8,9970.0,10420.0,4.51,
251340,2016-09-01,20,2016-09-20,2016-09-30,0,2016-09-30,8,10095.0,10150.0,0.54,
251340,2016-10-01,20,2016-10-20,2016-10-31,0,2016-10-31,7,10420.0,10720.0,2.88,
251340,2016-11-01,20,2016-11-18,2016-11-30,0,2016-11-30,8,10855.0,11205.0,3.22,
251340,2016-12-01,20,2016-12-20,2016-12-29,0,2016-12-29,7,10990.0,10615.0,-3.41,
251340,2017-01-01,20,2017-01-20,2017-01-31,0,2017-01-31,5,10980.0,10945.0,-0.32,
251340,2017-02-01,20,2017-02-20,2017-02-28,0,2017-02-28,6,10740.0,10805.0,0.61,
251340,2017-03-01,20,2017-03-20,2017-03-31,0,2017-03-31,9,10945.0,10655.0,-2.65,
251340,2017-04-01,20,2017-04-20,2017-04-28,0,2017-04-28,6,10330.0,10420.0,0.87,
251340,2017-05-01,20,2017-05-19,2017-05-31,0,2017-05-31,8,10090.0,9875.0,-2.13,
251340,2017-06-01,20,2017-06-20,2017-06-30,0,2017-06-30,8,9450.0,9450.0,0.0,
251340,2017-07-01,20,2017-07-20,2017-07-31,0,2017-07-31,7,9230.0,9555.0,3.52,
251340,2017-08-01,20,2017-08-18,2017-08-31,0,2017-08-31,9,9560.0,9330.0,-2.41,
251340,2017-09-01,20,2017-09-20,2017-09-29,0,2017-09-29,7,8830.0,8855.0,0.28,
251340,2017-10-01,20,2017-10-20,2017-10-31,0,2017-10-31,7,8260.0,7900.0,-4.36,
251340,2017-11-01,20,2017-11-20,2017-11-30,0,2017-11-30,8,6575.0,6940.0,5.55,
251340,2017-12-01,20,2017-12-20,2017-12-28,0,2017-12-28,5,7220.0,6540.0,-9.42,
251340,2018-01-01,20,2018-01-19,2018-01-31,0,2018-01-31,8,5710.0,5515.0,-3.42,
251340,2018-02-01,20,2018-02-20,2018-02-28,0,2018-02-28,6,5855.0,5890.0,0.6,
251340,2018-03-01,20,2018-03-20,2018-03-30,0,2018-03-30,8,5600.0,5770.0,3.04,
251340,2018-04-01,20,2018-04-20,2018-04-30,0,2018-04-30,6,5855.0,5990.0,2.31,
251340,2018-05-01,20,2018-05-18,2018-05-31,0,2018-05-31,8,6120.0,5985.0,-2.21,
251340,2018-06-01,20,2018-06-20,2018-06-29,0,2018-06-29,7,6240.0,6375.0,2.16,
251340,2018-07-01,20,2018-07-20,2018-07-31,0,2018-07-31,7,6665.0,6930.0,3.98,
251340,2018-08-01,20,2018-08-20,2018-08-31,0,2018-08-31,9,6900.0,6330.0,-8.26,
251340,2018-09-01,20,2018-09-20,2018-09-28,0,2018-09-28,3,6185.0,6170.0,-0.24,
251340,2018-10-01,20,2018-10-19,2018-10-31,0,2018-10-31,8,6770.0,7640.0,12.85,
251340,2018-11-01,20,2018-11-20,2018-11-30,0,2018-11-30,8,7295.0,7200.0,-1.3,
251340,2018-12-01,20,2018-12-20,2018-12-28,0,2018-12-28,5,7360.0,7240.0,-1.63,
251340,2019-01-01,20,2019-01-18,2019-01-31,0,2019-01-31,9,7335.0,7065.0,-3.68,
251340,2019-02-01,20,2019-02-20,2019-02-28,0,2019-02-28,6,6700.0,6805.0,1.57,
251340,2019-03-01,20,2019-03-20,2019-03-29,0,2019-03-29,7,6770.0,6960.0,2.81,
251340,2019-04-01,20,2019-04-19,2019-04-30,0,2019-04-30,7,6820.0,6885.0,0.95,
251340,2019-05-01,20,2019-05-20,2019-05-31,0,2019-05-31,9,7600.0,7685.0,1.12,
251340,2019-06-01,20,2019-06-20,2019-06-28,0,2019-06-28,6,7510.0,8140.0,8.39,
251340,2019-07-01,20,2019-07-19,2019-07-31,0,2019-07-31,8,8170.0,8695.0,6.43,
251340,2019-08-01,20,2019-08-20,2019-08-30,0,2019-08-30,8,9230.0,9055.0,-1.9,
251340,2019-09-01,20,2019-09-20,2019-09-30,0,2019-09-30,6,8480.0,8940.0,5.42,
251340,2019-10-01,20,2019-10-18,2019-10-31,0,2019-10-31,9,8295.0,7855.0,-5.3,
251340,2019-11-01,20,2019-11-20,2019-11-29,0,2019-11-29,7,8155.0,8400.0,3.0,
251340,2019-12-01,20,2019-12-20,2019-12-30,0,2019-12-30,5,8035.0,7610.0,-5.29,
251340,2020-01-01,20,2020-01-20,2020-01-31,0,2020-01-31,7,7610.0,8130.0,6.83,
251340,2020-02-01,20,2020-02-20,2020-02-28,0,2020-02-28,6,7675.0,8325.0,8.47,
251340,2020-03-01,20,2020-03-20,2020-03-31,0,2020-03-31,7,9575.0,7970.0,-16.76,
251340,2020-04-01,20,2020-04-20,2020-04-29,0,2020-04-29,7,7330.0,7280.0,-0.68,
251340,2020-05-01,20,2020-05-20,2020-05-29,0,2020-05-29,7,6650.0,6595.0,-0.83,
251340,2020-06-01,20,2020-06-19,2020-06-30,0,2020-06-30,7,6055.0,6065.0,0.17,
251340,2020-07-01,20,2020-07-20,2020-07-31,0,2020-07-31,9,5775.0,5525.0,-4.33,
251340,2020-08-01,20,2020-08-20,2020-08-31,0,2020-08-31,7,5585.0,5210.0,-6.71,
251340,2020-09-01,20,2020-09-18,2020-09-29,0,2020-09-29,7,5000.0,5275.0,5.5,
251340,2020-10-01,20,2020-10-20,2020-10-30,0,2020-10-30,8,5500.0,5700.0,3.64,
251340,2020-11-01,20,2020-11-20,2020-11-30,0,2020-11-30,6,5150.0,5025.0,-2.43,
251340,2020-12-01,20,2020-12-18,2020-12-30,0,2020-12-30,7,4515.0,4350.0,-3.65,
251340,2021-01-01,20,2021-01-20,2021-01-29,0,2021-01-29,7,4450.0,4655.0,4.61,
251340,2021-02-01,20,2021-02-19,2021-02-26,0,2021-02-26,5,4605.0,4875.0,5.86,
251340,2021-03-01,20,2021-03-19,2021-03-31,0,2021-03-31,8,4585.0,4600.0,0.33,
251340,2021-04-01,20,2021-04-20,2021-04-30,0,2021-04-30,8,4320.0,4635.0,7.29,
251340,2021-05-01,20,2021-05-20,2021-05-31,0,2021-05-31,7,4630.0,4595.0,-0.76,
251340,2021-06-01,20,2021-06-18,2021-06-30,0,2021-06-30,8,4430.0,4385.0,-1.02,
251340,2021-07-01,20,2021-07-20,2021-07-30,0,2021-07-30,8,4315.0,4410.0,2.2,
251340,2021-08-01,20,2021-08-20,2021-08-31,0,2021-08-31,7,4525.0,4200.0,-7.18,
251340,2021-09-01,20,2021-09-17,2021-09-30,0,2021-09-30,6,4125.0,4280.0,3.76,
251340,2021-10-01,20,2021-10-20,2021-10-29,0,2021-10-29,7,4305.0,4345.0,0.93,
251340,2021-11-01,20,2021-11-19,2021-11-30,0,2021-11-30,7,4040.0,4280.0,5.94,
251340,2021-12-01,20,2021-12-20,2021-12-30,0,2021-12-30,8,4190.0,4015.0,-4.18,
251340,2022-01-01,20,2022-01-20,2022-01-28,0,2022-01-28,6,4415.0,4845.0,9.74,
251340,2022-02-01,20,2022-02-18,2022-02-28,0,2022-02-28,6,4820.0,4745.0,-1.56,
251340,2022-03-01,20,2022-03-18,2022-03-31,0,2022-03-31,9,4440.0,4400.0,-0.9,
251340,2022-04-01,20,2022-04-20,2022-04-29,0,2022-04-29,7,4515.0,4620.0,2.33,
251340,2022-05-01,20,2022-05-20,2022-05-31,0,2022-05-31,7,4605.0,4550.0,-1.19,
251340,2022-06-01,20,2022-06-20,2022-06-30,0,2022-06-30,8,5160.0,5355.0,3.78,
251340,2022-07-01,20,2022-07-20,2022-07-29,0,2022-07-29,7,4940.0,4865.0,-1.52,
251340,2022-08-01,20,2022-08-19,2022-08-31,0,2022-08-31,8,4800.0,4835.0,0.73,
251340,2022-09-01,20,2022-09-20,2022-09-30,0,2022-09-30,8,5175.0,5730.0,10.72,
251340,2022-10-01,20,2022-10-20,2022-10-31,0,2022-10-31,7,5670.0,5390.0,-4.94,
251340,2022-11-01,20,2022-11-18,2022-11-30,0,2022-11-30,8,5150.0,5200.0,0.97,
251340,2022-12-01,20,2022-12-20,2022-12-29,0,2022-12-29,7,5455.0,5565.0,2.02,
251340,2023-01-01,20,2023-01-20,2023-01-31,0,2023-01-31,5,5395.0,5240.0,-2.87,
251340,2023-02-01,20,2023-02-20,2023-02-28,0,2023-02-28,6,4660.0,4675.0,0.32,
251340,2023-03-01,20,2023-03-20,2023-03-31,0,2023-03-31,9,4560.0,4260.0,-6.58,
251340,2023-04-01,20,2023-04-20,2023-04-28,0,2023-04-28,6,4040.0,4105.0,1.61,
251340,2023-05-01,20,2023-05-19,2023-05-31,0,2023-05-31,7,4180.0,4050.0,-3.11,
251340,2023-06-01,20,2023-06-20,2023-06-30,0,2023-06-30,8,3930.0,4010.0,2.04,
251340,2023-07-01,20,2023-07-20,2023-07-31,0,2023-07-31,7,3555.0,3380.0,-4.92,
251340,2023-08-01,20,2023-08-18,2023-08-31,0,2023-08-31,9,3685.0,3505.0,-4.88,
251340,2023-09-01,20,2023-09-20,2023-09-27,0,2023-09-27,5,3720.0,3885.0,4.44,
251340,2023-10-01,20,2023-10-20,2023-10-31,0,2023-10-31,7,4210.0,4440.0,5.46,
251340,2023-11-01,20,2023-11-20,2023-11-30,0,2023-11-30,8,3885.0,3810.0,-1.93,
251340,2023-12-01,20,2023-12-20,2023-12-28,0,2023-12-28,5,3565.0,3550.0,-0.42,
251340,2024-01-01,20,2024-01-19,2024-01-31,0,2024-01-31,8,3790.0,3985.0,5.15,
251340,2024-02-01,20,2024-02-20,2024-02-29,0,2024-02-29,7,3620.0,3530.0,-2.49,
251340,2024-03-01,20,2024-03-20,2024-03-29,0,2024-03-29,7,3325.0,3230.0,-2.86,
251340,2024-04-01,20,2024-04-19,2024-04-30,0,2024-04-30,7,3535.0,3390.0,-4.1,
251340,2024-05-01,20,2024-05-20,2024-05-31,0,2024-05-31,9,3625.0,3665.0,1.1,
251340,2024-06-01,20,2024-06-20,2024-06-28,0,2024-06-28,6,3530.0,3585.0,1.56,
251340,2024-07-01,20,2024-07-19,2024-07-31,0,2024-07-31,8,3540.0,3635.0,2.68,
251340,2024-08-01,20,2024-08-20,2024-08-30,0,2024-08-30,8,3610.0,3680.0,1.94,
251340,2024-09-01,20,2024-09-20,2024-09-30,0,2024-09-30,6,3765.0,3675.0,-2.39,
251340,2024-10-01,20,2024-10-18,2024-10-31,0,2024-10-31,9,3740.0,3730.0,-0.27,
251340,2024-11-01,20,2024-11-20,2024-11-29,0,2024-11-29,7,4055.0,4155.0,2.47,
251340,2024-12-01,20,2024-12-20,2024-12-30,0,2024-12-30,5,4280.0,4160.0,-2.8,
251340,2025-01-01,20,2025-01-20,2025-01-31,0,2025-01-31,5,3860.0,3810.0,-1.3,
251340,2025-02-01,20,2025-02-20,2025-02-28,0,2025-02-28,6,3615.0,3705.0,2.49,
251340,2025-03-01,20,2025-03-20,2025-03-31,0,2025-03-31,7,3875.0,4190.0,8.13,
251340,2025-04-01,20,2025-04-18,2025-04-30,0,2025-04-30,8,3935.0,3965.0,0.76,
251340,2025-05-01,20,2025-05-20,2025-05-30,0,2025-05-30,8,4050.0,3885.0,-4.07,
251340,2025-06-01,20,2025-06-20,2025-06-30,0,2025-06-30,6,3600.0,3645.0,1.25,
251340,2025-07-01,20,2025-07-18,2025-07-31,0,2025-07-31,9,3360.0,3430.0,2.08,
251340,2025-08-01,20,2025-08-20,2025-08-29,0,2025-08-29,7,3510.0,3465.0,-1.28,
251340,2025-09-01,20,2025-09-19,2025-09-30,0,2025-09-30,7,3200.0,3280.0,2.5,
251340,2025-10-01,20,2025-10-20,2025-10-31,0,2025-10-31,9,3120.0,2970.0,-4.81,
251340,2025-11-01,20,2025-11-20,2025-11-28,0,2025-11-28,6,2915.0,2850.0,-2.23,
251340,2025-12-01,20,2025-12-19,2025-12-30,0,2025-12-30,6,2970.0,2930.0,-1.35,
251340,2026-01-01,20,2026-01-20,2026-01-30,0,2026-01-30,8,2800.0,2160.0,-22.86,
251340,2026-02-01,20,2026-02-20,2026-02-27,0,2026-02-27,5,2140.0,2050.0,-4.21,
251340,2026-03-01,20,2026-03-20,2026-03-31,0,2026-03-31,7,2015.0,2215.0,9.93,
251340,2026-04-01,20,2026-04-20,2026-04-30,0,2026-04-30,8,2015.0,1997.0,-0.89,
251340,2026-05-01,20,2026-05-20,2026-05-29,0,2026-05-29,6,2245.0,2080.0,-7.35,
251340,2026-06-01,20,2026-06-19,2026-06-30,0,2026-06-30,7,2220.0,2245.0,1.13,
251340,2026-07-01,20,2026-07-20,2026-07-31,0,2026-07-31,9,2855.0,2880.0,0.88,
251340,2026-08-01,20,2026-08-20,2026-08-31,0,2026-08-31,7,2335.0,2370.0,1.5,
2203,2010-01-01,20,2010-01-20,2010-01-29,0,2010-01-29,7,1017.07,922.07,-9.34,
2203,2010-02-01,20,2010-02-19,2010-02-26,0,2010-02-26,5,920.56,928.29,0.84,
2203,2010-03-01,20,2010-03-19,2010-03-31,0,2010-03-31,8,969.32,957.81,-1.19,
2203,2010-04-01,20,2010-04-20,2010-04-30,0,2010-04-30,8,954.25,985.47,3.27,
2203,2010-05-01,20,2010-05-20,2010-05-31,0,2010-05-31,6,917.8,939.54,2.37,
2203,2010-06-01,20,2010-06-18,2010-06-30,0,2010-06-30,8,950.89,943.44,-0.78,
2203,2010-07-01,20,2010-07-20,2010-07-30,0,2010-07-30,8,959.29,918.99,-4.2,
2203,2010-08-01,20,2010-08-20,2010-08-31,0,2010-08-31,7,913.86,889.81,-2.63,
2203,2010-09-01,20,2010-09-20,2010-09-30,0,2010-09-30,5,936.34,963.37,2.89,
2203,2010-10-01,20,2010-10-20,2010-10-29,0,2010-10-29,7,1014.27,1019.44,0.51,
2203,2010-11-01,20,2010-11-19,2010-11-30,0,2010-11-30,7,1011.8,971.73,-3.96,
2203,2010-12-01,20,2010-12-20,2010-12-30,0,2010-12-30,8,971.49,997.9,2.72,
2203,2011-01-01,20,2011-01-20,2011-01-31,0,2011-01-31,7,1057.97,1037.72,-1.91,
2203,2011-02-01,20,2011-02-18,2011-02-28,0,2011-02-28,6,1021.99,999.69,-2.18,
2203,2011-03-01,20,2011-03-18,2011-03-31,0,2011-03-31,9,966.23,1033.07,6.92,
2203,2011-04-01,20,2011-04-20,2011-04-29,0,2011-04-29,7,1035.41,994.75,-3.93,
2203,2011-05-01,20,2011-05-20,2011-05-31,0,2011-05-31,7,944.23,948.75,0.48,
2203,2011-06-01,20,2011-06-20,2011-06-30,0,2011-06-30,8,902.23,952.97,5.62,
2203,2011-07-01,20,2011-07-20,2011-07-29,0,2011-07-29,7,1053.28,1070.39,1.62,
2203,2011-08-01,20,2011-08-19,2011-08-31,0,2011-08-31,8,954.82,987.9,3.46,
2203,2011-09-01,20,2011-09-20,2011-09-30,0,2011-09-30,8,943.13,916.17,-2.86,
2203,2011-10-01,20,2011-10-20,2011-10-31,0,2011-10-31,7,945.33,983.8,4.07,
2203,2011-11-01,20,2011-11-18,2011-11-30,0,2011-11-30,8,992.04,973.91,-1.83,
2203,2011-12-01,20,2011-12-20,2011-12-29,0,2011-12-29,7,954.84,965.62,1.13,
2203,2012-01-01,20,2012-01-20,2012-01-31,0,2012-01-31,5,972.07,966.47,-0.58,
2203,2012-02-01,20,2012-02-20,2012-02-29,0,2012-02-29,7,986.35,988.15,0.18,
2203,2012-03-01,20,2012-03-20,2012-03-30,0,2012-03-30,8,965.68,943.42,-2.31,
2203,2012-04-01,20,2012-04-20,2012-04-30,0,2012-04-30,6,903.9,864.72,-4.33,
2203,2012-05-01,20,2012-05-18,2012-05-31,0,2012-05-31,8,830.79,873.73,5.17,
2203,2012-06-01,20,2012-06-20,2012-06-29,0,2012-06-29,7,881.26,882.8,0.17,
2203,2012-07-01,20,2012-07-20,2012-07-31,0,2012-07-31,7,864.18,841.13,-2.67,
2203,2012-08-01,20,2012-08-20,2012-08-31,0,2012-08-31,9,887.23,922.68,4.0,
2203,2012-09-01,20,2012-09-20,2012-09-28,0,2012-09-28,6,935.57,925.14,-1.11,
2203,2012-10-01,20,2012-10-19,2012-10-31,0,2012-10-31,8,908.68,893.42,-1.68,
2203,2012-11-01,20,2012-11-20,2012-11-30,0,2012-11-30,8,876.06,876.85,0.09,
2203,2012-12-01,20,2012-12-20,2012-12-28,0,2012-12-28,5,843.06,880.2,4.41,
2203,2013-01-01,20,2013-01-18,2013-01-31,0,2013-01-31,9,903.14,883.56,-2.17,
2203,2013-02-01,20,2013-02-20,2013-02-28,0,2013-02-28,6,925.18,944.37,2.07,
2203,2013-03-01,20,2013-03-20,2013-03-29,0,2013-03-29,7,963.31,973.03,1.01,
2203,2013-04-01,20,2013-04-19,2013-04-30,0,2013-04-30,7,934.98,962.25,2.92,
2203,2013-05-01,20,2013-05-20,2013-05-31,0,2013-05-31,9,961.87,980.29,1.92,
2203,2013-06-01,20,2013-06-20,2013-06-28,0,2013-06-28,6,887.47,886.36,-0.13,
2203,2013-07-01,20,2013-07-19,2013-07-31,0,2013-07-31,8,925.8,961.94,3.9,
2203,2013-08-01,20,2013-08-20,2013-08-30,0,2013-08-30,8,926.68,874.7,-5.61,
2203,2013-09-01,20,2013-09-17,2013-09-30,0,2013-09-30,6,897.78,917.72,2.22,
2203,2013-10-01,20,2013-10-18,2013-10-31,0,2013-10-31,9,900.15,910.62,1.16,
2203,2013-11-01,20,2013-11-20,2013-11-29,0,2013-11-29,7,859.89,885.35,2.96,
2203,2013-12-01,20,2013-12-20,2013-12-30,0,2013-12-30,5,833.68,855.88,2.66,
2203,2014-01-01,20,2014-01-20,2014-01-29,0,2014-01-29,7,891.07,884.82,-0.7,
2203,2014-02-01,20,2014-02-20,2014-02-28,0,2014-02-28,6,894.1,896.99,0.32,
2203,2014-03-01,20,2014-03-20,2014-03-31,0,2014-03-31,7,904.97,903.93,-0.11,
2203,2014-04-01,20,2014-04-18,2014-04-30,0,2014-04-30,8,954.09,933.77,-2.13,
2203,2014-05-01,20,2014-05-20,2014-05-30,0,2014-05-30,8,896.51,900.98,0.5,
2203,2014-06-01,20,2014-06-20,2014-06-30,0,2014-06-30,6,881.12,885.49,0.5,
2203,2014-07-01,20,2014-07-18,2014-07-31,0,2014-07-31,9,913.19,877.17,-3.94,
2203,2014-08-01,20,2014-08-20,2014-08-29,0,2014-08-29,7,934.18,944.48,1.1,
2203,2014-09-01,20,2014-09-19,2014-09-30,0,2014-09-30,7,963.17,954.34,-0.92,
2203,2014-10-01,20,2014-10-20,2014-10-31,0,2014-10-31,9,917.07,920.41,0.36,
2203,2014-11-01,20,2014-11-20,2014-11-28,0,2014-11-28,6,884.39,896.82,1.41,
2203,2014-12-01,20,2014-12-19,2014-12-30,0,2014-12-30,6,879.96,894.44,1.65,
2203,2015-01-01,20,2015-01-20,2015-01-30,0,2015-01-30,8,954.21,965.87,1.22,
2203,2015-02-01,20,2015-02-17,2015-02-27,0,2015-02-27,5,1002.35,1021.6,1.92,
2203,2015-03-01,20,2015-03-20,2015-03-31,0,2015-03-31,7,1039.74,1050.12,1.0,
2203,2015-04-01,20,2015-04-20,2015-04-30,0,2015-04-30,8,1135.4,1104.2,-2.75,
2203,2015-05-01,20,2015-05-20,2015-05-29,0,2015-05-29,6,1151.61,1129.76,-1.9,
2203,2015-06-01,20,2015-06-19,2015-06-30,0,2015-06-30,7,1187.87,1199.46,0.98,
2203,2015-07-01,20,2015-07-20,2015-07-31,0,2015-07-31,9,1267.53,1163.36,-8.22,
2203,2015-08-01,20,2015-08-20,2015-08-31,0,2015-08-31,7,1063.31,1115.31,4.89,
2203,2015-09-01,20,2015-09-18,2015-09-30,0,2015-09-30,6,1110.78,1068.35,-3.82,
2203,2015-10-01,20,2015-10-20,2015-10-30,0,2015-10-30,8,1076.33,1069.95,-0.59,
2203,2015-11-01,20,2015-11-20,2015-11-30,0,2015-11-30,6,1097.52,1102.28,0.43,
2203,2015-12-01,20,2015-12-18,2015-12-30,0,2015-12-30,7,1057.22,1095.46,3.62,
2203,2016-01-01,20,2016-01-20,2016-01-29,0,2016-01-29,7,1114.61,1128.24,1.22,
2203,2016-02-01,20,2016-02-19,2016-02-29,0,2016-02-29,6,1036.99,1045.53,0.82,
2203,2016-03-01,20,2016-03-18,2016-03-31,0,2016-03-31,9,1098.44,1073.68,-2.25,
2203,2016-04-01,20,2016-04-20,2016-04-29,0,2016-04-29,7,1077.71,1065.27,-1.15,
2203,2016-05-01,20,2016-05-20,2016-05-31,0,2016-05-31,7,1041.16,1068.73,2.65,
2203,2016-06-01,20,2016-06-20,2016-06-30,0,2016-06-30,8,1045.71,1032.75,-1.24,
2203,2016-07-01,20,2016-07-20,2016-07-29,0,2016-07-29,7,1062.59,1058.0,-0.43,
2203,2016-08-01,20,2016-08-19,2016-08-31,0,2016-08-31,8,1048.21,997.9,-4.8,
2203,2016-09-01,20,2016-09-20,2016-09-30,0,2016-09-30,8,1011.26,1010.18,-0.11,
2203,2016-10-01,20,2016-10-20,2016-10-31,0,2016-10-31,7,970.61,939.76,-3.18,
2203,2016-11-01,20,2016-11-18,2016-11-30,0,2016-11-30,8,922.81,892.08,-3.33,
2203,2016-12-01,20,2016-12-20,2016-12-29,0,2016-12-29,7,907.72,936.09,3.13,
2203,2017-01-01,20,2017-01-20,2017-01-31,0,2017-01-31,5,915.18,904.84,-1.13,
2203,2017-02-01,20,2017-02-20,2017-02-28,0,2017-02-28,6,923.58,916.75,-0.74,
2203,2017-03-01,20,2017-03-20,2017-03-31,0,2017-03-31,9,895.6,921.26,2.87,
2203,2017-04-01,20,2017-04-20,2017-04-28,0,2017-04-28,6,953.92,940.33,-1.42,
2203,2017-05-01,20,2017-05-19,2017-05-31,0,2017-05-31,8,969.06,988.04,1.96,
2203,2017-06-01,20,2017-06-20,2017-06-30,0,2017-06-30,8,1030.12,1031.51,0.13,
2203,2017-07-01,20,2017-07-20,2017-07-31,0,2017-07-31,7,1045.13,1008.63,-3.49,
2203,2017-08-01,20,2017-08-18,2017-08-31,0,2017-08-31,9,1006.4,1034.49,2.79,
2203,2017-09-01,20,2017-09-20,2017-09-29,0,2017-09-29,7,1087.41,1074.79,-1.16,
2203,2017-10-01,20,2017-10-20,2017-10-31,0,2017-10-31,7,1153.93,1196.86,3.72,
2203,2017-11-01,20,2017-11-20,2017-11-30,0,2017-11-30,8,1427.15,1348.84,-5.49,
2203,2017-12-01,20,2017-12-20,2017-12-28,0,2017-12-28,5,1285.93,1413.8,9.94,
2203,2018-01-01,20,2018-01-19,2018-01-31,0,2018-01-31,8,1606.79,1664.36,3.58,
2203,2018-02-01,20,2018-02-20,2018-02-28,0,2018-02-28,6,1544.76,1535.3,-0.61,
2203,2018-03-01,20,2018-03-20,2018-03-30,0,2018-03-30,8,1613.92,1551.48,-3.87,
2203,2018-04-01,20,2018-04-20,2018-04-30,0,2018-04-30,6,1530.6,1495.09,-2.32,
2203,2018-05-01,20,2018-05-18,2018-05-31,0,2018-05-31,8,1453.9,1491.9,2.61,
2203,2018-06-01,20,2018-06-20,2018-06-29,0,2018-06-29,7,1419.74,1391.83,-1.97,
2203,2018-07-01,20,2018-07-20,2018-07-31,0,2018-07-31,7,1322.35,1265.58,-4.29,
2203,2018-08-01,20,2018-08-20,2018-08-31,0,2018-08-31,9,1266.92,1376.46,8.65,
2203,2018-09-01,20,2018-09-20,2018-09-28,0,2018-09-28,3,1410.28,1411.73,0.1,
2203,2018-10-01,20,2018-10-19,2018-10-31,0,2018-10-31,8,1274.33,1124.49,-11.76,
2203,2018-11-01,20,2018-11-20,2018-11-30,0,2018-11-30,8,1173.45,1186.63,1.12,
2203,2018-12-01,20,2018-12-20,2018-12-28,0,2018-12-28,5,1149.36,1166.25,1.47,
2203,2019-01-01,20,2019-01-18,2019-01-31,0,2019-01-31,9,1148.06,1191.47,3.78,
2203,2019-02-01,20,2019-02-20,2019-02-28,0,2019-02-28,6,1253.83,1235.26,-1.48,
2203,2019-03-01,20,2019-03-20,2019-03-29,0,2019-03-29,7,1232.31,1193.9,-3.12,
2203,2019-04-01,20,2019-04-19,2019-04-30,0,2019-04-30,7,1219.08,1207.56,-0.94,
2203,2019-05-01,20,2019-05-20,2019-05-31,0,2019-05-31,9,1088.39,1075.28,-1.2,
2203,2019-06-01,20,2019-06-20,2019-06-28,0,2019-06-28,6,1095.12,1012.74,-7.52,
2203,2019-07-01,20,2019-07-19,2019-07-31,0,2019-07-31,8,1002.13,939.73,-6.23,
2203,2019-08-01,20,2019-08-20,2019-08-30,0,2019-08-30,8,875.23,891.39,1.85,
2203,2019-09-01,20,2019-09-20,2019-09-30,0,2019-09-30,6,946.16,894.36,-5.47,
2203,2019-10-01,20,2019-10-18,2019-10-31,0,2019-10-31,9,966.74,1016.62,5.16,
2203,2019-11-01,20,2019-11-20,2019-11-29,0,2019-11-29,7,981.04,946.89,-3.48,
2203,2019-12-01,20,2019-12-20,2019-12-30,0,2019-12-30,5,980.13,1029.57,5.04,
2203,2020-01-01,20,2020-01-20,2020-01-31,0,2020-01-31,7,1026.28,958.52,-6.6,
2203,2020-02-01,20,2020-02-20,2020-02-28,0,2020-02-28,6,1013.51,927.48,-8.49,
2203,2020-03-01,20,2020-03-20,2020-03-31,0,2020-03-31,7,769.56,916.5,19.09,
2203,2020-04-01,20,2020-04-20,2020-04-29,0,2020-04-29,7,989.9,992.7,0.28,
2203,2020-05-01,20,2020-05-20,2020-05-29,0,2020-05-29,7,1081.83,1093.38,1.07,
2203,2020-06-01,20,2020-06-19,2020-06-30,0,2020-06-30,7,1166.92,1167.14,0.02,
2203,2020-07-01,20,2020-07-20,2020-07-31,0,2020-07-31,9,1222.5,1277.58,4.51,
2203,2020-08-01,20,2020-08-20,2020-08-31,0,2020-08-31,7,1251.02,1336.94,6.87,
2203,2020-09-01,20,2020-09-18,2020-09-29,0,2020-09-29,7,1387.42,1310.49,-5.54,
2203,2020-10-01,20,2020-10-20,2020-10-30,0,2020-10-30,8,1252.93,1203.73,-3.93,
2203,2020-11-01,20,2020-11-20,2020-11-30,0,2020-11-30,6,1319.52,1348.49,2.2,
2203,2020-12-01,20,2020-12-18,2020-12-30,0,2020-12-30,7,1492.39,1532.52,2.69,
2203,2021-01-01,20,2021-01-20,2021-01-29,0,2021-01-29,7,1496.21,1427.72,-4.58,
2203,2021-02-01,20,2021-02-19,2021-02-26,0,2021-02-26,5,1440.85,1363.12,-5.39,
2203,2021-03-01,20,2021-03-19,2021-03-31,0,2021-03-31,8,1430.71,1423.2,-0.52,
2203,2021-04-01,20,2021-04-20,2021-04-30,0,2021-04-30,8,1511.63,1405.47,-7.02,
2203,2021-05-01,20,2021-05-20,2021-05-31,0,2021-05-31,7,1391.37,1399.6,0.59,
2203,2021-06-01,20,2021-06-18,2021-06-30,0,2021-06-30,8,1448.06,1464.08,1.11,
2203,2021-07-01,20,2021-07-20,2021-07-30,0,2021-07-30,8,1483.09,1452.86,-2.04,
2203,2021-08-01,20,2021-08-20,2021-08-31,0,2021-08-31,7,1406.36,1512.05,7.52,
2203,2021-09-01,20,2021-09-17,2021-09-30,0,2021-09-30,6,1536.65,1475.06,-4.01,
2203,2021-10-01,20,2021-10-20,2021-10-29,0,2021-10-29,7,1459.85,1444.19,-1.07,
2203,2021-11-01,20,2021-11-19,2021-11-30,0,2021-11-30,7,1544.08,1448.84,-6.17,
2203,2021-12-01,20,2021-12-20,2021-12-30,0,2021-12-30,8,1468.65,1524.21,3.78,
2203,2022-01-01,20,2022-01-20,2022-01-28,0,2022-01-28,6,1377.8,1244.9,-9.65,
2203,2022-02-01,20,2022-02-18,2022-02-28,0,2022-02-28,6,1244.51,1257.14,1.01,
2203,2022-03-01,20,2022-03-18,2022-03-31,0,2022-03-31,9,1323.25,1332.65,0.71,
2203,2022-04-01,20,2022-04-20,2022-04-29,0,2022-04-29,7,1295.08,1261.29,-2.61,
2203,2022-05-01,20,2022-05-20,2022-05-31,0,2022-05-31,7,1256.22,1269.22,1.03,
2203,2022-06-01,20,2022-06-20,2022-06-30,0,2022-06-30,8,1100.66,1056.42,-4.02,
2203,2022-07-01,20,2022-07-20,2022-07-29,0,2022-07-29,7,1135.34,1151.8,1.45,
2203,2022-08-01,20,2022-08-19,2022-08-31,0,2022-08-31,8,1168.45,1155.03,-1.15,
2203,2022-09-01,20,2022-09-20,2022-09-30,0,2022-09-30,8,1067.78,956.48,-10.42,
2203,2022-10-01,20,2022-10-20,2022-10-31,0,2022-10-31,7,961.72,1006.82,4.69,
2203,2022-11-01,20,2022-11-18,2022-11-30,0,2022-11-30,8,1051.11,1038.42,-1.21,
2203,2022-12-01,20,2022-12-20,2022-12-29,0,2022-12-29,7,988.32,957.78,-3.09,
2203,2023-01-01,20,2023-01-20,2023-01-31,0,2023-01-31,5,992.23,1021.6,2.96,
2203,2023-02-01,20,2023-02-20,2023-02-28,0,2023-02-28,6,1145.86,1143.05,-0.25,
2203,2023-03-01,20,2023-03-20,2023-03-31,0,2023-03-31,9,1175.94,1260.21,7.17,
2203,2023-04-01,20,2023-04-20,2023-04-28,0,2023-04-28,6,1333.72,1299.28,-2.58,
2203,2023-05-01,20,2023-05-19,2023-05-31,0,2023-05-31,7,1266.77,1308.65,3.31,
2203,2023-06-01,20,2023-06-20,2023-06-30,0,2023-06-30,8,1357.97,1322.36,-2.62,
2203,2023-07-01,20,2023-07-20,2023-07-31,0,2023-07-31,7,1488.7,1551.24,4.2,
2203,2023-08-01,20,2023-08-18,2023-08-31,0,2023-08-31,9,1406.28,1483.08,5.46,
2203,2023-09-01,20,2023-09-20,2023-09-27,0,2023-09-27,5,1386.27,1321.64,-4.66,
2203,2023-10-01,20,2023-10-20,2023-10-31,0,2023-10-31,7,1214.74,1147.92,-5.5,
2203,2023-11-01,20,2023-11-20,2023-11-30,0,2023-11-30,8,1287.66,1323.92,2.82,
2203,2023-12-01,20,2023-12-20,2023-12-28,0,2023-12-28,5,1395.37,1393.46,-0.14,
2203,2024-01-01,20,2024-01-19,2024-01-31,0,2024-01-31,8,1305.85,1241.75,-4.91,
2203,2024-02-01,20,2024-02-20,2024-02-29,0,2024-02-29,7,1367.91,1402.26,2.51,
2203,2024-03-01,20,2024-03-20,2024-03-29,0,2024-03-29,7,1482.53,1520.44,2.56,
2203,2024-04-01,20,2024-04-19,2024-04-30,0,2024-04-30,7,1390.01,1442.22,3.76,
2203,2024-05-01,20,2024-05-20,2024-05-31,0,2024-05-31,9,1348.68,1338.55,-0.75,
2203,2024-06-01,20,2024-06-20,2024-06-28,0,2024-06-28,6,1381.97,1361.54,-1.48,
2203,2024-07-01,20,2024-07-19,2024-07-31,0,2024-07-31,8,1381.9,1338.75,-3.12,
2203,2024-08-01,20,2024-08-20,2024-08-30,0,2024-08-30,8,1321.07,1294.69,-2.0,
2203,2024-09-01,20,2024-09-20,2024-09-30,0,2024-09-30,6,1265.07,1288.34,1.84,
2203,2024-10-01,20,2024-10-18,2024-10-31,0,2024-10-31,9,1270.91,1273.29,0.19,
2203,2024-11-01,20,2024-11-20,2024-11-29,0,2024-11-29,7,1164.08,1133.83,-2.6,
2203,2024-12-01,20,2024-12-20,2024-12-30,0,2024-12-30,5,1097.7,1129.8,2.92,
2203,2025-01-01,20,2025-01-20,2025-01-31,0,2025-01-31,5,1216.74,1233.16,1.35,
2203,2025-02-01,20,2025-02-20,2025-02-28,0,2025-02-28,6,1298.81,1262.71,-2.78,
2203,2025-03-01,20,2025-03-20,2025-03-31,0,2025-03-31,7,1210.9,1112.89,-8.09,
2203,2025-04-01,20,2025-04-18,2025-04-30,0,2025-04-30,8,1180.25,1169.69,-0.89,
2203,2025-05-01,20,2025-05-20,2025-05-30,0,2025-05-30,8,1144.07,1194.26,4.39,
2203,2025-06-01,20,2025-06-20,2025-06-30,0,2025-06-30,6,1288.22,1267.13,-1.64,
2203,2025-07-01,20,2025-07-18,2025-07-31,0,2025-07-31,9,1381.13,1352.23,-2.09,
2203,2025-08-01,20,2025-08-20,2025-08-29,0,2025-08-29,7,1315.99,1336.98,1.59,
2203,2025-09-01,20,2025-09-19,2025-09-30,0,2025-09-30,7,1445.48,1407.18,-2.65,
2203,2025-10-01,20,2025-10-20,2025-10-31,0,2025-10-31,9,1479.5,1549.34,4.72,
2203,2025-11-01,20,2025-11-20,2025-11-28,0,2025-11-28,6,1574.54,1595.3,1.32,
2203,2025-12-01,20,2025-12-19,2025-12-30,0,2025-12-30,6,1533.99,1547.32,0.87,
2203,2026-01-01,20,2026-01-20,2026-01-30,0,2026-01-30,8,1626.69,2052.25,26.16,
2203,2026-02-01,20,2026-02-20,2026-02-27,0,2026-02-27,5,2025.08,2116.6,4.52,
2203,2026-03-01,20,2026-03-20,2026-03-31,0,2026-03-31,7,2023.33,1826.22,-9.74,
2203,2026-04-01,20,2026-04-20,2026-04-30,0,2026-04-30,8,1982.68,1999.32,0.84,
2203,2026-05-01,20,2026-05-20,2026-05-29,0,2026-05-29,6,1773.46,1883.33,6.2,
2203,2026-06-01,20,2026-06-19,2026-06-30,0,2026-06-30,7,1722.28,1662.95,-3.44,
2203,2026-07-01,20,2026-07-20,2026-07-31,0,2026-07-31,9,1274.73,1214.6,-4.72,
2203,2026-08-01,20,2026-08-20,2026-08-31,0,2026-08-31,7,1471.82,1444.04,-1.89,
2001,1996-07-01,20,1996-07-20,1996-07-31,0,1996-07-31,9,1111.0,1141.3,2.73,
2001,1996-08-01,20,1996-08-20,1996-08-31,0,1996-08-31,10,1157.3,1155.3,-0.17,
2001,1996-09-01,20,1996-09-20,1996-09-30,0,1996-09-30,5,1184.4,1168.8,-1.32,
2001,1996-10-01,20,1996-10-19,1996-10-31,0,1996-10-31,10,1200.2,1223.5,1.94,
2001,1996-11-01,20,1996-11-20,1996-11-30,0,1996-11-30,8,1277.8,1272.7,-0.4,
2001,1996-12-01,20,1996-12-20,1996-12-27,0,1996-12-27,5,1207.8,1204.7,-0.26,
2001,1997-01-01,20,1997-01-20,1997-01-31,0,1997-01-31,10,1200.0,1207.9,0.66,
2001,1997-02-01,20,1997-02-20,1997-02-28,0,1997-02-28,7,1194.7,1183.5,-0.94,
2001,1997-03-01,20,1997-03-20,1997-03-31,0,1997-03-31,9,1159.2,1204.7,3.93,
2001,1997-04-01,20,1997-04-19,1997-04-30,0,1997-04-30,9,1243.8,1252.9,0.73,
2001,1997-05-01,20,1997-05-20,1997-05-31,0,1997-05-31,10,1268.8,1308.1,3.1,
2001,1997-06-01,20,1997-06-20,1997-06-30,0,1997-06-30,8,1340.3,1331.1,-0.69,
2001,1997-07-01,20,1997-07-19,1997-07-31,0,1997-07-31,10,1311.4,1331.3,1.52,
2001,1997-08-01,20,1997-08-20,1997-08-30,0,1997-08-30,9,1345.2,1340.1,-0.38,
2001,1997-09-01,20,1997-09-20,1997-09-30,0,1997-09-30,8,1344.9,1327.4,-1.3,
2001,1997-10-01,20,1997-10-20,1997-10-31,0,1997-10-31,10,1248.8,1204.3,-3.56,
2001,1997-11-01,20,1997-11-20,1997-11-29,0,1997-11-29,8,1179.0,1098.1,-6.86,
2001,1997-12-01,20,1997-12-20,1997-12-27,0,1997-12-27,5,985.5,972.5,-1.32,
2001,1998-01-01,20,1998-01-20,1998-01-31,0,1998-01-31,7,1000.5,1031.2,3.07,
2001,1998-02-01,20,1998-02-20,1998-02-28,0,1998-02-28,7,989.3,1032.7,4.39,
2001,1998-03-01,20,1998-03-20,1998-03-31,0,1998-03-31,9,1028.5,1030.6,0.2,
2001,1998-04-01,20,1998-04-20,1998-04-30,0,1998-04-30,9,930.7,906.0,-2.65,
2001,1998-05-01,20,1998-05-20,1998-05-30,0,1998-05-30,9,850.2,782.9,-7.92,
2001,1998-06-01,20,1998-06-20,1998-06-30,0,1998-06-30,8,770.8,746.7,-3.13,
2001,1998-07-01,20,1998-07-20,1998-07-31,0,1998-07-31,10,729.6,698.1,-4.32,
2001,1998-08-01,20,1998-08-20,1998-08-31,0,1998-08-31,9,662.3,637.6,-3.73,
2001,1998-09-01,20,1998-09-19,1998-09-30,0,1998-09-30,9,614.5,610.3,-0.68,
2001,1998-10-01,20,1998-10-20,1998-10-31,0,1998-10-31,10,618.0,639.4,3.46,
2001,1998-11-01,20,1998-11-20,1998-11-30,0,1998-11-30,8,622.5,641.3,3.02,
2001,1998-12-01,20,1998-12-18,1998-12-28,0,1998-12-28,5,699.5,751.8,7.48,
2001,1999-01-01,20,1999-01-20,1999-01-29,0,1999-01-29,7,759.6,761.6,0.26,
2001,1999-02-01,20,1999-02-19,1999-02-26,0,1999-02-26,5,738.5,723.0,-2.1,
2001,1999-03-01,20,1999-03-19,1999-03-31,0,1999-03-31,8,778.7,797.9,2.47,
2001,1999-04-01,20,1999-04-20,1999-04-30,0,1999-04-30,8,1125.2,1191.0,5.85,
2001,1999-05-01,20,1999-05-20,1999-05-31,0,1999-05-31,7,1244.2,1454.8,16.93,
2001,1999-06-01,20,1999-06-18,1999-06-30,0,1999-06-30,8,1777.7,1795.5,1.0,
2001,1999-07-01,20,1999-07-20,1999-07-30,0,1999-07-30,8,2148.1,1929.7,-10.17,
2001,1999-08-01,20,1999-08-20,1999-08-31,0,1999-08-31,7,1801.6,2009.6,11.55,
2001,1999-09-01,20,1999-09-20,1999-09-30,0,1999-09-30,6,1738.7,1571.2,-9.63,
2001,1999-10-01,20,1999-10-20,1999-10-29,0,1999-10-29,7,1714.3,1793.8,4.64,
2001,1999-11-01,20,1999-11-19,1999-11-30,0,1999-11-30,7,2183.3,2292.0,4.98,
2001,1999-12-01,20,1999-12-20,1999-12-28,0,1999-12-28,6,2444.8,2561.4,4.77,
2001,2000-01-01,20,2000-01-20,2000-01-31,0,2000-01-31,7,1896.3,1903.7,0.39,
2001,2000-02-01,20,2000-02-18,2000-02-29,0,2000-02-29,7,2644.8,2663.7,0.71,
2001,2000-03-01,20,2000-03-20,2000-03-31,0,2000-03-31,9,2308.2,2212.7,-4.14,
2001,2000-04-01,20,2000-04-20,2000-04-28,0,2000-04-28,6,1686.8,1581.8,-6.22,
2001,2000-05-01,20,2000-05-19,2000-05-31,0,2000-05-31,8,1350.0,1441.5,6.78,
2001,2000-06-01,20,2000-06-20,2000-06-30,0,2000-06-30,8,1461.2,1518.6,3.93,
2001,2000-07-01,20,2000-07-20,2000-07-31,0,2000-07-31,7,1251.5,1158.0,-7.47,
2001,2000-08-01,20,2000-08-18,2000-08-31,0,2000-08-31,9,1148.6,1085.9,-5.46,
2001,2000-09-01,20,2000-09-20,2000-09-29,0,2000-09-29,7,872.3,901.7,3.37,
2001,2000-10-01,20,2000-10-20,2000-10-31,0,2000-10-31,7,826.2,746.8,-9.61,
2001,2000-11-01,20,2000-11-20,2000-11-30,0,2000-11-30,8,801.7,672.6,-16.1,
2001,2000-12-01,20,2000-12-20,2000-12-26,0,2000-12-26,3,589.8,525.8,-10.85,
2001,2001-01-01,20,2001-01-19,2001-01-31,0,2001-01-31,5,772.1,843.6,9.26,
2001,2001-02-01,20,2001-02-20,2001-02-28,0,2001-02-28,6,876.5,767.6,-12.42,
2001,2001-03-01,20,2001-03-20,2001-03-30,0,2001-03-30,8,713.5,684.3,-4.09,
2001,2001-04-01,20,2001-04-20,2001-04-30,0,2001-04-30,6,735.0,789.7,7.44,
2001,2001-05-01,20,2001-05-18,2001-05-31,0,2001-05-31,9,830.3,813.5,-2.02,
2001,2001-06-01,20,2001-06-20,2001-06-29,0,2001-06-29,7,788.3,768.7,-2.49,
2001,2001-07-01,20,2001-07-20,2001-07-31,0,2001-07-31,7,670.8,680.9,1.51,
2001,2001-08-01,20,2001-08-20,2001-08-31,0,2001-08-31,9,679.7,618.4,-9.02,
2001,2001-09-01,20,2001-09-20,2001-09-28,0,2001-09-28,6,493.6,516.4,4.62,
2001,2001-10-01,20,2001-10-19,2001-10-31,0,2001-10-31,8,620.6,625.5,0.79,
2001,2001-11-01,20,2001-11-20,2001-11-30,0,2001-11-30,8,686.8,705.2,2.68,
2001,2001-12-01,20,2001-12-20,2001-12-28,0,2001-12-28,5,698.4,722.1,3.39,
2001,2002-01-01,20,2002-01-18,2002-01-31,0,2002-01-31,9,720.2,773.6,7.41,
2001,2002-02-01,20,2002-02-20,2002-02-28,0,2002-02-28,6,756.7,787.1,4.02,
2001,2002-03-01,20,2002-03-20,2002-03-29,0,2002-03-29,7,916.6,927.3,1.17,
2001,2002-04-01,20,2002-04-19,2002-04-30,0,2002-04-30,7,858.8,733.4,-14.6,
2001,2002-05-01,20,2002-05-20,2002-05-31,0,2002-05-31,9,793.5,697.8,-12.06,
2001,2002-06-01,20,2002-06-20,2002-06-28,0,2002-06-28,6,657.7,608.5,-7.48,
2001,2002-07-01,20,2002-07-19,2002-07-31,0,2002-07-31,8,631.4,586.2,-7.16,
2001,2002-08-01,20,2002-08-20,2002-08-30,0,2002-08-30,8,591.5,591.1,-0.07,
2001,2002-09-01,20,2002-09-19,2002-09-30,0,2002-09-30,6,536.8,467.1,-12.98,
2001,2002-10-01,20,2002-10-18,2002-10-31,0,2002-10-31,9,502.1,480.5,-4.3,
2001,2002-11-01,20,2002-11-20,2002-11-29,0,2002-11-29,7,480.1,519.0,8.1,
2001,2002-12-01,20,2002-12-20,2002-12-30,0,2002-12-30,5,517.6,443.6,-14.3,
2001,2003-01-01,20,2003-01-20,2003-01-30,0,2003-01-30,8,473.3,433.9,-8.32,
2001,2003-02-01,20,2003-02-20,2003-02-28,0,2003-02-28,6,437.9,417.8,-4.59,
2001,2003-03-01,20,2003-03-20,2003-03-31,0,2003-03-31,7,391.4,377.7,-3.5,
2001,2003-04-01,20,2003-04-18,2003-04-30,0,2003-04-30,8,448.3,428.0,-4.53,
2001,2003-05-01,20,2003-05-20,2003-05-30,0,2003-05-30,8,439.6,471.8,7.32,
2001,2003-06-01,20,2003-06-20,2003-06-30,0,2003-06-30,6,508.0,497.5,-2.07,
2001,2003-07-01,20,2003-07-18,2003-07-31,0,2003-07-31,9,506.0,493.3,-2.51,
2001,2003-08-01,20,2003-08-20,2003-08-29,0,2003-08-29,7,487.8,495.4,1.56,
2001,2003-09-01,20,2003-09-19,2003-09-30,0,2003-09-30,7,483.7,448.6,-7.26,
2001,2003-10-01,20,2003-10-20,2003-10-31,0,2003-10-31,9,477.0,463.8,-2.77,
2001,2003-11-01,20,2003-11-20,2003-11-28,0,2003-11-28,6,459.7,458.4,-0.28,
2001,2003-12-01,20,2003-12-19,2003-12-30,0,2003-12-30,6,454.5,448.7,-1.28,
2001,2004-01-01,20,2004-01-20,2004-01-30,0,2004-01-30,5,445.7,441.45,-0.95,
2001,2004-02-01,20,2004-02-20,2004-02-27,0,2004-02-27,5,443.31,428.68,-3.3,
2001,2004-03-01,20,2004-03-19,2004-03-31,0,2004-03-31,8,435.96,434.16,-0.41,
2001,2004-04-01,20,2004-04-20,2004-04-30,0,2004-04-30,8,465.02,453.47,-2.48,
2001,2004-05-01,20,2004-05-20,2004-05-31,0,2004-05-31,6,385.32,400.92,4.05,
2001,2004-06-01,20,2004-06-18,2004-06-30,0,2004-06-30,8,370.2,385.18,4.05,
2001,2004-07-01,20,2004-07-20,2004-07-30,0,2004-07-30,8,354.26,331.21,-6.51,
2001,2004-08-01,20,2004-08-20,2004-08-31,0,2004-08-31,7,350.63,355.66,1.43,
2001,2004-09-01,20,2004-09-20,2004-09-30,0,2004-09-30,5,372.93,362.08,-2.91,
2001,2004-10-01,20,2004-10-20,2004-10-29,0,2004-10-29,7,362.65,357.04,-1.55,
2001,2004-11-01,20,2004-11-19,2004-11-30,0,2004-11-30,7,372.53,373.43,0.24,
2001,2004-12-01,20,2004-12-20,2004-12-30,0,2004-12-30,8,382.71,380.33,-0.62,
2001,2005-01-01,20,2005-01-20,2005-01-31,0,2005-01-31,7,450.63,472.95,4.95,
2001,2005-02-01,20,2005-02-18,2005-02-28,0,2005-02-28,6,510.66,498.38,-2.4,
2001,2005-03-01,20,2005-03-18,2005-03-31,0,2005-03-31,9,465.48,455.03,-2.24,
2001,2005-04-01,20,2005-04-20,2005-04-29,0,2005-04-29,7,442.2,424.4,-4.03,
2001,2005-05-01,20,2005-05-20,2005-05-31,0,2005-05-31,7,445.86,471.48,5.75,
2001,2005-06-01,20,2005-06-20,2005-06-30,0,2005-06-30,8,489.2,503.21,2.86,
2001,2005-07-01,20,2005-07-20,2005-07-29,0,2005-07-29,7,521.68,546.68,4.79,
2001,2005-08-01,20,2005-08-19,2005-08-31,0,2005-08-31,8,509.21,503.95,-1.03,
2001,2005-09-01,20,2005-09-20,2005-09-30,0,2005-09-30,8,543.59,571.95,5.22,
2001,2005-10-01,20,2005-10-20,2005-10-31,0,2005-10-31,7,574.61,587.46,2.24,
2001,2005-11-01,20,2005-11-18,2005-11-30,0,2005-11-30,8,661.42,712.39,7.71,
2001,2005-12-01,20,2005-12-20,2005-12-29,0,2005-12-29,7,718.74,701.79,-2.36,
2001,2006-01-01,20,2006-01-20,2006-01-31,0,2006-01-31,6,665.31,690.24,3.75,
2001,2006-02-01,20,2006-02-20,2006-02-28,0,2006-02-28,6,656.66,682.36,3.91,
2001,2006-03-01,20,2006-03-20,2006-03-31,0,2006-03-31,9,655.91,665.21,1.42,
2001,2006-04-01,20,2006-04-20,2006-04-28,0,2006-04-28,6,694.12,685.44,-1.25,
2001,2006-05-01,20,2006-05-19,2006-05-30,0,2006-05-30,7,658.56,630.5,-4.26,
2001,2006-06-01,20,2006-06-20,2006-06-30,0,2006-06-30,8,564.78,590.68,4.59,
2001,2006-07-01,20,2006-07-20,2006-07-31,0,2006-07-31,7,553.91,557.66,0.68,
2001,2006-08-01,20,2006-08-18,2006-08-31,0,2006-08-31,9,551.91,572.83,3.79,
2001,2006-09-01,20,2006-09-20,2006-09-29,0,2006-09-29,7,613.13,600.42,-2.07,
2001,2006-10-01,20,2006-10-20,2006-10-31,0,2006-10-31,7,582.65,586.1,0.59,
2001,2006-11-01,20,2006-11-20,2006-11-30,0,2006-11-30,8,608.24,622.17,2.29,
2001,2006-12-01,20,2006-12-20,2006-12-28,0,2006-12-28,5,614.27,606.15,-1.32,
2001,2007-01-01,20,2007-01-19,2007-01-31,0,2007-01-31,8,583.62,576.37,-1.24,
2001,2007-02-01,20,2007-02-20,2007-02-28,0,2007-02-28,6,607.48,600.93,-1.08,
2001,2007-03-01,20,2007-03-20,2007-03-30,0,2007-03-30,8,645.37,648.99,0.56,
2001,2007-04-01,20,2007-04-20,2007-04-30,0,2007-04-30,6,691.56,675.88,-2.27,
2001,2007-05-01,20,2007-05-18,2007-05-31,0,2007-05-31,8,711.08,747.87,5.17,
2001,2007-06-01,20,2007-06-20,2007-06-29,0,2007-06-29,7,797.27,778.69,-2.33,
2001,2007-07-01,20,2007-07-20,2007-07-31,0,2007-07-31,7,825.33,811.52,-1.67,
2001,2007-08-01,20,2007-08-20,2007-08-31,0,2007-08-31,9,721.59,775.13,7.42,
2001,2007-09-01,20,2007-09-20,2007-09-28,0,2007-09-28,3,781.96,794.56,1.61,
2001,2007-10-01,20,2007-10-19,2007-10-31,0,2007-10-31,8,786.93,810.07,2.94,
2001,2007-11-01,20,2007-11-20,2007-11-30,0,2007-11-30,8,739.47,741.84,0.32,
2001,2007-12-01,20,2007-12-20,2007-12-28,0,2007-12-28,5,700.69,704.23,0.51,
2001,2008-01-01,20,2008-01-18,2008-01-31,0,2008-01-31,9,666.32,608.84,-8.63,
2001,2008-02-01,20,2008-02-20,2008-02-29,0,2008-02-29,7,652.76,655.94,0.49,
2001,2008-03-01,20,2008-03-20,2008-03-31,0,2008-03-31,7,609.32,644.45,5.77,
2001,2008-04-01,20,2008-04-18,2008-04-30,0,2008-04-30,8,643.75,647.02,0.51,
2001,2008-05-01,20,2008-05-20,2008-05-30,0,2008-05-30,8,650.1,652.15,0.32,
2001,2008-06-01,20,2008-06-20,2008-06-30,0,2008-06-30,6,609.16,590.19,-3.11,
2001,2008-07-01,20,2008-07-18,2008-07-31,0,2008-07-31,9,522.53,539.44,3.24,
2001,2008-08-01,20,2008-08-20,2008-08-29,0,2008-08-29,7,504.88,470.28,-6.85,
2001,2008-09-01,20,2008-09-19,2008-09-30,0,2008-09-30,7,446.46,440.77,-1.27,
2001,2008-10-01,20,2008-10-20,2008-10-31,0,2008-10-31,9,353.09,308.03,-12.76,
2001,2008-11-01,20,2008-11-20,2008-11-28,0,2008-11-28,6,273.06,307.48,12.61,
2001,2008-12-01,20,2008-12-19,2008-12-30,0,2008-12-30,6,342.45,332.05,-3.04,
2001,2009-01-01,20,2009-01-20,2009-01-30,0,2009-01-30,6,358.19,364.9,1.87,
2001,2009-02-01,20,2009-02-20,2009-02-27,0,2009-02-27,5,367.14,363.21,-1.07,
2001,2009-03-01,20,2009-03-20,2009-03-31,0,2009-03-31,7,400.71,421.44,5.17,
2001,2009-04-01,20,2009-04-20,2009-04-30,0,2009-04-30,8,491.94,500.98,1.84,
2001,2009-05-01,20,2009-05-20,2009-05-29,0,2009-05-29,7,562.57,528.8,-6.0,
2001,2009-06-01,20,2009-06-19,2009-06-30,0,2009-06-30,7,510.27,485.15,-4.92,
2001,2009-07-01,20,2009-07-20,2009-07-31,0,2009-07-31,9,493.62,504.35,2.17,
2001,2009-08-01,20,2009-08-20,2009-08-31,0,2009-08-31,7,516.77,514.7,-0.4,
2001,2009-09-01,20,2009-09-18,2009-09-30,0,2009-09-30,8,531.53,505.94,-4.81,
2001,2009-10-01,20,2009-10-20,2009-10-30,0,2009-10-30,8,509.76,486.46,-4.57,
2001,2009-11-01,20,2009-11-20,2009-11-30,0,2009-11-30,6,479.43,464.32,-3.15,
2001,2009-12-01,20,2009-12-18,2009-12-30,0,2009-12-30,7,513.78,513.57,-0.04,
2001,2010-01-01,20,2010-01-20,2010-01-29,0,2010-01-29,7,544.12,496.57,-8.74,
2001,2010-02-01,20,2010-02-19,2010-02-26,0,2010-02-26,5,504.39,507.03,0.52,
2001,2010-03-01,20,2010-03-19,2010-03-31,0,2010-03-31,8,527.58,515.74,-2.24,
2001,2010-04-01,20,2010-04-20,2010-04-30,0,2010-04-30,8,510.5,523.75,2.6,
2001,2010-05-01,20,2010-05-20,2010-05-31,0,2010-05-31,6,481.06,489.42,1.74,
2001,2010-06-01,20,2010-06-18,2010-06-30,0,2010-06-30,8,495.23,489.98,-1.06,
2001,2010-07-01,20,2010-07-20,2010-07-30,0,2010-07-30,8,499.72,481.45,-3.66,
2001,2010-08-01,20,2010-08-20,2010-08-31,0,2010-08-31,7,480.38,464.71,-3.26,
2001,2010-09-01,20,2010-09-20,2010-09-30,0,2010-09-30,5,483.83,492.75,1.84,
2001,2010-10-01,20,2010-10-20,2010-10-29,0,2010-10-29,7,520.21,526.45,1.2,
2001,2010-11-01,20,2010-11-19,2010-11-30,0,2010-11-30,7,517.04,498.39,-3.61,
2001,2010-12-01,20,2010-12-20,2010-12-30,0,2010-12-30,8,497.95,510.69,2.56,
2001,2011-01-01,20,2011-01-20,2011-01-31,0,2011-01-31,7,533.36,521.38,-2.25,
2001,2011-02-01,20,2011-02-18,2011-02-28,0,2011-02-28,6,518.55,504.46,-2.72,
2001,2011-03-01,20,2011-03-18,2011-03-31,0,2011-03-31,9,494.79,525.42,6.19,
2001,2011-04-01,20,2011-04-20,2011-04-29,0,2011-04-29,7,532.25,511.0,-3.99,
2001,2011-05-01,20,2011-05-20,2011-05-31,0,2011-05-31,7,486.24,484.54,-0.35,
2001,2011-06-01,20,2011-06-20,2011-06-30,0,2011-06-30,8,457.23,479.55,4.88,
2001,2011-07-01,20,2011-07-20,2011-07-29,0,2011-07-29,7,526.61,536.05,1.79,
2001,2011-08-01,20,2011-08-19,2011-08-31,0,2011-08-31,8,474.65,493.44,3.96,
2001,2011-09-01,20,2011-09-20,2011-09-30,0,2011-09-30,8,470.11,449.66,-4.35,
2001,2011-10-01,20,2011-10-20,2011-10-31,0,2011-10-31,7,469.98,490.69,4.41,
2001,2011-11-01,20,2011-11-18,2011-11-30,0,2011-11-30,8,503.09,492.81,-2.04,
2001,2011-12-01,20,2011-12-20,2011-12-29,0,2011-12-29,7,489.61,500.18,2.16,
2001,2012-01-01,20,2012-01-20,2012-01-31,0,2012-01-31,5,512.17,513.99,0.36,
2001,2012-02-01,20,2012-02-20,2012-02-29,0,2012-02-29,7,540.33,542.3,0.36,
2001,2012-03-01,20,2012-03-20,2012-03-30,0,2012-03-30,8,535.55,519.56,-2.99,
2001,2012-04-01,20,2012-04-20,2012-04-30,0,2012-04-30,6,497.56,478.89,-3.75,
2001,2012-05-01,20,2012-05-18,2012-05-31,0,2012-05-31,8,448.68,471.94,5.18,
2001,2012-06-01,20,2012-06-20,2012-06-29,0,2012-06-29,7,484.55,489.16,0.95,
2001,2012-07-01,20,2012-07-20,2012-07-31,0,2012-07-31,7,481.83,467.61,-2.95,
2001,2012-08-01,20,2012-08-20,2012-08-31,0,2012-08-31,9,490.13,508.35,3.72,
2001,2012-09-01,20,2012-09-20,2012-09-28,0,2012-09-28,6,528.06,523.78,-0.81,
2001,2012-10-01,20,2012-10-19,2012-10-31,0,2012-10-31,8,518.81,508.31,-2.02,
2001,2012-11-01,20,2012-11-20,2012-11-30,0,2012-11-30,8,496.66,499.37,0.55,
2001,2012-12-01,20,2012-12-20,2012-12-28,0,2012-12-28,5,479.21,496.32,3.57,
2001,2013-01-01,20,2013-01-18,2013-01-31,0,2013-01-31,9,512.24,503.67,-1.67,
2001,2013-02-01,20,2013-02-20,2013-02-28,0,2013-02-28,6,525.69,535.87,1.94,
2001,2013-03-01,20,2013-03-20,2013-03-29,0,2013-03-29,7,546.26,555.02,1.6,
2001,2013-04-01,20,2013-04-19,2013-04-30,0,2013-04-30,7,541.46,563.87,4.14,
2001,2013-05-01,20,2013-05-20,2013-05-31,0,2013-05-31,9,567.32,577.87,1.86,
2001,2013-06-01,20,2013-06-20,2013-06-28,0,2013-06-28,6,525.59,519.06,-1.24,
2001,2013-07-01,20,2013-07-19,2013-07-31,0,2013-07-31,8,541.87,554.31,2.3,
2001,2013-08-01,20,2013-08-20,2013-08-30,0,2013-08-30,8,537.57,516.74,-3.87,
2001,2013-09-01,20,2013-09-17,2013-09-30,0,2013-09-30,6,527.11,534.89,1.48,
2001,2013-10-01,20,2013-10-18,2013-10-31,0,2013-10-31,9,525.69,532.44,1.28,
2001,2013-11-01,20,2013-11-20,2013-11-29,0,2013-11-29,7,504.16,517.06,2.56,
2001,2013-12-01,20,2013-12-20,2013-12-30,0,2013-12-30,5,488.41,499.99,2.37,
2001,2014-01-01,20,2014-01-20,2014-01-29,0,2014-01-29,7,519.99,515.2,-0.92,
2001,2014-02-01,20,2014-02-20,2014-02-28,0,2014-02-28,6,525.69,528.96,0.62,
2001,2014-03-01,20,2014-03-20,2014-03-31,0,2014-03-31,7,541.79,541.58,-0.04,
2001,2014-04-01,20,2014-04-18,2014-04-30,0,2014-04-30,8,571.23,559.34,-2.08,
2001,2014-05-01,20,2014-05-20,2014-05-30,0,2014-05-30,8,542.96,546.53,0.66,
2001,2014-06-01,20,2014-06-20,2014-06-30,0,2014-06-30,6,536.69,537.06,0.07,
2001,2014-07-01,20,2014-07-18,2014-07-31,0,2014-07-31,9,560.26,536.32,-4.27,
2001,2014-08-01,20,2014-08-20,2014-08-29,0,2014-08-29,7,561.96,570.2,1.47,
2001,2014-09-01,20,2014-09-19,2014-09-30,0,2014-09-30,7,581.38,573.22,-1.4,
2001,2014-10-01,20,2014-10-20,2014-10-31,0,2014-10-31,9,556.01,558.7,0.48,
2001,2014-11-01,20,2014-11-20,2014-11-28,0,2014-11-28,6,539.93,545.08,0.95,
2001,2014-12-01,20,2014-12-19,2014-12-30,0,2014-12-30,6,535.51,542.97,1.39,
2001,2015-01-01,20,2015-01-20,2015-01-30,0,2015-01-30,8,582.27,591.58,1.6,
2001,2015-02-01,20,2015-02-17,2015-02-27,0,2015-02-27,5,609.1,624.56,2.54,
2001,2015-03-01,20,2015-03-20,2015-03-31,0,2015-03-31,7,640.08,650.49,1.63,
2001,2015-04-01,20,2015-04-20,2015-04-30,0,2015-04-30,8,706.96,689.01,-2.54,
2001,2015-05-01,20,2015-05-20,2015-05-29,0,2015-05-29,6,713.95,711.39,-0.36,
2001,2015-06-01,20,2015-06-19,2015-06-30,0,2015-06-30,7,729.92,742.27,1.69,
2001,2015-07-01,20,2015-07-20,2015-07-31,0,2015-07-31,9,782.64,725.06,-7.36,
2001,2015-08-01,20,2015-08-20,2015-08-31,0,2015-08-31,7,656.71,687.11,4.63,
2001,2015-09-01,20,2015-09-18,2015-09-30,0,2015-09-30,6,690.18,678.48,-1.7,
2001,2015-10-01,20,2015-10-20,2015-10-30,0,2015-10-30,8,691.21,683.63,-1.1,
2001,2015-11-01,20,2015-11-20,2015-11-30,0,2015-11-30,6,685.16,688.38,0.47,
2001,2015-12-01,20,2015-12-18,2015-12-30,0,2015-12-30,7,667.45,682.35,2.23,
2001,2016-01-01,20,2016-01-20,2016-01-29,0,2016-01-29,7,669.68,682.8,1.96,
2001,2016-02-01,20,2016-02-19,2016-02-29,0,2016-02-29,6,644.56,651.62,1.1,
2001,2016-03-01,20,2016-03-18,2016-03-31,0,2016-03-31,9,695.02,688.38,-0.96,
2001,2016-04-01,20,2016-04-20,2016-04-29,0,2016-04-29,7,699.86,699.77,-0.01,
2001,2016-05-01,20,2016-05-20,2016-05-31,0,2016-05-31,7,684.92,698.45,1.98,
2001,2016-06-01,20,2016-06-20,2016-06-30,0,2016-06-30,8,688.95,675.09,-2.01,
2001,2016-07-01,20,2016-07-20,2016-07-29,0,2016-07-29,7,705.03,706.24,0.17,
2001,2016-08-01,20,2016-08-19,2016-08-31,0,2016-08-31,8,696.2,663.69,-4.67,
2001,2016-09-01,20,2016-09-20,2016-09-30,0,2016-09-30,8,674.51,681.21,0.99,
2001,2016-10-01,20,2016-10-20,2016-10-31,0,2016-10-31,7,655.68,624.68,-4.73,
2001,2016-11-01,20,2016-11-18,2016-11-30,0,2016-11-30,8,620.26,596.11,-3.89,
2001,2016-12-01,20,2016-12-20,2016-12-29,0,2016-12-29,7,617.99,631.44,2.18,
2001,2017-01-01,20,2017-01-20,2017-01-31,0,2017-01-31,5,622.12,616.13,-0.96,
2001,2017-02-01,20,2017-02-20,2017-02-28,0,2017-02-28,6,619.97,612.2,-1.25,
2001,2017-03-01,20,2017-03-20,2017-03-31,0,2017-03-31,9,609.11,619.28,1.67,
2001,2017-04-01,20,2017-04-20,2017-04-28,0,2017-04-28,6,635.8,628.24,-1.19,
2001,2017-05-01,20,2017-05-19,2017-05-31,0,2017-05-31,8,642.45,652.04,1.49,
2001,2017-06-01,20,2017-06-20,2017-06-30,0,2017-06-30,8,669.41,669.04,-0.06,
2001,2017-07-01,20,2017-07-20,2017-07-31,0,2017-07-31,7,676.51,650.47,-3.85,
2001,2017-08-01,20,2017-08-18,2017-08-31,0,2017-08-31,9,643.58,657.83,2.21,
2001,2017-09-01,20,2017-09-20,2017-09-29,0,2017-09-29,7,668.05,652.82,-2.28,
2001,2017-10-01,20,2017-10-20,2017-10-31,0,2017-10-31,7,672.95,694.2,3.16,
2001,2017-11-01,20,2017-11-20,2017-11-30,0,2017-11-30,8,785.32,771.42,-1.77,
2001,2017-12-01,20,2017-12-20,2017-12-28,0,2017-12-28,5,755.27,798.42,5.71,
2001,2018-01-01,20,2018-01-19,2018-01-31,0,2018-01-31,8,879.99,913.57,3.82,
2001,2018-02-01,20,2018-02-20,2018-02-28,0,2018-02-28,6,864.41,857.06,-0.85,
2001,2018-03-01,20,2018-03-20,2018-03-30,0,2018-03-30,8,890.4,871.09,-2.17,
2001,2018-04-01,20,2018-04-20,2018-04-30,0,2018-04-30,6,889.17,875.95,-1.49,
2001,2018-05-01,20,2018-05-18,2018-05-31,0,2018-05-31,8,869.45,879.66,1.17,
2001,2018-06-01,20,2018-06-20,2018-06-29,0,2018-06-29,7,840.17,818.22,-2.61,
2001,2018-07-01,20,2018-07-20,2018-07-31,0,2018-07-31,7,791.61,775.52,-2.03,
2001,2018-08-01,20,2018-08-20,2018-08-31,0,2018-08-31,9,769.78,816.97,6.13,
2001,2018-09-01,20,2018-09-20,2018-09-28,0,2018-09-28,3,821.13,822.27,0.14,
2001,2018-10-01,20,2018-10-19,2018-10-31,0,2018-10-31,8,740.48,648.67,-12.4,
2001,2018-11-01,20,2018-11-20,2018-11-30,0,2018-11-30,8,690.81,695.76,0.72,
2001,2018-12-01,20,2018-12-20,2018-12-28,0,2018-12-28,5,668.13,675.65,1.13,
2001,2019-01-01,20,2019-01-18,2019-01-31,0,2019-01-31,9,696.34,716.86,2.95,
2001,2019-02-01,20,2019-02-20,2019-02-28,0,2019-02-28,6,750.69,731.25,-2.59,
2001,2019-03-01,20,2019-03-20,2019-03-29,0,2019-03-29,7,749.76,729.31,-2.73,
2001,2019-04-01,20,2019-04-19,2019-04-30,0,2019-04-30,7,762.57,754.74,-1.03,
2001,2019-05-01,20,2019-05-20,2019-05-31,0,2019-05-31,9,702.08,696.47,-0.8,
2001,2019-06-01,20,2019-06-20,2019-06-28,0,2019-06-28,6,727.32,690.53,-5.06,
2001,2019-07-01,20,2019-07-19,2019-07-31,0,2019-07-31,8,674.06,630.18,-6.51,
2001,2019-08-01,20,2019-08-20,2019-08-30,0,2019-08-30,8,607.01,610.55,0.58,
2001,2019-09-01,20,2019-09-20,2019-09-30,0,2019-09-30,6,649.07,621.76,-4.21,
2001,2019-10-01,20,2019-10-18,2019-10-31,0,2019-10-31,9,646.69,658.52,1.83,
2001,2019-11-01,20,2019-11-20,2019-11-29,0,2019-11-29,7,649.87,632.99,-2.6,
2001,2019-12-01,20,2019-12-20,2019-12-30,0,2019-12-30,5,649.73,669.83,3.09,
2001,2020-01-01,20,2020-01-20,2020-01-31,0,2020-01-31,7,683.47,642.48,-6.0,
2001,2020-02-01,20,2020-02-20,2020-02-28,0,2020-02-28,6,681.66,610.73,-10.41,
2001,2020-03-01,20,2020-03-20,2020-03-31,0,2020-03-31,7,467.75,569.07,21.66,
2001,2020-04-01,20,2020-04-20,2020-04-29,0,2020-04-29,7,637.82,645.18,1.15,
2001,2020-05-01,20,2020-05-20,2020-05-29,0,2020-05-29,7,708.76,713.68,0.69,
2001,2020-06-01,20,2020-06-19,2020-06-30,0,2020-06-30,7,742.03,737.97,-0.55,
2001,2020-07-01,20,2020-07-20,2020-07-31,0,2020-07-31,9,781.96,815.3,4.26,
2001,2020-08-01,20,2020-08-20,2020-08-31,0,2020-08-31,7,791.14,848.24,7.22,
2001,2020-09-01,20,2020-09-18,2020-09-29,0,2020-09-29,7,888.88,848.15,-4.58,
2001,2020-10-01,20,2020-10-20,2020-10-30,0,2020-10-30,8,824.65,792.65,-3.88,
2001,2020-11-01,20,2020-11-20,2020-11-30,0,2020-11-30,6,870.18,886.11,1.83,
2001,2020-12-01,20,2020-12-18,2020-12-30,0,2020-12-30,7,947.24,968.42,2.24,
2001,2021-01-01,20,2021-01-20,2021-01-29,0,2021-01-29,7,977.66,928.73,-5.0,
2001,2021-02-01,20,2021-02-19,2021-02-26,0,2021-02-26,5,965.11,913.94,-5.3,
2001,2021-03-01,20,2021-03-19,2021-03-31,0,2021-03-31,8,952.11,956.17,0.43,
2001,2021-04-01,20,2021-04-20,2021-04-30,0,2021-04-30,8,1031.88,983.45,-4.69,
2001,2021-05-01,20,2021-05-20,2021-05-31,0,2021-05-31,7,971.13,981.78,1.1,
2001,2021-06-01,20,2021-06-18,2021-06-30,0,2021-06-30,8,1015.88,1029.96,1.39,
2001,2021-07-01,20,2021-07-20,2021-07-30,0,2021-07-30,8,1043.64,1031.14,-1.2,
2001,2021-08-01,20,2021-08-20,2021-08-31,0,2021-08-31,7,967.9,1038.33,7.28,
2001,2021-09-01,20,2021-09-17,2021-09-30,0,2021-09-30,6,1046.12,1003.27,-4.1,
2001,2021-10-01,20,2021-10-20,2021-10-29,0,2021-10-29,7,1001.62,992.33,-0.93,
2001,2021-11-01,20,2021-11-19,2021-11-30,0,2021-11-30,7,1041.92,965.63,-7.32,
2001,2021-12-01,20,2021-12-20,2021-12-30,0,2021-12-30,8,990.51,1033.98,4.39,
2001,2022-01-01,20,2022-01-20,2022-01-28,0,2022-01-28,6,958.7,872.87,-8.95,
2001,2022-02-01,20,2022-02-18,2022-02-28,0,2022-02-28,6,881.71,881.07,-0.07,
2001,2022-03-01,20,2022-03-18,2022-03-31,0,2022-03-31,9,922.96,944.53,2.34,
2001,2022-04-01,20,2022-04-20,2022-04-29,0,2022-04-29,7,928.93,904.75,-2.6,
2001,2022-05-01,20,2022-05-20,2022-05-31,0,2022-05-31,7,879.88,893.36,1.53,
2001,2022-06-01,20,2022-06-20,2022-06-30,0,2022-06-30,8,769.92,745.44,-3.18,
2001,2022-07-01,20,2022-07-20,2022-07-29,0,2022-07-29,7,790.72,803.62,1.63,
2001,2022-08-01,20,2022-08-19,2022-08-31,0,2022-08-31,8,814.17,807.04,-0.88,
2001,2022-09-01,20,2022-09-20,2022-09-30,0,2022-09-30,8,760.35,672.65,-11.53,
2001,2022-10-01,20,2022-10-20,2022-10-31,0,2022-10-31,7,680.44,695.33,2.19,
2001,2022-11-01,20,2022-11-18,2022-11-30,0,2022-11-30,8,731.92,729.54,-0.33,
2001,2022-12-01,20,2022-12-20,2022-12-29,0,2022-12-29,7,703.13,679.29,-3.39,
2001,2023-01-01,20,2023-01-20,2023-01-31,0,2023-01-31,5,717.97,740.49,3.14,
2001,2023-02-01,20,2023-02-20,2023-02-28,0,2023-02-28,6,788.89,791.6,0.34,
2001,2023-03-01,20,2023-03-20,2023-03-31,0,2023-03-31,9,802.2,847.52,5.65,
2001,2023-04-01,20,2023-04-20,2023-04-28,0,2023-04-28,6,885.71,842.83,-4.84,
2001,2023-05-01,20,2023-05-19,2023-05-31,0,2023-05-31,7,841.72,856.94,1.81,
2001,2023-06-01,20,2023-06-20,2023-06-30,0,2023-06-30,8,886.41,868.24,-2.05,
2001,2023-07-01,20,2023-07-20,2023-07-31,0,2023-07-31,7,931.6,935.97,0.47,
2001,2023-08-01,20,2023-08-18,2023-08-31,0,2023-08-31,9,877.32,928.4,5.82,
2001,2023-09-01,20,2023-09-20,2023-09-27,0,2023-09-27,5,882.72,841.02,-4.72,
2001,2023-10-01,20,2023-10-20,2023-10-31,0,2023-10-31,7,769.25,736.1,-4.31,
2001,2023-11-01,20,2023-11-20,2023-11-30,0,2023-11-30,8,813.08,831.68,2.29,
2001,2023-12-01,20,2023-12-20,2023-12-28,0,2023-12-28,5,862.98,866.57,0.42,
2001,2024-01-01,20,2024-01-19,2024-01-31,0,2024-01-31,8,842.67,799.24,-5.15,
2001,2024-02-01,20,2024-02-20,2024-02-29,0,2024-02-29,7,866.17,862.96,-0.37,
2001,2024-03-01,20,2024-03-20,2024-03-29,0,2024-03-29,7,891.45,905.5,1.58,
2001,2024-04-01,20,2024-04-19,2024-04-30,0,2024-04-30,7,841.91,868.93,3.21,
2001,2024-05-01,20,2024-05-20,2024-05-31,0,2024-05-31,9,847.08,839.98,-0.84,
2001,2024-06-01,20,2024-06-20,2024-06-28,0,2024-06-28,6,857.51,840.44,-1.99,
2001,2024-07-01,20,2024-07-19,2024-07-31,0,2024-07-31,8,828.72,803.15,-3.09,
2001,2024-08-01,20,2024-08-20,2024-08-30,0,2024-08-30,8,787.44,767.66,-2.51,
2001,2024-09-01,20,2024-09-20,2024-09-30,0,2024-09-30,6,748.33,763.88,2.08,
2001,2024-10-01,20,2024-10-18,2024-10-31,0,2024-10-31,9,753.22,743.06,-1.35,
2001,2024-11-01,20,2024-11-20,2024-11-29,0,2024-11-29,7,682.91,678.19,-0.69,
2001,2024-12-01,20,2024-12-20,2024-12-30,0,2024-12-30,5,668.31,678.19,1.48,
2001,2025-01-01,20,2025-01-20,2025-01-31,0,2025-01-31,5,727.66,728.29,0.09,
2001,2025-02-01,20,2025-02-20,2025-02-28,0,2025-02-28,6,768.27,743.96,-3.16,
2001,2025-03-01,20,2025-03-20,2025-03-31,0,2025-03-31,7,725.15,672.85,-7.21,
2001,2025-04-01,20,2025-04-18,2025-04-30,0,2025-04-30,8,717.77,717.24,-0.07,
2001,2025-05-01,20,2025-05-20,2025-05-30,0,2025-05-30,8,715.55,734.35,2.63,
2001,2025-06-01,20,2025-06-20,2025-06-30,0,2025-06-30,6,791.53,781.5,-1.27,
2001,2025-07-01,20,2025-07-18,2025-07-31,0,2025-07-31,9,820.67,805.24,-1.88,
2001,2025-08-01,20,2025-08-20,2025-08-29,0,2025-08-29,7,777.61,796.91,2.48,
2001,2025-09-01,20,2025-09-19,2025-09-30,0,2025-09-30,7,863.11,841.99,-2.45,
2001,2025-10-01,20,2025-10-20,2025-10-31,0,2025-10-31,9,875.77,900.42,2.81,
2001,2025-11-01,20,2025-11-20,2025-11-28,0,2025-11-28,6,891.94,912.67,2.32,
2001,2025-12-01,20,2025-12-19,2025-12-30,0,2025-12-30,6,915.27,925.47,1.11,
2001,2026-01-01,20,2026-01-20,2026-01-30,0,2026-01-30,8,976.37,1149.44,17.73,
2001,2026-02-01,20,2026-02-20,2026-02-27,0,2026-02-27,5,1154.0,1192.78,3.36,
2001,2026-03-01,20,2026-03-20,2026-03-31,0,2026-03-31,7,1161.52,1052.39,-9.4,
2001,2026-04-01,20,2026-04-20,2026-04-30,0,2026-04-30,8,1174.85,1192.35,1.49,
2001,2026-05-01,20,2026-05-20,2026-05-29,0,2026-05-29,6,1056.07,1074.8,1.77,
2001,2026-06-01,20,2026-06-19,2026-06-30,0,2026-06-30,7,966.59,916.18,-5.22,
2001,2026-07-01,20,2026-07-20,2026-07-31,0,2026-07-31,9,749.64,719.76,-3.99,
2001,2026-08-01,20,2026-08-20,2026-08-31,0,2026-08-31,7,840.89,834.29,-0.78,
