Date,Open,High,Low,Close,Volume
2016-12-27,10020,10040,10005,10040,159980
2016-12-28,10050,10055,10030,10050,160822
2016-12-29,10060,10075,10050,10055,179934
2017-01-02,10065,10065,10040,10055,146119
2017-01-03,10055,10090,10005,10020,168286
2017-01-04,10035,10050,10030,10030,145789
2017-01-05,9970,9970,9880,9880,180032
2017-01-06,9870,9935,9855,9935,144724
2017-01-09,10015,10050,10010,10050,124798
2017-01-10,9995,10020,9945,9945,148081
2017-01-11,9990,9995,9930,9930,279181
2017-01-12,9920,9920,9820,9860,221482
2017-01-13,9815,9815,9785,9785,202012
2017-01-16,9805,9850,9785,9850,146928
2017-01-17,9890,9890,9775,9775,152976
2017-01-18,9700,9720,9680,9715,156949
2017-01-19,9820,9820,9780,9810,137602
2017-01-20,9790,9795,9735,9735,161563
2017-01-23,9730,9740,9695,9695,161757
2017-01-24,9670,9695,9665,9695,148570
2017-01-25,9740,9740,9695,9695,140214
2017-01-26,9665,9680,9630,9640,146811
2017-01-31,9730,9730,9675,9675,126930
2017-02-01,9600,9650,9590,9650,136113
2017-02-02,9610,9610,9545,9555,176745
2017-02-03,9550,9560,9535,9560,160610
2017-02-06,9500,9500,9460,9480,166825
2017-02-07,9455,9540,9455,9530,147392
2017-02-08,9535,9560,9525,9545,147777
2017-02-09,9530,9560,9520,9545,149795
2017-02-10,9590,9615,9575,9575,127933
2017-02-13,9580,9615,9570,9590,146118
2017-02-14,9580,9580,9475,9475,181797
2017-02-15,9510,9535,9485,9500,147050
2017-02-16,9450,9525,9440,9500,146182
2017-02-17,9540,9560,9530,9550,163163
2017-02-20,9585,9585,9535,9565,134385
2017-02-21,9550,9570,9540,9545,138490
2017-02-22,9520,9520,9490,9520,167492
2017-02-23,9510,9515,9470,9480,154398
2017-02-24,9445,9460,9410,9425,132313
2017-02-27,9450,9455,9420,9450,136375
2017-02-28,9450,9465,9425,9430,123036
2017-03-02,9520,9530,9510,9510,134291
2017-03-03,9565,9640,9560,9640,130795
2017-03-06,9620,9665,9605,9640,122101
2017-03-07,9635,9645,9555,9565,128253
2017-03-08,9585,9585,9535,9555,140102
2017-03-09,9620,9660,9615,9660,159781
2017-03-10,9670,9675,9635,9640,241649
2017-03-13,9585,9595,9550,9550,127882
2017-03-14,9585,9585,9545,9565,139060
2017-03-15,9565,9595,9525,9545,166742
2017-03-16,9430,9460,9415,9450,152650
2017-03-17,9430,9450,9415,9440,149217
2017-03-20,9420,9425,9345,9350,167613
2017-03-21,9300,9345,9290,9330,168150
2017-03-22,9370,9395,9355,9375,133994
2017-03-23,9330,9350,9320,9350,140140
2017-03-24,9350,9380,9340,9365,151763
2017-03-27,9305,9305,9280,9285,137556
2017-03-28,9275,9290,9270,9290,196939
2017-03-29,9300,9310,9280,9300,136946
2017-03-30,9290,9330,9275,9325,126864
2017-03-31,9335,9360,9330,9335,295039
2017-04-03,9330,9330,9275,9310,245224
2017-04-04,9325,9350,9320,9350,284189
2017-04-05,9375,9385,9350,9385,283557
2017-04-06,9410,9460,9395,9445,290342
2017-04-07,9450,9500,9435,9470,292227
2017-04-10,9495,9545,9495,9535,797546
2017-04-11,9540,9600,9515,9575,300757
2017-04-12,9575,9595,9520,9520,316248
2017-04-13,9455,9495,9400,9440,320797
2017-04-14,9495,9525,9475,9510,262286
2017-04-17,9500,9500,9460,9500,293898
2017-04-18,9460,9535,9450,9525,243174
2017-04-19,9535,9540,9495,9515,262921
2017-04-20,9550,9555,9495,9505,741002
2017-04-21,9510,9515,9455,9455,269809
2017-04-24,9420,9470,9420,9440,227994
2017-04-25,9480,9485,9390,9390,201479
2017-04-26,9415,9425,9370,9400,233957
2017-04-27,9460,9460,9415,9430,401206
2017-04-28,9455,9485,9420,9485,207188
2017-05-02,9495,9495,9415,9450,223460
2017-05-04,9470,9470,9440,9455,249247
2017-05-08,9480,9495,9440,9460,234897
2017-05-10,9500,9500,9460,9480,164916
2017-05-11,9470,9475,9420,9430,225711
2017-05-12,9405,9430,9380,9420,156123
2017-05-15,9410,9420,9390,9395,118959
2017-05-16,9350,9355,9325,9330,144940
2017-05-17,9320,9375,9315,9345,141141
2017-05-18,9380,9425,9380,9405,125874
2017-05-19,9420,9455,9400,9405,146660
2017-05-22,9480,9480,9310,9350,138447
2017-05-23,9325,9385,9325,9385,144231
2017-05-24,9400,9425,9380,9420,131632
2017-05-25,9355,9365,9325,9325,147638
2017-05-26,9350,9370,9330,9355,137729
2017-05-29,9355,9375,9335,9375,137319
2017-05-30,9395,9400,9375,9395,144698
2017-05-31,9375,9400,9360,9360,145356
2017-06-01,9355,9385,9340,9375,126008
2017-06-02,9380,9390,9355,9380,129358
2017-06-05,9360,9365,9330,9350,153293
2017-06-07,9355,9395,9355,9395,132451
2017-06-08,9395,9425,9375,9375,115142
2017-06-09,9385,9405,9350,9380,142630
2017-06-12,9400,9430,9395,9425,124657
2017-06-13,9440,9450,9425,9425,133661
2017-06-14,9430,9430,9390,9390,113434
2017-06-15,9370,9405,9355,9390,126559
2017-06-16,9440,9520,9425,9490,123699
2017-06-19,9490,9490,9435,9480,137298
2017-06-20,9510,9515,9495,9505,118878
2017-06-21,9535,9575,9530,9555,156947
2017-06-22,9545,9555,9530,9540,112029
2017-06-23,9535,9555,9520,9525,128795
2017-06-26,9500,9510,9475,9510,143249
2017-06-27,9500,9525,9480,9510,112983
2017-06-28,9550,9560,9530,9555,120680
2017-06-29,9540,9550,9520,9535,131749
2017-06-30,9585,9595,9545,9575,138547
2017-07-03,9560,9610,9555,9590,53848
2017-07-04,9625,9635,9595,9635,9079
2017-07-05,9635,9635,9595,9625,6250
2017-07-06,9640,9685,9620,9685,38835
2017-07-07,9685,9685,9650,9665,12226
2017-07-10,9650,9650,9605,9630,5654
2017-07-11,9625,9635,9610,9635,3580
2017-07-12,9620,9620,9580,9580,5625
2017-07-13,9530,9540,9510,9520,10017
2017-07-14,9505,9525,9490,9500,14347
2017-07-17,9465,9465,9435,9455,17811
2017-07-18,9455,9460,9405,9415,9104
2017-07-19,9410,9410,9375,9395,21658
2017-07-20,9420,9435,9400,9435,1587
2017-07-21,9390,9415,9370,9375,11277
2017-07-24,9375,9375,9325,9340,23457
2017-07-25,9355,9375,9340,9350,8061
2017-07-26,9370,9405,9365,9400,24160
2017-07-27,9320,9335,9310,9330,16537
2017-07-28,9345,9395,9345,9395,140945
2017-07-31,9420,9420,9380,9385,14588
2017-08-01,9380,9385,9340,9380,44648
2017-08-02,9390,9430,9390,9425,2989
2017-08-03,9410,9460,9410,9460,13452
2017-08-04,9445,9450,9410,9420,3066
2017-08-07,9445,9465,9435,9455,2758
2017-08-08,9420,9440,9415,9440,3095
2017-08-09,9505,9520,9485,9515,34441
2017-08-10,9550,9580,9530,9555,35089
2017-08-11,9605,9615,9570,9570,15944
2017-08-14,9540,9560,9515,9560,9641
2017-08-16,9520,9565,9505,9555,4769
2017-08-17,9515,9540,9510,9520,2088
2017-08-18,9555,9575,9550,9570,5900
2017-08-21,9540,9555,9525,9555,4045
2017-08-22,9540,9540,9510,9510,1442
2017-08-23,9490,9490,9460,9490,1593
2017-08-24,9450,9465,9445,9465,540
2017-08-25,9465,9480,9460,9470,1901
2017-08-28,9410,9410,9385,9400,6092
2017-08-29,9460,9460,9430,9430,1776
2017-08-30,9430,9430,9405,9430,1027
2017-08-31,9430,9465,9425,9465,5574
2017-09-01,9430,9435,9415,9430,2294
2017-09-04,9480,9510,9470,9510,10947
2017-09-05,9495,9510,9480,9495,3917
2017-09-06,9495,9525,9490,9525,3557
2017-09-07,9475,9485,9465,9485,3012
2017-09-08,9460,9480,9445,9470,4530
2017-09-11,9470,9500,9450,9500,4350
2017-09-12,9480,9490,9460,9475,568
2017-09-13,9470,9470,9440,9465,1484
2017-09-14,9485,9510,9485,9495,2181
2017-09-15,9520,9530,9485,9485,1808
2017-09-18,9485,9485,9455,9460,967
2017-09-19,9455,9495,9455,9480,349
2017-09-20,9500,9500,9470,9475,1136
2017-09-21,9515,9515,9495,9510,2512
2017-09-22,9495,9555,9495,9545,10789
2017-09-25,9490,9505,9485,9505,9197
2017-09-26,9510,9550,9510,9550,2714
2017-09-27,9550,9570,9545,9560,376
2017-09-28,9585,9655,9585,9650,11897
2017-09-29,9625,9630,9600,9620,51829
2017-10-10,9600,9600,9540,9545,8291
2017-10-11,9520,9560,9500,9540,2787
2017-10-12,9505,9545,9500,9520,3811
2017-10-13,9525,9525,9480,9490,3603
2017-10-16,9450,9480,9450,9480,10206
2017-10-17,9490,9520,9490,9515,3530
2017-10-18,9505,9510,9480,9485,2049
2017-10-19,9510,9525,9490,9515,2519
2017-10-20,9490,9525,9465,9510,3722
2017-10-23,9510,9525,9480,9500,7345
2017-10-24,9480,9485,9470,9475,1396
2017-10-25,9480,9495,9470,9480,2249
2017-10-26,9460,9460,9445,9455,10638
2017-10-27,9485,9500,9480,9500,10183
2017-10-30,9465,9470,9445,9455,3326
2017-10-31,9440,9440,9415,9420,12493
2017-11-01,9400,9400,9355,9370,46382
2017-11-02,9325,9370,9325,9370,17801
2017-11-03,9350,9365,9335,9365,4189
2017-11-06,9370,9400,9370,9375,4918
2017-11-07,9370,9440,9330,9350,2148823
2017-11-08,9350,9380,9350,9380,2127
2017-11-09,9360,9375,9350,9375,1218
2017-11-10,9380,9400,9380,9390,2875
2017-11-13,9395,9425,9395,9425,9741
2017-11-14,9415,9415,9390,9395,1503
2017-11-15,9360,9380,9350,9355,2182
2017-11-16,9305,9305,9245,9260,125368
2017-11-17,9220,9235,9185,9225,24059
2017-11-20,9225,9255,9200,9250,10000
2017-11-21,9220,9240,9210,9215,5497
2017-11-22,9170,9200,9155,9155,11904
2017-11-23,9135,9160,9085,9130,17035
2017-11-24,9125,9130,9100,9125,29152
2017-11-27,9125,9155,9125,9155,21349
2017-11-28,9175,9175,9120,9120,5844
2017-11-29,9125,9125,9060,9060,9478
2017-11-30,9095,9150,9075,9150,11496
2017-12-01,9150,9155,9110,9125,15577
2017-12-04,9250,9250,9125,9160,24932
2017-12-05,9135,9140,9100,9115,26686
2017-12-06,9135,9195,9135,9195,4757
2017-12-07,9195,9210,9165,9200,9412
2017-12-08,9200,9210,9180,9195,3252
2017-12-11,9180,9195,9170,9190,1321
2017-12-12,9160,9190,9155,9190,6842
2017-12-13,9190,9200,9165,9180,12533
2017-12-14,9125,9150,9125,9145,6130
2017-12-15,9160,9175,9145,9165,7403
2017-12-18,9170,9170,9145,9160,9246
2017-12-19,9125,9155,9125,9130,4033
2017-12-20,9125,9130,9090,9095,26263
2017-12-21,9095,9110,9070,9110,44004
2017-12-22,9085,9090,9060,9070,16136
2017-12-26,9060,9065,9045,9055,23587
2017-12-27,9055,9055,9030,9035,7117
2017-12-28,9040,9045,9005,9010,11127
2018-01-02,8975,8985,8920,8920,59516
2018-01-03,8935,8985,8935,8960,8696
2018-01-04,8970,8990,8940,8940,13515
2018-01-05,8935,8950,8930,8940,8890
2018-01-08,8940,9000,8910,8975,1433726
2018-01-09,8985,9000,8965,8985,11349
2018-01-10,9030,9030,9000,9030,260084
2018-01-11,9015,9040,9005,9030,7890
2018-01-12,8985,8985,8955,8970,8777
2018-01-15,8940,8950,8925,8950,16167
2018-01-16,8955,8970,8945,8950,8574
2018-01-17,8975,9005,8955,9005,2863
2018-01-18,9005,9020,8995,9020,10501
2018-01-19,9020,9025,8970,8975,7834
2018-01-22,8995,9005,8975,9005,95417
2018-01-23,9005,9025,8985,9010,23188
2018-01-24,9045,9045,8995,9010,12402
2018-01-25,8975,8980,8920,8930,37855
2018-01-26,8970,8980,8955,8975,10359
2018-01-29,8970,8985,8955,8980,9756
2018-01-30,9015,9055,9015,9055,16287
2018-01-31,9050,9050,9005,9010,10481
2018-02-01,9020,9055,9010,9040,15272
2018-02-02,9035,9115,9035,9110,30862
2018-02-05,9180,9200,9170,9170,46692
2018-02-06,9240,9255,9170,9190,98641
2018-02-07,9130,9165,9100,9165,36106
2018-02-08,9175,9195,9155,9165,15195
2018-02-09,9245,9250,9185,9200,15408
2018-02-12,9150,9150,9120,9150,16647
2018-02-13,9115,9145,9110,9145,6169
2018-02-14,9140,9140,9085,9085,5306
2018-02-19,9020,9025,9000,9015,21844
2018-02-20,9020,9060,9015,9050,3506
2018-02-21,9065,9085,9050,9085,7123
2018-02-22,9090,9155,9090,9145,7520
2018-02-23,9135,9135,9090,9110,13293
2018-02-26,9095,9095,9060,9065,20503
2018-02-27,9040,9065,9025,9050,6712
2018-02-28,9115,9155,9105,9130,19953
2018-03-02,9150,9150,9110,9125,17119
2018-03-05,9115,9145,9100,9140,13733
2018-03-06,9100,9100,9065,9085,7926
2018-03-07,9010,9040,9010,9035,15339
2018-03-08,9010,9040,9010,9030,6177
2018-03-09,9050,9050,9020,9030,6910
2018-03-12,9000,9005,8975,8990,42334
2018-03-13,8990,9020,8985,9020,6154
2018-03-14,9015,9020,8980,8995,5738
2018-03-15,8995,9025,8995,9010,11407
2018-03-16,9035,9050,9010,9010,7757
2018-03-19,9025,9060,9025,9055,6755
2018-03-20,9070,9070,9020,9030,3926
2018-03-21,9035,9055,9035,9055,7381
2018-03-22,9000,9055,8990,9045,7926
2018-03-23,9120,9135,9100,9135,21085
2018-03-26,9140,9140,9100,9125,11616
2018-03-27,9065,9075,9030,9045,2306
2018-03-28,9075,9075,9000,9045,3633
2018-03-29,9005,9030,9000,9015,7659
2018-03-30,8985,9010,8985,8995,17306
2018-04-02,8980,8980,8925,8935,37879
2018-04-03,8935,8950,8905,8905,14766
2018-04-04,8910,8955,8910,8955,16889
2018-04-05,8955,8990,8940,8960,18951
2018-04-06,8990,9045,8990,9045,18678
2018-04-09,9035,9050,9010,9030,10041
2018-04-10,9050,9060,9005,9025,7155
2018-04-11,9000,9030,9000,9025,3111
2018-04-12,9020,9065,9010,9050,8670
2018-04-13,9040,9060,9040,9040,2410
2018-04-16,9055,9095,9055,9075,9630
2018-04-17,9050,9050,9030,9035,838
2018-04-18,9020,9035,9000,9035,1370
2018-04-19,9030,9030,8970,8985,7866
2018-04-20,9030,9040,9025,9035,1384
2018-04-23,9055,9060,9040,9055,3706
2018-04-24,9115,9140,9100,9120,14911
2018-04-25,9125,9150,9100,9140,25953
2018-04-26,9145,9160,9130,9160,10039
2018-04-27,9120,9135,9095,9120,1307
2018-04-30,9055,9055,9035,9055,10861
2018-05-02,9080,9130,9080,9110,19531
2018-05-03,9140,9140,9110,9120,1618
2018-05-04,9120,9135,9120,9125,6308
2018-05-08,9130,9150,9115,9115,9239
2018-05-09,9140,9175,9140,9165,4387
2018-05-10,9160,9160,9095,9100,5061
2018-05-11,9050,9080,9040,9070,7799
2018-05-14,9055,9055,9035,9045,8433
2018-05-15,9065,9115,9065,9110,26003
2018-05-16,9155,9165,9115,9135,10608
2018-05-17,9135,9160,9130,9160,14768
2018-05-18,9160,9170,9125,9145,14606
2018-05-21,9165,9210,9145,9205,14681
2018-05-23,9145,9165,9140,9165,16958
2018-05-24,9145,9185,9140,9165,16760
2018-05-25,9165,9175,9135,9150,6909
2018-05-28,9130,9130,9090,9115,31150
2018-05-29,9125,9140,9120,9140,1771
2018-05-30,9185,9185,9155,9160,13592
2018-05-31,9140,9150,9110,9145,5885
2018-06-01,9145,9145,9120,9135,2377
2018-06-04,9105,9105,9080,9100,6027
2018-06-05,9090,9095,9065,9090,4689
2018-06-07,9065,9075,9055,9075,2333
2018-06-08,9085,9130,9085,9130,2350
2018-06-11,9120,9125,9105,9125,3609
2018-06-12,9135,9155,9105,9155,5811
2018-06-14,9195,9200,9180,9190,15974
2018-06-15,9210,9325,9210,9325,29444
2018-06-18,9355,9395,9345,9385,100837
2018-06-19,9385,9420,9370,9415,49400
2018-06-20,9425,9435,9375,9395,25588
2018-06-21,9410,9445,9390,9445,4149
2018-06-22,9430,9430,9405,9410,20521
2018-06-25,9460,9500,9455,9500,11866
2018-06-26,9480,9500,9460,9470,14597
2018-06-27,9505,9520,9495,9500,9278
2018-06-28,9535,9555,9520,9555,24038
2018-06-29,9545,9545,9470,9470,16669
2018-07-02,9485,9520,9470,9520,44972
2018-07-03,9515,9565,9505,9515,11208
2018-07-04,9490,9510,9465,9485,11490
2018-07-05,9485,9540,9485,9505,27094
2018-07-06,9530,9540,9485,9485,21712
2018-07-09,9485,9490,9440,9455,17502
2018-07-10,9450,9500,9440,9500,8377
2018-07-11,9525,9550,9525,9525,10428
2018-07-12,9575,9615,9575,9585,9669
2018-07-13,9560,9580,9550,9575,3792
2018-07-16,9600,9625,9595,9610,44826
2018-07-17,9600,9605,9560,9575,8406
2018-07-18,9595,9635,9595,9635,9888
2018-07-19,9620,9645,9605,9645,6604
2018-07-20,9650,9690,9625,9640,12340
2018-07-23,9590,9635,9590,9635,13709
2018-07-24,9645,9680,9640,9665,5217
2018-07-25,9610,9625,9580,9595,9475
2018-07-26,9525,9550,9515,9525,10511
2018-07-27,9565,9575,9495,9520,3483
2018-07-30,9495,9530,9490,9530,10089
2018-07-31,9530,9535,9510,9535,3623
2018-08-01,9495,9550,9495,9545,70896
2018-08-02,9540,9585,9530,9585,8906
2018-08-03,9605,9625,9595,9610,5077
2018-08-06,9585,9595,9560,9565,7228
2018-08-07,9580,9600,9570,9580,31127
2018-08-08,9530,9545,9520,9545,2691
2018-08-09,9535,9550,9505,9525,4362
2018-08-10,9570,9630,9570,9615,3954
2018-08-13,9640,9680,9625,9665,22006
2018-08-14,9690,9690,9620,9620,19342
2018-08-16,9680,9690,9610,9640,52886
2018-08-17,9610,9620,9585,9605,12137
2018-08-20,9540,9580,9540,9580,11369
2018-08-21,9540,9540,9515,9540,20481
2018-08-22,9535,9545,9525,9545,7607
2018-08-23,9545,9575,9535,9565,1297
2018-08-24,9585,9595,9530,9540,6413
2018-08-27,9500,9515,9485,9505,16658
2018-08-28,9470,9485,9455,9465,9172
2018-08-29,9460,9480,9435,9470,4879
2018-08-30,9480,9480,9445,9465,6390
2018-08-31,9500,9510,9480,9505,10996
2018-09-03,9510,9530,9465,9480,20900
2018-09-04,9490,9525,9490,9505,2950
2018-09-05,9535,9560,9505,9560,11077
2018-09-06,9550,9595,9530,9585,10743
2018-09-07,9590,9595,9560,9560,21945
2018-09-10,9610,9640,9605,9630,22342
2018-09-11,9635,9645,9590,9595,3282
2018-09-12,9595,9630,9595,9630,10938
2018-09-13,9560,9585,9550,9585,4157
2018-09-14,9570,9575,9540,9540,1265
2018-09-17,9565,9635,9565,9605,7146
2018-09-18,9630,9630,9575,9595,4446
2018-09-19,9570,9595,9560,9560,5690
2018-09-20,9555,9585,9540,9555,9844
2018-09-21,9535,9550,9520,9530,6816
2018-09-27,9540,9540,9480,9495,14786
2018-09-28,9505,9510,9460,9465,39313
2018-10-01,9485,9505,9470,9500,17232
2018-10-02,9510,9560,9510,9560,33465
2018-10-04,9605,9650,9605,9640,37460
2018-10-05,9685,9685,9645,9645,20207
2018-10-08,9665,9675,9645,9665,5746
2018-10-10,9655,9690,9655,9675,4156
2018-10-11,9750,9775,9730,9765,9302
2018-10-12,9725,9725,9655,9675,6437
2018-10-15,9660,9695,9660,9680,12566
2018-10-16,9670,9670,9615,9635,4396
2018-10-17,9605,9635,9590,9615,4630
2018-10-18,9640,9695,9640,9690,7753
2018-10-19,9725,9740,9650,9665,24968
2018-10-22,9690,9700,9625,9650,20431
2018-10-23,9675,9725,9675,9725,14250
2018-10-24,9700,9710,9650,9665,13617
2018-10-25,9740,9745,9700,9715,29445
2018-10-26,9730,9770,9715,9755,29399
2018-10-29,9735,9765,9705,9765,30796
2018-10-30,9785,9785,9730,9730,31391
2018-10-31,9735,9760,9725,9735,24615
2018-11-01,9745,9760,9720,9725,41596
2018-11-02,9620,9655,9580,9600,36660
2018-11-05,9580,9625,9575,9600,25690
2018-11-06,9600,9615,9585,9615,4156
2018-11-07,9605,9625,9565,9615,44377
2018-11-08,9570,9580,9560,9560,53732
2018-11-09,9590,9655,9590,9645,6226
2018-11-12,9665,9710,9655,9705,21077
2018-11-13,9750,9755,9670,9685,6459
2018-11-14,9675,9710,9660,9705,4003
2018-11-15,9695,9705,9655,9680,2864
2018-11-16,9670,9685,9645,9650,5342
2018-11-19,9620,9680,9620,9665,2830
2018-11-20,9655,9665,9635,9640,3313
2018-11-21,9680,9695,9665,9685,4615
2018-11-22,9670,9675,9650,9670,2561
2018-11-23,9670,9690,9655,9680,3581
2018-11-26,9680,9695,9650,9670,4961
2018-11-27,9680,9685,9660,9675,581
2018-11-28,9675,9690,9640,9650,3462
2018-11-29,9605,9630,9585,9590,9080
2018-11-30,9580,9615,9570,9605,5210
2018-12-03,9550,9575,9510,9520,24774
2018-12-04,9510,9535,9475,9475,13002
2018-12-05,9520,9560,9505,9550,6473
2018-12-06,9555,9590,9555,9590,11952
2018-12-07,9580,9595,9565,9595,6598
2018-12-10,9635,9645,9610,9640,5152
2018-12-11,9650,9685,9650,9685,11467
2018-12-12,9660,9675,9645,9675,7161
2018-12-13,9630,9655,9615,9630,18101
2018-12-14,9630,9690,9630,9685,4704
2018-12-17,9695,9705,9680,9700,5249
2018-12-18,9715,9715,9665,9675,1726
2018-12-19,9670,9670,9630,9635,3707
2018-12-20,9680,9700,9665,9675,4272
2018-12-21,9650,9665,9625,9640,6383
2018-12-24,9665,9680,9635,9645,3735
2018-12-26,9670,9675,9645,9665,6743
2018-12-27,9645,9645,9610,9610,2281
2018-12-28,9615,9625,9580,9590,7320
2019-01-02,9555,9635,9555,9610,38063
2019-01-03,9670,9700,9660,9690,13565
2019-01-04,9670,9690,9635,9665,7763
2019-01-07,9600,9625,9585,9605,25122
2019-01-08,9605,9665,9600,9645,6585
2019-01-09,9650,9660,9615,9640,3710
2019-01-10,9620,9645,9600,9620,4216
2019-01-11,9620,9620,9590,9590,5023
2019-01-14,9625,9715,9610,9645,11465
2019-01-15,9655,9655,9610,9640,5634
2019-01-16,9645,9670,9615,9635,7963
2019-01-17,9640,9655,9620,9655,8773
2019-01-18,9645,9660,9635,9655,4233
2019-01-21,9675,9705,9665,9705,9251
2019-01-22,9700,9730,9700,9730,6038
2019-01-23,9730,9730,9690,9700,8131
2019-01-24,9695,9720,9675,9710,6779
2019-01-25,9695,9705,9650,9650,5910
2019-01-28,9630,9630,9595,9620,5443
2019-01-29,9635,9640,9595,9610,3436
2019-01-30,9610,9630,9600,9610,30036
2019-01-31,9575,9585,9545,9585,76262
2019-02-01,9580,9635,9565,9635,13783
2019-02-07,9630,9675,9630,9675,13907
2019-02-08,9685,9705,9660,9680,4296
2019-02-11,9665,9695,9665,9690,16952
2019-02-12,9695,9705,9670,9685,4327
2019-02-13,9665,9670,9645,9665,17754
2019-02-14,9690,9700,9675,9695,7313
2019-02-15,9700,9725,9700,9725,11217
2019-02-18,9700,9700,9670,9700,15633
2019-02-19,9700,9715,9695,9710,5831
2019-02-20,9680,9685,9655,9685,8441
2019-02-21,9685,9705,9670,9700,1844
2019-02-22,9690,9700,9690,9700,3129
2019-02-25,9670,9670,9650,9665,1707
2019-02-26,9640,9645,9620,9645,14334
2019-02-27,9625,9645,9625,9645,5507
2019-02-28,9650,9700,9640,9700,16323
2019-03-04,9700,9710,9690,9695,23302
2019-03-05,9710,9715,9700,9705,11214
2019-03-06,9705,9740,9700,9740,27964
2019-03-07,9740,9740,9710,9740,19601
2019-03-08,9770,9805,9765,9800,24223
2019-03-11,9790,9810,9770,9790,8443
2019-03-12,9760,9760,9730,9755,14961
2019-03-13,9750,9780,9745,9780,10211
2019-03-14,9765,11930,9745,11930,23207
2019-03-15,9805,9830,9780,9820,17738
2019-03-18,9795,9810,9760,9760,4501
2019-03-19,9770,9780,9745,9765,2372
2019-03-20,9750,9770,9740,9760,5997
2019-03-21,9725,9735,9705,9735,3209
2019-03-22,9735,9760,9725,9760,3245
2019-03-25,9795,9810,9790,9795,4558
2019-03-26,9780,9795,9760,9795,760
2019-03-27,9795,9805,9790,9805,1660
2019-03-28,9835,9840,9815,9825,6331
2019-03-29,9810,9825,9805,9815,5177
2019-04-01,9805,9810,9765,9800,42290
2019-04-02,9790,9825,9790,9820,2835
2019-04-03,9815,9820,9795,9805,9437
2019-04-04,9795,9830,9795,9825,5001
2019-04-05,9825,9830,9815,9825,9396
2019-04-08,9830,9885,9825,9885,12315
2019-04-09,9880,9890,9865,9880,8659
2019-04-10,9870,9885,9840,9850,6167
2019-04-11,9840,9870,9835,9840,12822
2019-04-12,9860,9875,9840,9855,4399
2019-04-15,9805,9825,9790,9800,8936
2019-04-16,9800,9825,9800,9825,5502
2019-04-17,9825,9840,9810,9820,4279
2019-04-18,9810,9840,9805,9825,18316
2019-04-19,9845,9845,9820,9835,8963
2019-04-22,9840,9885,9840,9880,3761
2019-04-23,9875,9880,9850,9880,2602
2019-04-24,9885,9945,9885,9945,4282
2019-04-25,10005,10045,10000,10045,27868
2019-04-26,10040,10055,10000,10045,16035
2019-04-29,10015,10035,10010,10025,7260
2019-04-30,10025,10110,10025,10110,26817
2019-05-02,10085,10090,10040,10090,21390
2019-05-03,10115,10140,10105,10130,15792
2019-05-07,10135,10160,10100,10100,42195
2019-05-08,10140,10150,10115,10120,34433
2019-05-09,10150,10210,10135,10210,53432
2019-05-10,10205,10235,10175,10185,120840
2019-05-13,10210,10285,10210,10285,54368
2019-05-14,10310,10310,10260,10300,65173
2019-05-15,10290,10320,10280,10300,27370
2019-05-16,10285,10330,10285,10320,20258
2019-05-17,10325,10355,10300,10355,34531
2019-05-20,10345,10350,10320,10345,29801
2019-05-21,10325,10350,10325,10350,55947
2019-05-22,10335,10370,10330,10340,80342
2019-05-23,10330,10350,10295,10305,41907
2019-05-24,10315,10320,10295,10295,84550
2019-05-27,10285,10285,10245,10265,55573
2019-05-28,10270,10305,10265,10285,13041
2019-05-29,10305,10360,10305,10355,4413
2019-05-30,10350,10350,10300,10315,77833
2019-05-31,10320,10340,10300,10325,50181
2019-06-03,10325,10325,10215,10255,77528
2019-06-04,10230,10265,10220,10255,23898
2019-06-05,10225,10245,10210,10225,26887
2019-06-07,10220,10245,10215,10245,5783
2019-06-10,10245,10290,10235,10285,16705
2019-06-11,10280,10285,10230,10250,15436
2019-06-12,10235,10270,10230,10265,10678
2019-06-13,10265,10295,10250,10255,10035
2019-06-14,10265,10285,10260,10280,6522
2019-06-17,10290,10305,10285,10295,6299
2019-06-18,10300,10300,10265,10290,1799
2019-06-19,10215,10230,10195,10210,25848
2019-06-20,10185,10185,10080,10090,64311
2019-06-21,10080,10110,10065,10100,28507
2019-06-24,10065,10075,10025,10045,14291
2019-06-25,10025,10035,10010,10035,61680
2019-06-26,10045,10070,10030,10040,15843
2019-06-27,10030,10060,10030,10060,5521
2019-06-28,10045,10055,10020,10035,12430
2019-07-01,9990,10070,9980,10065,51270
2019-07-02,10095,10140,10085,10135,23169
2019-07-03,10150,10180,10130,10175,10193
2019-07-04,10165,10180,10145,10155,5343
2019-07-05,10155,10180,10155,10175,18882
2019-07-08,10210,10270,10210,10270,49273
2019-07-09,10265,10265,10240,10265,23723
2019-07-10,10270,10270,10250,10270,34806
2019-07-11,10220,10240,10175,10195,26044
2019-07-12,10205,10245,10205,10240,17836
2019-07-15,10250,10270,10235,10250,16744
2019-07-16,10270,10275,10225,10245,40630
2019-07-17,10275,10275,10245,10275,75418
2019-07-18,10275,10290,10220,10250,78898
2019-07-19,10215,10220,10180,10220,19376
2019-07-22,10235,10255,10220,10255,27795
2019-07-23,10225,10255,10225,10255,24761
2019-07-24,10260,10265,10235,10245,12455
2019-07-25,10250,10275,10240,10275,16408
2019-07-26,10290,10320,10285,10310,11878
2019-07-29,10310,10315,10275,10300,17521
2019-07-30,10300,10300,10265,10285,11353
2019-07-31,10280,10295,10270,10295,19543
2019-08-01,10345,10365,10325,10350,18974
2019-08-02,10405,10425,10375,10425,23260
2019-08-05,10480,10605,10465,10590,112531
2019-08-06,10635,10640,10535,10585,63068
2019-08-07,10570,10595,10550,10580,32096
2019-08-08,10570,10585,10520,10530,41833
2019-08-09,10515,10550,10515,10545,12525
2019-08-12,10575,10600,10570,10595,26832
2019-08-13,10610,10650,10595,10650,70483
2019-08-14,10515,10570,10515,10565,63495
2019-08-16,10570,10600,10540,10555,123734
2019-08-19,10535,10560,10535,10555,125219
2019-08-20,10560,10570,10505,10530,144626
2019-08-21,10520,10540,10445,10480,44021
2019-08-22,10480,10520,10475,10520,22286
2019-08-23,10550,10585,10540,10555,95905
2019-08-26,10610,10635,10595,10615,34458
2019-08-27,10590,10590,10560,10560,43678
2019-08-28,10560,10585,10560,10585,38353
2019-08-29,10580,10605,10565,10605,32242
2019-08-30,10540,10565,10520,10565,28610
2019-09-02,10570,10590,10545,10560,24340
2019-09-03,10575,10605,10575,10600,14768
2019-09-04,10560,10570,10530,10535,17783
2019-09-05,10495,10500,10430,10470,83002
2019-09-06,10445,10445,10420,10435,30764
2019-09-09,10420,10420,10370,10395,46430
2019-09-10,10380,10405,10370,10405,9916
2019-09-11,10395,10410,10370,10385,27550
2019-09-16,10325,10340,10310,10315,24582
2019-09-17,10340,10385,10340,10385,21868
2019-09-18,10355,10400,10355,10395,19536
2019-09-19,10395,10445,10395,10410,69138
2019-09-20,10430,10435,10350,10365,26736
2019-09-23,10400,10425,10385,10420,31221
2019-09-24,10425,10435,10400,10435,49011
2019-09-25,10430,10470,10430,10465,29119
2019-09-26,10460,10475,10450,10465,15281
2019-09-27,10475,10495,10470,10475,9853
2019-09-30,10495,10505,10440,10445,14881
2019-10-01,10465,10475,10440,10475,53997
2019-10-02,10500,10530,10485,10530,15091
2019-10-04,10500,10500,10425,10455,20946
2019-10-07,10430,10460,10430,10450,8963
2019-10-08,10465,10465,10420,10420,31416
2019-10-10,10470,10490,10400,10450,5007
2019-10-11,10395,10415,10370,10390,17791
2019-10-14,10335,10360,10315,10350,34804
2019-10-15,10355,10365,10335,10355,8158
2019-10-16,10345,10390,10340,10380,12198
2019-10-17,10375,10375,10355,10375,10054
2019-10-18,10320,10335,10300,10330,36653
2019-10-21,10320,10320,10245,10245,46667
2019-10-22,10245,10255,10215,10225,27759
2019-10-23,10245,10280,10240,10250,12610
2019-10-24,10240,10260,10205,10255,29584
2019-10-25,10255,10275,10240,10255,15321
2019-10-28,10240,10240,10200,10230,12921
2019-10-29,10200,10225,10165,10170,11215
2019-10-30,10205,10220,10195,10210,9983
2019-10-31,10195,10195,10135,10180,24696
2019-11-01,10210,10240,10180,10195,6941
2019-11-04,10175,10175,10130,10140,24615
2019-11-05,10150,10160,10125,10125,20225
2019-11-06,10120,10130,10110,10115,13905
2019-11-07,10145,10160,10130,10145,11308
2019-11-08,10110,10125,10090,10125,11589
2019-11-11,10140,10200,10130,10200,19558
2019-11-12,10190,10190,10155,10155,11970
2019-11-13,10180,10220,10180,10210,6836
2019-11-14,10240,10250,10220,10250,66513
2019-11-15,10220,10225,10180,10205,14161
2019-11-18,10185,10200,10165,10190,27076
2019-11-19,10225,10230,10200,10220,10082
2019-11-20,10230,10245,10220,10240,10218
2019-11-21,10260,10310,10260,10310,86328
2019-11-22,10305,10320,10285,10320,15666
2019-11-25,10300,10315,10265,10280,93336
2019-11-26,10265,10300,10240,10295,23298
2019-11-27,10280,10305,10265,10305,5730
2019-11-28,10310,10330,10305,10320,19950
2019-11-29,10320,10345,10310,10345,9391
2019-12-02,10335,10355,10305,10355,69515
2019-12-03,10365,10390,10360,10385,63621
2019-12-04,10405,10465,10405,10455,60595
2019-12-05,10430,10435,10400,10425,15699
2019-12-06,10410,10425,10380,10415,15282
2019-12-09,10410,10415,10390,10415,9217
2019-12-10,10430,10450,10415,10435,8422
2019-12-11,10430,10460,10410,10460,30159
2019-12-12,10415,10430,10380,10390,34366
2019-12-13,10270,10285,10235,10260,59087
2019-12-16,10285,10295,10250,10265,17256
2019-12-17,10235,10240,10185,10210,18929
2019-12-18,10175,10230,10175,10230,22884
2019-12-19,10220,10220,10180,10205,15746
2019-12-20,10185,10205,10160,10165,13930
2019-12-23,10160,10190,10150,10190,26196
2019-12-24,10190,10200,10170,10185,74787
2019-12-26,10170,10170,10155,10170,31603
2019-12-27,10160,10170,10145,10165,17774
2019-12-30,10165,10165,10125,10130,46735
2020-01-02,10110,10155,10105,10155,133042
2020-01-03,10155,10230,10135,10225,98130
2020-01-06,10240,10275,10225,10270,37838
2020-01-07,10230,10230,10200,10230,23752
2020-01-08,10260,10330,10250,10270,123582
2020-01-09,10195,10195,10150,10165,63070
2020-01-10,10170,10200,10165,10185,12457
2020-01-13,10165,10165,10110,10135,36864
2020-01-14,10120,10140,10090,10140,34294
2020-01-15,10165,10190,10140,10150,74757
2020-01-16,10165,10185,10150,10185,26661
2020-01-17,10180,10180,10140,10170,44561
2020-01-20,10175,10190,10145,10160,50908
2020-01-21,10160,10270,10155,10235,86050
2020-01-22,10245,10250,10195,10220,92625
2020-01-23,10220,10250,10220,10250,190172
2020-01-28,10330,10335,10305,10325,112034
2020-01-29,10310,10335,10295,10335,92747
2020-01-30,10340,10405,10335,10400,107109
2020-01-31,10420,10460,10385,10460,99206
2020-02-03,10500,10515,10475,10485,115636
2020-02-04,10460,10475,10405,10425,228160
2020-02-05,10390,10465,10390,10460,125207
2020-02-06,10400,10400,10335,10355,158637
2020-02-07,10400,10435,10400,10420,52609
2020-02-10,10470,10480,10420,10425,52318
2020-02-11,10425,10425,10360,10380,60054
2020-02-12,10370,10395,10325,10355,109491
2020-02-13,10355,10385,10345,10385,15921
2020-02-14,10390,10410,10370,10395,12522
2020-02-17,10385,10395,10355,10395,20148
2020-02-18,10405,10450,10405,10450,14497
2020-02-19,10445,10475,10435,10450,334269
2020-02-20,10460,10550,10455,10530,137118
2020-02-21,10580,10620,10565,10620,155618
2020-02-24,10670,10715,10665,10715,134573
2020-02-25,10695,10700,10615,10635,135785
2020-02-26,10690,10715,10660,10690,35504
2020-02-27,10670,10700,10630,10695,8931
2020-02-28,10680,10695,10650,10675,27758
2020-03-02,10590,10605,10470,10495,53192
2020-03-03,10465,10505,10435,10500,124456
2020-03-04,10445,10445,10395,10440,115814
2020-03-05,10415,10440,10370,10380,44249
2020-03-06,10450,10495,10435,10480,68601
2020-03-09,10520,10600,10485,10590,129872
2020-03-10,10560,10560,10470,10490,188234
2020-03-11,10430,10525,10425,10495,109891
2020-03-12,10485,10610,10485,10610,127588
2020-03-13,10735,10825,10650,10690,479185
2020-03-16,10640,10785,10615,10785,341306
2020-03-17,10885,10950,10835,10935,765066
2020-03-18,10910,10975,10830,10975,339988
2020-03-19,11035,11410,10980,11315,1506658
2020-03-20,10995,11150,10910,10970,1406359
2020-03-23,11335,11350,11100,11155,560444
2020-03-24,11095,11115,10985,10985,355865
2020-03-25,10850,10900,10785,10805,899981
2020-03-26,10770,10850,10765,10850,287156
2020-03-27,10715,10720,10620,10670,284487
2020-03-30,10735,10805,10700,10785,319022
2020-03-31,10760,10775,10710,10735,126076
2020-04-01,10735,10860,10725,10850,331568
2020-04-02,10870,10940,10825,10825,127770
2020-04-03,10820,10875,10790,10860,188130
2020-04-06,10875,10915,10825,10840,334310
2020-04-07,10760,10800,10745,10770,249013
2020-04-08,10740,10790,10730,10770,260876
2020-04-09,10720,10775,10695,10760,252701
2020-04-10,10675,10720,10645,10655,532551
2020-04-13,10695,10765,10695,10745,347148
2020-04-14,10725,10750,10700,10725,244298
2020-04-16,10815,10840,10805,10835,198372
2020-04-17,10810,10810,10725,10730,123761
2020-04-20,10755,10775,10725,10755,81596
2020-04-21,10765,10935,10760,10845,238360
2020-04-22,10885,10910,10850,10855,101422
2020-04-23,10860,10900,10830,10835,94569
2020-04-24,10875,10910,10870,10910,49153
2020-04-27,10890,10900,10810,10815,93871
2020-04-28,10795,10835,10780,10805,200652
2020-04-29,10800,10800,10740,10760,64974
2020-05-04,10820,10850,10820,10845,95154
2020-05-06,10785,10825,10770,10795,51556
2020-05-07,10840,10845,10805,10810,35758
2020-05-08,10775,10775,10720,10765,89358
2020-05-11,10750,10765,10720,10765,28592
2020-05-12,10795,10840,10795,10820,71738
2020-05-13,10855,10855,10800,10800,50358
2020-05-14,10845,10855,10825,10835,40741
2020-05-15,10830,10870,10830,10870,78184
2020-05-18,10870,10890,10855,10880,66161
2020-05-19,10815,10835,10780,10825,35234
2020-05-20,10835,10850,10805,10850,28280
2020-05-21,10840,10880,10825,10860,29758
2020-05-22,10885,10935,10885,10920,75967
2020-05-25,10955,10985,10925,10980,54845
2020-05-26,10975,10975,10900,10905,37724
2020-05-27,10885,10905,10875,10900,47907
2020-05-28,10925,10965,10905,10945,45939
2020-05-29,10940,10950,10905,10920,57205
2020-06-01,10880,10885,10810,10810,245792
2020-06-02,10825,10830,10780,10820,94790
2020-06-03,10770,10770,10720,10740,137257
2020-06-04,10740,10760,10725,10760,188289
2020-06-05,10740,10755,10660,10665,101051
2020-06-08,10600,10650,10600,10630,77831
2020-06-09,10570,10595,10550,10570,164788
2020-06-10,10575,10600,10510,10515,103212
2020-06-11,10545,10570,10485,10570,167082
2020-06-12,10655,10685,10620,10625,90314
2020-06-15,10650,10745,10650,10745,75865
2020-06-16,10660,10675,10625,10665,99601
2020-06-17,10705,10765,10685,10720,92455
2020-06-18,10735,10755,10665,10675,94548
2020-06-19,10685,10720,10680,10680,86630
2020-06-22,10700,10735,10695,10735,29555
2020-06-23,10680,10740,10655,10685,24921
2020-06-24,10670,10670,10590,10605,36756
2020-06-25,10650,10670,10625,10640,31747
2020-06-26,10605,10605,10580,10605,20346
2020-06-29,10645,10650,10580,10595,58891
2020-06-30,10585,10630,10565,10630,45014
2020-07-01,10590,10645,10585,10635,183638
2020-07-02,10600,10635,10590,10595,142460
2020-07-03,10595,10620,10590,10590,131594
2020-07-06,10600,10600,10560,10560,68460
2020-07-07,10515,10565,10510,10560,30661
2020-07-08,10575,10590,10540,10550,30448
2020-07-09,10535,10570,10520,10555,49660
2020-07-10,10565,10650,10565,10635,53079
2020-07-13,10615,10620,10595,10600,16760
2020-07-14,10630,10665,10630,10650,60638
2020-07-15,10620,10620,10590,10605,66664
2020-07-16,10605,10655,10600,10650,54709
2020-07-17,10635,10655,10625,10650,19540
2020-07-20,10640,10655,10620,10625,18406
2020-07-21,10605,10605,10570,10580,49992
2020-07-22,10545,10550,10530,10545,39988
2020-07-23,10570,10600,10565,10565,63237
2020-07-24,10610,10625,10590,10610,54731
2020-07-27,10610,10610,10550,10560,42237
2020-07-28,10550,10600,10515,10565,90660
2020-07-29,10585,10585,10530,10530,54611
2020-07-30,10520,10555,10495,10550,65826
2020-07-31,10505,10520,10485,10520,58130
2020-08-03,10525,10560,10525,10540,33195
2020-08-04,10540,10560,10525,10540,37793
2020-08-05,10535,10540,10495,10505,75924
2020-08-06,10480,10480,10445,10465,41282
2020-08-07,10460,10500,10455,10470,95981
2020-08-10,10495,10500,10460,10465,78798
2020-08-11,10495,10495,10450,10475,48173
2020-08-12,10485,10485,10465,10470,31627
2020-08-13,10455,10460,10425,10455,80546
2020-08-14,10455,10490,10455,10470,205518
2020-08-18,10470,10480,10455,10470,201127
2020-08-19,10455,10460,10425,10435,136931
2020-08-20,10450,10505,10450,10495,241427
2020-08-21,10460,10480,10450,10480,91951
2020-08-24,10520,10530,10495,10510,52545
2020-08-25,10490,10510,10460,10475,48720
2020-08-26,10485,10505,10470,10480,68688
2020-08-27,10480,10490,10460,10470,40015
2020-08-28,10470,10495,10445,10455,47802
2020-08-31,10440,10485,10405,10485,149029
2020-09-01,10480,10490,10440,10460,68705
2020-09-02,10475,10490,10460,10480,71897
2020-09-03,10495,10505,10475,10500,49119
2020-09-04,10530,10530,10495,10510,36696
2020-09-07,10510,10510,10470,10505,88260
2020-09-08,10480,10505,10470,10490,32707
2020-09-09,10515,10520,10485,10510,71861
2020-09-10,10460,10485,10460,10470,75925
2020-09-11,10495,10510,10485,10490,74823
2020-09-14,10490,10490,10455,10465,103604
2020-09-15,10450,10455,10415,10420,68052
2020-09-16,10420,10440,10390,10395,39256
2020-09-17,10385,10405,10365,10380,42099
2020-09-18,10345,10345,10255,10260,94221
2020-09-21,10275,10280,10225,10240,49247
2020-09-22,10280,10300,10270,10295,37167
2020-09-23,10280,10300,10265,10290,21978
2020-09-24,10340,10370,10320,10370,123515
2020-09-25,10325,10370,10325,10370,58073
2020-09-28,10370,10385,10355,10370,42657
2020-09-29,10330,10350,10320,10345,34939
2020-10-05,10315,10315,10270,10290,59724
2020-10-06,10225,10275,10225,10265,162055
2020-10-07,10280,10305,10240,10245,160063
2020-10-08,10235,10245,10200,10200,102578
2020-10-12,10160,10170,10135,10140,133814
2020-10-13,10140,10175,10140,10140,34495
2020-10-14,10145,10160,10095,10135,31009
2020-10-15,10135,10135,10095,10110,36396
2020-10-16,10115,10145,10110,10145,22799
2020-10-19,10105,10110,10090,10100,29657
2020-10-20,10100,10100,10065,10080,27975
2020-10-21,10070,10070,10005,10010,61785
2020-10-22,10035,10050,10015,10020,28223
2020-10-23,10045,10055,10020,10030,15211
2020-10-26,10000,10000,9960,9960,107592
2020-10-27,10000,10000,9940,9955,108506
2020-10-28,9995,10000,9965,9995,18312
2020-10-29,10045,10045,10000,10010,25406
2020-10-30,10015,10025,9955,10025,47304
2020-11-02,10040,10050,10020,10030,30152
2020-11-03,10010,10050,10005,10025,52582
2020-11-04,9980,10140,9970,10050,80355
2020-11-05,10000,10025,9970,9985,48900
2020-11-06,9945,9970,9915,9915,59421
2020-11-09,9905,9910,9835,9850,231122
2020-11-10,9875,9900,9850,9860,43433
2020-11-11,9880,9880,9800,9815,104130
2020-11-12,9825,9870,9825,9870,81950
2020-11-13,9865,9885,9850,9860,51518
2020-11-16,9805,9825,9780,9815,337149
2020-11-17,9805,9810,9775,9780,115829
2020-11-18,9785,9805,9760,9775,54483
2020-11-19,9795,9880,9795,9875,55879
2020-11-20,9860,9875,9840,9865,40189
2020-11-23,9875,9875,9830,9830,29441
2020-11-24,9845,9860,9810,9835,48114
2020-11-25,9825,9825,9780,9810,77726
2020-11-26,9785,9800,9765,9765,41606
2020-11-27,9780,9785,9760,9770,127207
2020-11-30,9770,9795,9760,9795,57043
2020-12-01,9795,9810,9775,9795,41150
2020-12-02,9785,9790,9735,9740,63741
2020-12-03,9740,9750,9700,9700,283349
2020-12-04,9675,9680,9580,9585,315624
2020-12-07,9585,9600,9565,9575,144456
2020-12-08,9580,9610,9580,9605,113251
2020-12-09,9610,9610,9570,9600,65879
2020-12-10,9620,9625,9595,9625,73057
2020-12-11,9620,9675,9600,9645,102934
2020-12-14,9660,9665,9635,9660,100900
2020-12-15,9665,9695,9660,9665,198181
2020-12-16,9640,9680,9635,9680,134912
2020-12-17,9680,9685,9650,9675,80719
2020-12-18,9660,9735,9660,9735,81089
2020-12-21,9735,9770,9715,9760,171931
2020-12-22,9780,9810,9760,9800,167922
2020-12-23,9810,9820,9795,9800,160997
2020-12-24,9785,9790,9730,9745,182351
2020-12-28,9740,9750,9675,9700,125126
2020-12-29,9700,9705,9655,9655,97478
2020-12-30,9655,9670,9605,9620,404713
2021-01-04,9620,9630,9565,9585,302140
2021-01-05,9615,9630,9585,9625,173129
2021-01-06,9620,9650,9600,9620,185778
2021-01-07,9620,9655,9610,9630,124474
2021-01-08,9680,9730,9650,9660,291975
2021-01-11,9680,9750,9680,9725,292733
2021-01-12,9735,9770,9715,9740,284485
2021-01-13,9690,9710,9680,9700,216309
2021-01-14,9735,9770,9725,9730,183261
2021-01-15,9720,9740,9705,9740,86512
2021-01-18,9790,9810,9765,9780,141726
2021-01-19,9785,9785,9745,9770,98120
2021-01-20,9745,9765,9730,9750,84806
2021-01-21,9725,9755,9725,9735,73802
2021-01-22,9740,9785,9740,9775,80856
2021-01-25,9780,9795,9750,9760,116560
2021-01-26,9760,9805,9755,9805,121595
2021-01-27,9775,9800,9760,9785,94863
2021-01-28,9835,9925,9830,9925,188553
2021-01-29,9885,9940,9865,9915,186381
2021-02-01,9925,9935,9880,9885,1085343
2021-02-02,9885,9915,9865,9890,89408
2021-02-03,9890,9890,9850,9880,169515
2021-02-04,9870,9920,9860,9915,100752
2021-02-05,9930,9985,9920,9960,108332
2021-02-08,9915,9935,9895,9925,104133
2021-02-09,9900,9910,9870,9895,109119
2021-02-10,9855,9865,9810,9815,156941
2021-02-15,9785,9795,9755,9760,173995
2021-02-16,9770,9775,9720,9750,268782
2021-02-17,9815,9840,9790,9820,115193
2021-02-18,9810,9820,9775,9820,75384
2021-02-19,9820,9835,9795,9800,60569
2021-02-22,9785,9830,9775,9830,120246
2021-02-23,9840,9860,9820,9845,86919
2021-02-24,9835,9860,9815,9855,79619
2021-02-25,9800,9840,9795,9820,84363
2021-02-26,9915,9965,9910,9960,281127
2021-03-02,9900,9975,9890,9965,152946
2021-03-03,9975,9975,9930,9935,74374
2021-03-04,9980,10000,9955,9965,110806
2021-03-05,10020,10035,9960,9970,158214
2021-03-08,9985,10050,9985,10045,163920
2021-03-09,10100,10140,10075,10110,178557
2021-03-10,10065,10150,10065,10125,168284
2021-03-11,10090,10105,10050,10070,111687
2021-03-12,10020,10050,9990,10040,109997
2021-03-15,10070,10085,10040,10075,80979
2021-03-16,10050,10065,10010,10010,54128
2021-03-17,10020,10045,10015,10020,61675
2021-03-18,9940,9980,9940,9955,123259
2021-03-19,10010,10050,9995,10020,93177
2021-03-22,10025,10050,10010,10010,79227
2021-03-23,9985,10010,9975,10010,53083
2021-03-24,10035,10060,10030,10055,44961
2021-03-25,10070,10070,10035,10050,40971
2021-03-26,10050,10055,10005,10015,69742
2021-03-29,10020,10045,10015,10040,58408
2021-03-30,10040,10055,10035,10055,132765
2021-03-31,10055,10055,10025,10035,103480
2021-04-01,10005,10045,9985,10040,95805
2021-04-02,10010,10015,9985,10000,175538
2021-04-05,9990,10010,9990,10000,45021
2021-04-06,9975,9975,9930,9930,110121
2021-04-07,9905,9925,9885,9895,153811
2021-04-08,9920,9940,9900,9910,57225
2021-04-09,9895,9945,9875,9945,84059
2021-04-12,9935,9995,9935,9975,125073
2021-04-13,9985,10000,9970,9985,96082
2021-04-14,9950,9960,9900,9905,123726
2021-04-15,9905,9925,9890,9910,70062
2021-04-16,9920,9940,9870,9890,86461
2021-04-19,9900,9925,9880,9900,86526
2021-04-20,9890,9895,9845,9860,171145
2021-04-21,9890,9915,9885,9915,171687
2021-04-22,9890,9905,9875,9900,88263
2021-04-23,9925,9935,9905,9910,144823
2021-04-26,9890,9900,9845,9865,190225
2021-04-27,9845,9865,9825,9840,144728
2021-04-28,9860,9875,9850,9865,139287
2021-04-29,9835,9835,9800,9830,178078
2021-04-30,9825,9860,9810,9855,66353
2021-05-03,9895,9960,9885,9950,236863
2021-05-04,9940,9950,9920,9940,94132
2021-05-06,9960,9985,9960,9980,141247
2021-05-07,9940,9955,9925,9940,102568
2021-05-10,9875,9900,9865,9875,177594
2021-05-11,9890,9935,9890,9925,107142
2021-05-12,9925,9975,9925,9970,128897
2021-05-13,10035,10035,10000,10015,219414
2021-05-14,10000,10020,9990,10005,140825
2021-05-17,10005,10060,9980,10050,152488
2021-05-18,10060,10085,10010,10010,133498
2021-05-20,10035,10045,10015,10040,74305
2021-05-21,10000,10005,9975,9990,187366
2021-05-24,10000,10005,9985,9990,125993
2021-05-25,9975,9980,9950,9955,116713
2021-05-26,9950,9955,9890,9905,232863
2021-05-27,9905,9925,9900,9900,108767
2021-05-28,9905,9915,9875,9890,148530
2021-05-31,9875,9900,9850,9855,212889
2021-06-01,9830,9845,9800,9810,324304
2021-06-02,9830,9870,9815,9870,180743
2021-06-03,9860,9880,9840,9880,116633
2021-06-04,9905,9920,9890,9895,130821
2021-06-07,9860,9865,9835,9865,125961
2021-06-08,9845,9895,9845,9870,114161
2021-06-09,9910,9910,9880,9890,79730
2021-06-10,9895,9895,9875,9890,137609
2021-06-11,9870,9870,9840,9845,237148
2021-06-14,9885,9905,9880,9900,128560
2021-06-15,9905,9915,9895,9905,78206
2021-06-16,9910,9915,9895,9900,50336
2021-06-17,10005,10025,9990,10025,351926
2021-06-18,10030,10045,10020,10030,174159
2021-06-21,10045,10085,10040,10055,191233
2021-06-22,10035,10040,10015,10030,101259
2021-06-23,10030,10080,10030,10075,175145
2021-06-24,10065,10085,10045,10050,67135
2021-06-25,10030,10040,9985,10000,206111
2021-06-28,10000,10030,9990,10015,96043
2021-06-29,10015,10025,10005,10005,109021
2021-06-30,10015,10030,9975,9985,348864
2021-07-01,10005,10040,10000,10040,89317
2021-07-02,10045,10060,10040,10060,123790
2021-07-05,10025,10035,10000,10030,133627
2021-07-06,10025,10040,10010,10015,77176
2021-07-07,10055,10100,10050,10090,191414
2021-07-08,10115,10150,10095,10135,237375
2021-07-09,10165,10185,10155,10170,240194
2021-07-12,10150,10170,10135,10170,147175
2021-07-13,10155,10165,10125,10150,90825
2021-07-14,10190,10205,10180,10180,283086
2021-07-15,10155,10175,10100,10115,206746
2021-07-16,10125,10135,10085,10100,213338
2021-07-19,10115,10175,10115,10175,173702
2021-07-20,10200,10210,10175,10195,212280
2021-07-21,10185,10225,10170,10215,152848
2021-07-22,10200,10215,10185,10195,111225
2021-07-23,10205,10205,10180,10190,110585
2021-07-26,10195,10235,10190,10230,100907
2021-07-27,10215,10215,10180,10195,164768
2021-07-28,10220,10260,10215,10235,135693
2021-07-29,10200,10205,10140,10160,197349
2021-07-30,10140,10195,10135,10195,135156
2021-08-02,10205,10225,10185,10195,101261
2021-08-03,10200,10215,10170,10180,160568
2021-08-04,10170,10180,10120,10135,196078
2021-08-05,10140,10155,10105,10135,211406
2021-08-06,10125,10140,10100,10125,122794
2021-08-09,10150,10165,10135,10145,125793
2021-08-10,10175,10190,10155,10190,114701
2021-08-11,10210,10245,10210,10245,162418
2021-08-12,10210,10290,10210,10280,177372
2021-08-13,10295,10355,10295,10340,303244
2021-08-17,10330,10435,10325,10420,417332
2021-08-18,10425,10445,10335,10345,305876
2021-08-19,10375,10425,10370,10415,320764
2021-08-20,10415,10450,10365,10445,355076
2021-08-23,10410,10420,10365,10395,257984
2021-08-24,10355,10360,10315,10320,275056
2021-08-25,10310,10340,10290,10325,129361
2021-08-26,10310,10370,10295,10360,208659
2021-08-27,10360,10395,10335,10350,133945
2021-08-30,10285,10325,10280,10325,184091
2021-08-31,10325,10325,10250,10260,331552
2021-09-01,10260,10295,10230,10240,307300
2021-09-02,10225,10285,10220,10280,139785
2021-09-03,10260,10260,10220,10230,132087
2021-09-06,10230,10260,10230,10230,93527
2021-09-07,10235,10260,10230,10250,65075
2021-09-08,10285,10325,10285,10325,135114
2021-09-09,10340,10365,10335,10355,167518
2021-09-10,10360,10385,10330,10345,158738
2021-09-13,10350,10420,10350,10410,230188
2021-09-14,10400,10400,10355,10365,187332
2021-09-15,10375,10385,10345,10360,148435
2021-09-16,10330,10370,10320,10370,208981
2021-09-17,10395,10440,10390,10395,225837
2021-09-23,10460,10495,10410,10410,583959
2021-09-24,10385,10425,10365,10415,580744
2021-09-27,10440,10440,10385,10400,301089
2021-09-28,10430,10480,10430,10480,226161
2021-09-29,10515,10515,10465,10465,336234
2021-09-30,10500,10515,10470,10480,224735
2021-10-01,10485,10520,10480,10510,178142
2021-10-05,10490,10525,10475,10525,258160
2021-10-06,10500,10560,10495,10560,231075
2021-10-07,10525,10545,10510,10530,298168
2021-10-08,10535,10575,10525,10565,337721
2021-10-12,10585,10620,10585,10610,262220
2021-10-13,10610,10610,10555,10565,402023
2021-10-14,10505,10530,10485,10490,325938
2021-10-15,10480,10480,10445,10450,444982
2021-10-18,10480,10510,10465,10510,258666
2021-10-19,10475,10490,10430,10430,187184
2021-10-20,10410,10430,10370,10380,263037
2021-10-21,10395,10425,10380,10415,120974
2021-10-22,10425,10440,10415,10415,129230
2021-10-25,10415,10420,10325,10325,219257
2021-10-26,10325,10350,10295,10315,166360
2021-10-27,10330,10360,10310,10350,152966
2021-10-28,10370,10385,10345,10350,145831
2021-10-29,10335,10355,10330,10335,153443
2021-11-01,10370,10420,10370,10405,316973
2021-11-02,10415,10415,10385,10390,170634
2021-11-03,10410,10450,10410,10445,128891
2021-11-04,10410,10455,10400,10450,102261
2021-11-05,10480,10490,10465,10485,231877
2021-11-08,10450,10485,10445,10455,134876
2021-11-09,10455,10455,10405,10415,188656
2021-11-10,10415,10460,10415,10445,82612
2021-11-11,10470,10495,10445,10445,149456
2021-11-12,10445,10450,10400,10435,90606
2021-11-15,10430,10450,10410,10415,118849
2021-11-16,10450,10460,10390,10420,121758
2021-11-17,10445,10485,10440,10445,179742
2021-11-18,10445,10455,10405,10425,96997
2021-11-19,10445,10475,10430,10465,124211
2021-11-22,10510,10520,10475,10475,135773
2021-11-23,10510,10515,10490,10515,127873
2021-11-24,10515,10520,10480,10480,70903
2021-11-25,10500,10520,10495,10515,130013
2021-11-26,10515,10550,10510,10535,117792
2021-11-29,10565,10565,10520,10540,164350
2021-11-30,10510,10520,10480,10495,95508
2021-12-01,10455,10475,10405,10415,411791
2021-12-02,10425,10425,10380,10390,317712
2021-12-03,10400,10430,10390,10415,156477
2021-12-06,10450,10475,10430,10450,152399
2021-12-07,10430,10460,10420,10425,63327
2021-12-08,10405,10415,10380,10390,120681
2021-12-09,10365,10385,10365,10370,86562
2021-12-10,10415,10425,10395,10425,73190
2021-12-13,10425,10435,10400,10425,101499
2021-12-14,10465,10470,10440,10440,80113
2021-12-15,10460,10490,10460,10480,120553
2021-12-16,10455,10470,10440,10460,154188
2021-12-17,10465,10485,10440,10440,99894
2021-12-20,10490,10535,10480,10530,236932
2021-12-21,10520,10545,10505,10540,135008
2021-12-22,10530,10540,10515,10540,157296
2021-12-23,10510,10525,10480,10495,98391
2021-12-24,10480,10500,10475,10495,67150
2021-12-27,10485,10495,10475,10490,137829
2021-12-28,10485,10505,10480,10495,43239
2021-12-29,10490,10505,10490,10500,36110
2021-12-30,10490,10515,10465,10515,98169
2022-01-03,10515,10555,10500,10545,176273
2022-01-04,10565,10575,10540,10560,174714
2022-01-05,10580,10605,10575,10585,194827
2022-01-06,10625,10625,10585,10610,206446
2022-01-07,10640,10645,10610,10610,239962
2022-01-10,10610,10625,10595,10600,107460
2022-01-11,10585,10585,10545,10565,107487
2022-01-12,10520,10535,10510,10520,105730
2022-01-13,10490,10520,10490,10505,143389
2022-01-14,10505,10515,10485,10500,112026
2022-01-17,10505,10550,10505,10535,138934
2022-01-18,10530,10535,10480,10525,99485
2022-01-19,10545,10550,10520,10530,464583
2022-01-20,10520,10545,10500,10535,104592
2022-01-21,10545,10565,10535,10555,352404
2022-01-24,10550,10570,10545,10570,159948
2022-01-25,10565,10610,10565,10600,156614
2022-01-26,10585,10595,10570,10590,76568
2022-01-27,10610,10640,10610,10635,177700
2022-01-28,10635,10680,10635,10660,235291
2022-02-03,10630,10670,10630,10670,144174
2022-02-04,10630,10630,10580,10580,170480
2022-02-07,10605,10615,10585,10610,72843
2022-02-08,10585,10600,10575,10595,185531
2022-02-09,10590,10590,10565,10575,188785
2022-02-10,10560,10585,10555,10580,102221
2022-02-11,10610,10625,10595,10605,177963
2022-02-14,10605,10610,10570,10570,83128
2022-02-15,10580,10610,10575,10605,48750
2022-02-16,10575,10590,10570,10580,42041
2022-02-17,10580,10615,10560,10585,116393
2022-02-18,10590,10600,10560,10565,61585
2022-02-21,10580,10600,10530,10530,103238
2022-02-22,10570,10575,10545,10550,112294
2022-02-23,10550,10555,10520,10555,115652
2022-02-24,10560,10640,10555,10620,184575
2022-02-25,10650,10650,10610,10625,188971
2022-02-28,10635,10680,10630,10630,139131
2022-03-02,10650,10665,10635,10655,133238
2022-03-03,10650,10650,10625,10645,74320
2022-03-04,10670,10730,10670,10725,182133
2022-03-07,10785,10860,10780,10855,290713
2022-03-08,10890,10950,10880,10935,196106
2022-03-10,10835,10885,10820,10865,140360
2022-03-11,10865,10915,10865,10885,74230
2022-03-14,10935,10975,10910,10975,178403
2022-03-15,10975,11000,10955,10980,118518
2022-03-16,10975,11000,10915,10915,352794
2022-03-17,10830,10850,10725,10735,205358
2022-03-18,10710,10760,10665,10710,169718
2022-03-21,10720,10755,10700,10750,312501
2022-03-22,10785,10815,10770,10770,82929
2022-03-23,10735,10735,10705,10735,98992
2022-03-24,10770,10795,10760,10770,43916
2022-03-25,10780,10790,10750,10775,45492
2022-03-28,10815,10845,10805,10845,205432
2022-03-29,10815,10815,10775,10785,42643
2022-03-30,10700,10720,10675,10695,124498
2022-03-31,10705,10720,10680,10720,99207
2022-04-01,10745,10770,10735,10745,46852
2022-04-04,10775,10785,10725,10725,98818
2022-04-05,10755,10755,10700,10715,94034
2022-04-06,10765,10795,10755,10770,166820
2022-04-07,10770,10780,10750,10780,230130
2022-04-08,10810,10830,10790,10820,61692
2022-04-11,10860,10905,10860,10900,241572
2022-04-12,10915,10940,10905,10925,233268
2022-04-13,10875,10880,10820,10845,161765
2022-04-14,10820,10830,10805,10815,69773
2022-04-15,10865,10885,10850,10860,69320
2022-04-18,10865,10905,10865,10900,64816
2022-04-19,10900,10930,10890,10930,84819
2022-04-20,10945,10960,10880,10910,115891
2022-04-21,10905,10935,10905,10935,68452
2022-04-22,10975,11000,10935,10950,89673
2022-04-25,10985,11045,10985,11045,122296
2022-04-26,11045,11050,11005,11050,88894
2022-04-27,11140,11180,11140,11175,130969
2022-04-28,11175,11265,11150,11250,143798
2022-04-29,11250,11250,11100,11100,245187
2022-05-02,11185,11205,11160,11180,128141
2022-05-03,11200,11210,11165,11200,105037
2022-05-04,11155,11185,11120,11185,71864
2022-05-06,11220,11280,11220,11245,127316
2022-05-09,11255,11285,11250,11265,106853
2022-05-10,11275,11305,11250,11275,189486
2022-05-11,11285,11315,11265,11280,116684
2022-05-12,11325,11420,11325,11410,137306
2022-05-13,11410,11420,11325,11350,115262
2022-05-16,11285,11380,11270,11345,179768
2022-05-17,11330,11330,11270,11285,142190
2022-05-18,11205,11250,11195,11200,124107
2022-05-19,11275,11290,11245,11290,181516
2022-05-20,11195,11255,11195,11210,126377
2022-05-23,11230,11235,11170,11175,80867
2022-05-24,11145,11195,11145,11190,123033
2022-05-25,11160,11185,11140,11185,118478
2022-05-26,11185,11220,11170,11205,107257
2022-05-27,11160,11160,11075,11110,90773
2022-05-30,11110,11115,10945,10945,176218
2022-05-31,10945,10985,10920,10945,66673
2022-06-02,11010,11095,11010,11075,52520
2022-06-03,10995,11005,10945,10980,49212
2022-06-07,11060,11135,11060,11130,85712
2022-06-08,11115,11125,11080,11090,49118
2022-06-09,11105,11155,11080,11105,67807
2022-06-10,11190,11210,11165,11205,77849
2022-06-13,11350,11395,11320,11360,244457
2022-06-14,11410,11425,11365,11365,135743
2022-06-15,11385,11440,11385,11405,75639
2022-06-16,11285,11395,11285,11370,133426
2022-06-17,11380,11415,11330,11380,118510
2022-06-20,11395,11445,11375,11405,101442
2022-06-21,11405,11440,11380,11440,69776
2022-06-22,11405,11475,11405,11460,62817
2022-06-23,11475,11520,11460,11505,112990
2022-06-24,11505,11515,11450,11485,133638
2022-06-27,11430,11445,11320,11370,93423
2022-06-28,11370,11385,11340,11350,60160
2022-06-29,11420,11480,11400,11480,79220
2022-06-30,11490,11530,11470,11485,91590
2022-07-01,11415,11490,11400,11480,200966
2022-07-04,11480,11495,11465,11475,63971
2022-07-05,11470,11510,11445,11500,72709
2022-07-06,11575,11595,11545,11565,95282
2022-07-07,11550,11575,11460,11500,87159
2022-07-08,11470,11530,11455,11505,77835
2022-07-11,11470,11525,11470,11525,127114
2022-07-12,11595,11645,11575,11610,148080
2022-07-13,11570,11585,11525,11570,131606
2022-07-14,11560,11605,11540,11595,87634
2022-07-15,11650,11735,11650,11725,112396
2022-07-18,11680,11695,11620,11660,146262
2022-07-19,11660,11675,11595,11625,72575
2022-07-20,11560,11620,11525,11605,154012
2022-07-21,11610,11650,11570,11575,93310
2022-07-22,11575,11630,11570,11615,86959
2022-07-25,11620,11630,11575,11625,94455
2022-07-26,11615,11620,11565,11585,105717
2022-07-27,11595,11640,11580,11615,44252
2022-07-28,11565,11590,11505,11505,76828
2022-07-29,11495,11520,11460,11510,87612
2022-08-01,11565,11585,11535,11550,87105
2022-08-02,11575,11605,11555,11555,79070
2022-08-03,11635,11640,11570,11605,79758
2022-08-04,11575,11620,11575,11605,47108
2022-08-05,11550,11555,11480,11505,126886
2022-08-08,11545,11570,11535,11570,60400
2022-08-09,11540,11580,11525,11560,45569
2022-08-10,11575,11615,11575,11615,45584
2022-08-11,11515,11560,11500,11550,106771
2022-08-12,11580,11580,11510,11540,147427
2022-08-16,11625,11630,11580,11600,189231
2022-08-17,11600,11620,11595,11600,64194
2022-08-18,11660,11710,11635,11695,158163
2022-08-19,11750,11780,11740,11750,163490
2022-08-22,11830,11885,11825,11875,126397
2022-08-23,11910,11930,11850,11930,86233
2022-08-24,11900,11920,11870,11910,61539
2022-08-25,11895,11900,11825,11835,46002
2022-08-26,11825,11845,11790,11805,55349
2022-08-29,11910,11975,11900,11970,142042
2022-08-30,11945,11970,11925,11945,195028
2022-08-31,11965,11990,11860,11875,254281
2022-09-01,11910,12020,11910,12010,102082
2022-09-02,12010,12085,11995,12085,64722
2022-09-05,12100,12200,12075,12175,154975
2022-09-06,12140,12215,12105,12170,177574
2022-09-07,12240,12320,12230,12300,291467
2022-09-08,12220,12285,12220,12250,124154
2022-09-13,12190,12225,12175,12200,194627
2022-09-14,12360,12385,12325,12340,146382
2022-09-15,12350,12415,12345,12385,183943
2022-09-16,12430,12430,12325,12340,183842
2022-09-19,12280,12380,12280,12375,158039
2022-09-20,12340,12345,12320,12345,154357
2022-09-21,12340,12405,12320,12395,115321
2022-09-22,12445,12545,12440,12545,300719
2022-09-23,12490,12535,12465,12510,439928
2022-09-26,12610,12745,12595,12720,540601
2022-09-27,12700,12720,12640,12640,289145
2022-09-28,12650,12800,12650,12795,223643
2022-09-29,12675,12785,12660,12785,245026
2022-09-30,12715,12745,12685,12720,245250
2022-10-04,12720,12760,12650,12650,308429
2022-10-05,12575,12640,12530,12530,249013
2022-10-06,12560,12575,12415,12465,301110
2022-10-07,12540,12565,12460,12565,219402
2022-10-11,12690,12790,12690,12765,253700
2022-10-12,12735,12770,12645,12665,451788
2022-10-13,12680,12720,12655,12720,328056
2022-10-14,12725,12750,12670,12695,166063
2022-10-17,12805,12820,12745,12765,323965
2022-10-18,12710,12730,12620,12650,546799
2022-10-19,12660,12705,12570,12685,310343
2022-10-20,12755,12775,12700,12740,312450
2022-10-21,12740,12820,12730,12815,191499
2022-10-24,12715,12820,12710,12800,333026
2022-10-25,12835,12845,12735,12755,470810
2022-10-26,12725,12745,12665,12680,228633
2022-10-27,12595,12665,12570,12605,370636
2022-10-28,12650,12675,12585,12640,254530
2022-10-31,12655,12690,12615,12665,91442
2022-11-01,12700,12720,12585,12600,139053
2022-11-02,12615,12645,12600,12620,252500
2022-11-03,12675,12715,12620,12670,180841
2022-11-04,12690,12720,12595,12625,109271
2022-11-07,12560,12575,12445,12470,590327
2022-11-08,12400,12400,12300,12305,471339
2022-11-09,12260,12280,12105,12150,287678
2022-11-10,12190,12250,12110,12250,220781
2022-11-11,11995,12010,11690,11740,742888
2022-11-14,11740,11855,11645,11815,464213
2022-11-15,11805,11815,11715,11735,222875
2022-11-16,11725,11860,11710,11805,275489
2022-11-17,11870,11975,11850,11920,238450
2022-11-18,11950,11980,11900,11925,163030
2022-11-21,11950,12080,11945,12080,228268
2022-11-22,12115,12145,12040,12080,168593
2022-11-23,12045,12080,12000,12040,142007
2022-11-24,11930,11945,11805,11830,292304
2022-11-25,11820,11885,11755,11805,256304
2022-11-28,11930,11965,11895,11950,131627
2022-11-29,11955,11965,11800,11835,158530
2022-11-30,11850,11855,11730,11765,262942
2022-12-01,11590,11665,11560,11590,463111
2022-12-02,11625,11630,11570,11595,361652
2022-12-05,11580,11585,11505,11525,216365
2022-12-06,11630,11765,11620,11765,218338
2022-12-07,11795,11835,11715,11795,393541
2022-12-08,11740,11810,11740,11770,296311
2022-12-09,11755,11765,11595,11610,261993
2022-12-12,11670,11725,11655,11660,113730
2022-12-13,11655,11685,11600,11630,168174
2022-12-14,11520,11615,11520,11580,102837
2022-12-15,11580,11630,11580,11625,62298
2022-12-16,11770,11775,11645,11650,160244
2022-12-19,11690,11720,11585,11635,120507
2022-12-20,11645,11660,11460,11535,303984
2022-12-21,11490,11520,11460,11475,145397
2022-12-22,11460,11480,11365,11385,183512
2022-12-23,11475,11490,11425,11435,187050
2022-12-26,11420,11455,11385,11385,131552
2022-12-27,11375,11390,11305,11370,424630
2022-12-28,11380,11380,11320,11340,98295
2022-12-29,11360,11360,11290,11305,88741
2023-01-02,11270,11375,11270,11375,137296
2023-01-03,11405,11435,11305,11360,263388
2023-01-04,11445,11450,11355,11380,123839
2023-01-05,11375,11400,11335,11350,339870
2023-01-06,11400,11410,11275,11355,122473
2023-01-09,11240,11240,11125,11140,321830
2023-01-10,11100,11140,11065,11135,281500
2023-01-11,11120,11190,11100,11145,325255
2023-01-12,11120,11155,11105,11145,134959
2023-01-13,11145,11150,11055,11125,113224
2023-01-16,11105,11105,11025,11070,277123
2023-01-17,11090,11125,11075,11105,130764
2023-01-18,11095,11170,11070,11095,158391
2023-01-19,11095,11125,11040,11045,121657
2023-01-20,11050,11095,11025,11070,151158
2023-01-25,11080,11095,11045,11050,83669
2023-01-26,11040,11050,11030,11030,101260
2023-01-27,11035,11055,11010,11040,65761
2023-01-30,11040,11040,11005,11015,128789
2023-01-31,11060,11060,11015,11055,256987
2023-02-01,11055,11060,11030,11055,81512
2023-02-02,10965,10975,10915,10940,222761
2023-02-03,10985,11040,10985,11040,169170
2023-02-06,11200,11255,11165,11255,211803
2023-02-07,11315,11315,11240,11280,256819
2023-02-08,11255,11325,11235,11320,127616
2023-02-09,11325,11370,11305,11315,117669
2023-02-10,11350,11375,11335,11365,180972
2023-02-13,11390,11480,11375,11470,160621
2023-02-14,11425,11435,11375,11400,129009
2023-02-15,11425,11545,11425,11530,321006
2023-02-16,11530,11580,11495,11545,112483
2023-02-17,11620,11705,11600,11685,154539
2023-02-20,11665,11680,11615,11640,379365
2023-02-21,11640,11665,11625,11635,103770
2023-02-22,11730,11740,11685,11720,98339
2023-02-23,11715,11740,11630,11660,142842
2023-02-24,11675,11730,11655,11730,221109
2023-02-27,11825,11890,11790,11890,277913
2023-02-28,11860,11935,11815,11905,795072
2023-03-02,11770,11830,11725,11820,156023
2023-03-03,11805,11805,11695,11695,480311
2023-03-06,11675,11705,11640,11675,661661
2023-03-07,11680,11710,11665,11685,282499
2023-03-08,11840,11900,11795,11870,184958
2023-03-09,11865,11900,11825,11900,151930
2023-03-10,11925,11965,11885,11915,172172
2023-03-13,11875,11875,11690,11705,278278
2023-03-14,11670,11790,11670,11790,263457
2023-03-15,11735,11765,11685,11750,355011
2023-03-16,11840,11855,11780,11815,123028
2023-03-17,11710,11795,11710,11750,141883
2023-03-20,11735,11830,11710,11810,164668
2023-03-21,11755,11815,11750,11815,118054
2023-03-22,11750,11810,11750,11780,51236
2023-03-23,11725,11735,11515,11540,270275
2023-03-24,11595,11665,11580,11655,137025
2023-03-27,11670,11760,11670,11735,165080
2023-03-28,11700,11725,11675,11715,129014
2023-03-29,11710,11755,11695,11755,42297
2023-03-30,11775,11800,11715,11730,207208
2023-03-31,11710,11730,11625,11730,488887
2023-04-03,11770,11915,11770,11905,343092
2023-04-04,11820,11890,11775,11890,235424
2023-04-05,11860,11880,11820,11830,365206
2023-04-06,11900,11925,11885,11900,272419
2023-04-07,11920,11935,11885,11885,114244
2023-04-10,11910,11955,11890,11915,79046
2023-04-11,11920,11950,11895,11940,85270
2023-04-12,11940,11980,11940,11970,114639
2023-04-13,11950,12000,11845,11865,101454
2023-04-14,11830,11830,11715,11750,101467
2023-04-17,11800,11885,11800,11870,83284
2023-04-18,11915,11945,11900,11915,90476
2023-04-19,11925,12000,11885,12000,74846
2023-04-20,12020,12050,11940,11960,151244
2023-04-21,11975,12035,11975,12010,53588
2023-04-24,12055,12100,12020,12080,92814
2023-04-25,12070,12115,12030,12080,55437
2023-04-26,12120,12140,12080,12090,82412
2023-04-27,12100,12160,12100,12110,95215
2023-04-28,12110,12155,12105,12125,23292
2023-05-02,12155,12180,12110,12150,89678
2023-05-03,12180,12180,12120,12120,28872
2023-05-04,12115,12115,11980,12000,79629
2023-05-08,12000,12035,11975,11990,35903
2023-05-09,12015,12045,11990,12015,25422
2023-05-10,12015,12040,12005,12020,18943
2023-05-11,11975,12035,11950,12035,39057
2023-05-12,12120,12150,12050,12130,48708
2023-05-15,12180,12185,12120,12135,31702
2023-05-16,12145,12170,12110,12170,16608
2023-05-17,12105,12200,12105,12155,37905
2023-05-18,12120,12160,12085,12135,27020
2023-05-19,12125,12140,12060,12065,27010
2023-05-22,12050,12070,11965,11995,47046
2023-05-23,11960,11960,11900,11940,43358
2023-05-24,12015,12015,11965,11970,19807
2023-05-25,12000,12065,11990,12065,107698
2023-05-26,12115,12115,12035,12055,28954
2023-05-30,12055,12070,11990,12055,67278
2023-05-31,12020,12070,11975,12070,62396
2023-06-01,12035,12045,12005,12025,25973
2023-06-02,11960,11960,11875,11875,97754
2023-06-05,11890,11945,11890,11915,57100
2023-06-07,11845,11875,11820,11875,66411
2023-06-08,11935,11935,11865,11885,70341
2023-06-09,11820,11825,11765,11780,63188
2023-06-12,11775,11790,11735,11740,46544
2023-06-13,11720,11720,11585,11595,193065
2023-06-14,11565,11670,11565,11660,60448
2023-06-15,11640,11730,11620,11680,79324
2023-06-16,11670,11675,11580,11605,64861
2023-06-19,11655,11710,11645,11680,77083
2023-06-20,11700,11715,11655,11685,95268
2023-06-21,11725,11800,11725,11780,72045
2023-06-22,11775,11815,11755,11815,46326
2023-06-23,11875,11915,11845,11895,107826
2023-06-26,11925,11950,11875,11915,88478
2023-06-27,11915,11945,11845,11880,95403
2023-06-28,11875,11940,11855,11935,54911
2023-06-29,11955,12030,11920,12025,43112
2023-06-30,12060,12105,12030,12045,69502
2023-07-03,12025,12030,11935,11965,84768
2023-07-04,11965,11965,11870,11915,78054
2023-07-05,11880,11935,11855,11880,35963
2023-07-06,11910,11950,11895,11910,48411
2023-07-07,11970,11990,11920,11925,44298
2023-07-10,11900,11960,11880,11940,46541
2023-07-11,11895,11905,11800,11825,67478
2023-07-12,11835,11855,11785,11800,41275
2023-07-13,11690,11720,11645,11680,155230
2023-07-14,11625,11640,11535,11575,150390
2023-07-17,11630,11635,11570,11610,116119
2023-07-18,11605,11605,11520,11555,54407
2023-07-19,11620,11625,11560,11580,20599
2023-07-20,11605,11645,11560,11645,56660
2023-07-21,11705,11775,11695,11745,148678
2023-07-24,11800,11810,11730,11740,63706
2023-07-25,11760,11780,11700,11700,129769
2023-07-26,11700,11760,11690,11700,71565
2023-07-27,11675,11715,11630,11710,40812
2023-07-28,11760,11780,11695,11705,42883
2023-07-31,11705,11710,11660,11680,38529
2023-08-01,11700,11780,11690,11780,81579
2023-08-02,11805,11920,11805,11920,174434
2023-08-03,11905,11950,11885,11925,64190
2023-08-04,11910,12020,11905,12015,42564
2023-08-07,11980,12010,11930,11985,54258
2023-08-08,11990,12085,11975,12080,80084
2023-08-09,12085,12130,12075,12080,145996
2023-08-10,12080,12120,12070,12090,80616
2023-08-11,12110,12165,12100,12160,46015
2023-08-14,12220,12265,12200,12220,94918
2023-08-16,12310,12325,12285,12285,163488
2023-08-17,12335,12360,12315,12325,179698
2023-08-18,12320,12325,12250,12310,123944
2023-08-21,12310,12365,12305,12365,75313
2023-08-22,12345,12350,12285,12285,108172
2023-08-23,12320,12340,12285,12315,28793
2023-08-24,12225,12250,12140,12155,102149
2023-08-25,12215,12235,12165,12180,80214
2023-08-28,12170,12200,12135,12180,50806
2023-08-29,12160,12190,12145,12160,33401
2023-08-30,12120,12190,12120,12190,21643
2023-08-31,12190,12195,12160,12190,49963
2023-09-01,12210,12210,12120,12140,46997
2023-09-04,12155,12185,12130,12145,41712
2023-09-05,12150,12250,12145,12250,43200
2023-09-06,12295,12330,12250,12265,68246
2023-09-07,12320,12335,12270,12290,38198
2023-09-08,12310,12330,12280,12280,50693
2023-09-11,12290,12315,12250,12285,35965
2023-09-12,12235,12250,12205,12235,30362
2023-09-13,12255,12270,12220,12270,16332
2023-09-14,12255,12260,12205,12220,15291
2023-09-15,12260,12275,12225,12235,17973
2023-09-18,12260,12260,12195,12205,23345
2023-09-19,12205,12255,12180,12255,21144
2023-09-20,12275,12285,12245,12270,19718
2023-09-21,12305,12400,12305,12385,135319
2023-09-22,12385,12385,12320,12345,32756
2023-09-25,12345,12345,12280,12345,33488
2023-09-26,12365,12475,12355,12470,65311
2023-09-27,12510,12535,12460,12480,69343
2023-10-04,12595,12605,12555,12595,132491
2023-10-05,12535,12535,12445,12490,125776
2023-10-06,12470,12505,12440,12475,85480
2023-10-10,12480,12520,12435,12500,51605
2023-10-11,12445,12445,12380,12390,129317
2023-10-12,12390,12440,12380,12395,42148
2023-10-13,12500,12505,12475,12505,24268
2023-10-16,12520,12560,12505,12545,83504
2023-10-17,12490,12550,12490,12530,20459
2023-10-18,12535,12560,12480,12490,58346
2023-10-19,12545,12600,12545,12585,49624
2023-10-20,12575,12600,12510,12530,57864
2023-10-23,12535,12565,12525,12540,25424
2023-10-24,12485,12490,12435,12460,39946
2023-10-25,12460,12510,12460,12510,56445
2023-10-26,12565,12625,12545,12620,98308
2023-10-27,12575,12580,12510,12570,34255
2023-10-30,12590,12595,12530,12530,31588
2023-10-31,12495,12560,12490,12535,37269
2023-11-01,12540,12610,12540,12600,33699
2023-11-02,12515,12515,12440,12470,57730
2023-11-03,12400,12410,12235,12275,147505
2023-11-06,12165,12195,12060,12065,179674
2023-11-07,12080,12170,12080,12160,93293
2023-11-08,12110,12185,12070,12170,153019
2023-11-09,12145,12200,12100,12160,74004
2023-11-10,12235,12250,12210,12225,89895
2023-11-13,12240,12320,12240,12305,78785
2023-11-14,12265,12360,12255,12350,74448
2023-11-15,12130,12165,12065,12100,111817
2023-11-16,12130,12175,12055,12095,57007
2023-11-17,12040,12080,12005,12065,99849
2023-11-20,12065,12095,11970,12030,111424
2023-11-21,12005,12020,11955,11990,69408
2023-11-22,12050,12095,12020,12090,71230
2023-11-23,12105,12120,12060,12090,41279
2023-11-24,12120,12155,12080,12155,59391
2023-11-27,12135,12180,12105,12155,48647
2023-11-28,12100,12100,12025,12055,48548
2023-11-29,12010,12035,11980,12020,67709
2023-11-30,12020,12050,11990,12020,55784
2023-12-01,12095,12185,12090,12170,125351
2023-12-04,12085,12170,12075,12165,42941
2023-12-05,12210,12255,12200,12225,87779
2023-12-06,12235,12255,12220,12250,38893
2023-12-07,12270,12380,12270,12375,167451
2023-12-08,12285,12285,12175,12200,83664
2023-12-11,12275,12320,12260,12295,60131
2023-12-12,12280,12300,12265,12270,44385
2023-12-13,12240,12320,12240,12315,51770
2023-12-14,12110,12115,12075,12105,110978
2023-12-15,12065,12110,12055,12095,58952
2023-12-18,12150,12155,12105,12115,53018
2023-12-19,12150,12220,12135,12200,51332
2023-12-20,12165,12185,12125,12140,53430
2023-12-21,12165,12195,12165,12190,51914
2023-12-22,12135,12180,12130,12170,41378
2023-12-26,12150,12170,12075,12095,74669
2023-12-27,12125,12125,12085,12105,15827
2023-12-28,12100,12100,12040,12065,68368
2024-01-02,12085,12195,12075,12160,86522
2024-01-03,12280,12280,12200,12200,61416
2024-01-04,12280,12285,12250,12265,34255
2024-01-05,12290,12335,12280,12320,86918
2024-01-08,12320,12340,12290,12335,52980
2024-01-09,12290,12335,12270,12320,65971
2024-01-10,12375,12385,12350,12380,24629
2024-01-11,12375,12375,12315,12315,22703
2024-01-12,12320,12350,12300,12315,17904
2024-01-15,12325,12400,12325,12370,67135
2024-01-16,12400,12500,12395,12495,53132
2024-01-17,12540,12640,12540,12615,101319
2024-01-18,12625,12635,12565,12570,52599
2024-01-19,12570,12575,12515,12575,36998
2024-01-22,12520,12570,12480,12565,34170
2024-01-23,12570,12585,12515,12515,26517
2024-01-24,12560,12590,12555,12560,32964
2024-01-25,12540,12560,12530,12550,13266
2024-01-26,12565,12580,12525,12555,36330
2024-01-29,12575,12580,12545,12550,29112
2024-01-30,12535,12535,12485,12485,35290
2024-01-31,12505,12550,12485,12545,27108
2024-02-01,12545,12550,12500,12525,53439
2024-02-02,12500,12500,12420,12435,101335
2024-02-05,12560,12595,12510,12510,92150
2024-02-06,12560,12560,12470,12490,17562
2024-02-07,12485,12500,12445,12490,23838
2024-02-08,12490,12510,12470,12490,28210
2024-02-13,12505,12515,12490,12505,62718
2024-02-14,12620,12620,12565,12575,62791
2024-02-15,12550,12575,12530,12570,15132
2024-02-16,12520,12570,12515,12570,40073
2024-02-19,12570,12585,12540,12580,22462
2024-02-20,12585,12615,12585,12605,24340
2024-02-21,12585,12605,12555,12575,48709
2024-02-22,12580,12580,12520,12525,53993
2024-02-23,12520,12555,12510,12550,57723
2024-02-26,12550,12565,12535,12555,16450
2024-02-27,12565,12570,12540,12555,96257
2024-02-28,12565,12610,12550,12585,27089
2024-02-29,12610,12610,12560,12560,54985
2024-03-04,12560,12570,12530,12570,37108
2024-03-05,12570,12600,12555,12595,13180
2024-03-06,12610,12630,12585,12600,20148
2024-03-07,12570,12575,12535,12570,27116
2024-03-08,12510,12535,12455,12455,36236
2024-03-11,12445,12455,12370,12370,27332
2024-03-12,12385,12410,12350,12380,29650
2024-03-13,12395,12425,12375,12410,19062
2024-03-14,12415,12465,12415,12450,30577
2024-03-15,12510,12575,12510,12575,35028
2024-03-18,12595,12615,12585,12610,80089
2024-03-19,12650,12675,12635,12665,66703
2024-03-20,12660,12675,12640,12660,48160
2024-03-21,12585,12590,12505,12515,72314
2024-03-22,12610,12680,12580,12665,74421
2024-03-25,12715,12720,12635,12700,36208
2024-03-26,12680,12700,12635,12670,55200
2024-03-27,12695,12775,12695,12770,48928
2024-03-28,12780,12805,12710,12750,46372
2024-03-29,12770,12790,12730,12745,41929
2024-04-01,12740,12790,12715,12780,24978
2024-04-02,12830,12850,12795,12810,30479
2024-04-03,12810,12825,12765,12770,68138
2024-04-04,12755,12780,12745,12765,9428
2024-04-05,12795,12835,12790,12815,18430
2024-04-08,12840,12855,12820,12835,13472
2024-04-09,12850,12860,12830,12845,76667
2024-04-11,12950,12950,12920,12930,36037
2024-04-12,12980,13050,12970,13050,50610
2024-04-15,13120,13155,13095,13135,73909
2024-04-16,13200,13295,13175,13230,112591
2024-04-17,13200,13200,13125,13165,68040
2024-04-18,13090,13120,13020,13035,51963
2024-04-19,13125,13230,13105,13120,70852
2024-04-22,13080,13145,13075,13110,63547
2024-04-23,13090,13110,13070,13100,97351
2024-04-24,13020,13040,12985,13005,35226
2024-04-25,13065,13100,13060,13065,52958
2024-04-26,13060,13105,13050,13070,20579
2024-04-29,13095,13165,13065,13090,19792
2024-04-30,13075,13150,13055,13150,18556
2024-05-02,13115,13145,13075,13095,53772
2024-05-03,13020,13045,12950,12960,28666
2024-05-07,12925,12945,12890,12945,26339
2024-05-08,12945,13005,12945,12990,11584
2024-05-09,12980,13045,12980,13045,38682
2024-05-10,13005,13040,13005,13015,16256
2024-05-13,13065,13080,13015,13030,48952
2024-05-14,13030,13050,13020,13030,13651
2024-05-16,12905,12905,12815,12815,74709
2024-05-17,12850,12945,12850,12915,47734
2024-05-20,12895,12940,12895,12915,13926
2024-05-21,12975,13030,12975,12995,58285
2024-05-22,13000,13020,12970,12985,16255
2024-05-23,13025,13040,12975,12995,19559
2024-05-24,13050,13095,13050,13065,83513
2024-05-27,13055,13065,13030,13030,16546
2024-05-28,13010,13020,12950,12985,39022
2024-05-29,13035,13055,13025,13045,68737
2024-05-30,13120,13190,13110,13180,30666
2024-05-31,13155,13245,13155,13235,92822
2024-06-03,13225,13225,13140,13160,167808
2024-06-04,13125,13165,13090,13150,72764
2024-06-05,13140,13165,13085,13135,15594
2024-06-07,13070,13100,13045,13070,24046
2024-06-10,13190,13220,13160,13170,50308
2024-06-11,13175,13195,13160,13175,35167
2024-06-12,13185,13215,13165,13165,14972
2024-06-13,13090,13160,13085,13140,36350
2024-06-14,13165,13205,13160,13185,15213
2024-06-17,13230,13250,13195,13215,29825
2024-06-18,13205,13235,13195,13205,19213
2024-06-19,13200,13245,13200,13240,12655
2024-06-20,13240,13275,13240,13275,29818
2024-06-21,13335,13350,13290,13300,25290
2024-06-24,13325,13345,13305,13320,23628
2024-06-25,13315,13315,13270,13310,14791
2024-06-26,13345,13350,13315,13315,9207
2024-06-27,13370,13380,13295,13300,31722
2024-06-28,13315,13320,13210,13210,32524
2024-07-01,13255,13280,13215,13230,42480
2024-07-02,13280,13340,13275,13330,42659
2024-07-03,13315,13360,13290,13355,21791
2024-07-04,13305,13305,13250,13250,57784
2024-07-05,13255,13260,13225,13250,35115
2024-07-08,13235,13285,13230,13285,43006
2024-07-09,13290,13320,13270,13280,12315
2024-07-10,13295,13335,13295,13310,15825
2024-07-11,13280,13300,13240,13260,22849
2024-07-12,13190,13260,13175,13250,27998
2024-07-15,13245,13300,13240,13300,29392
2024-07-16,13320,13340,13310,13310,29208
2024-07-17,13305,13315,13265,13285,11771
2024-07-18,13260,13300,13245,13300,34495
2024-07-19,13340,13350,13320,13350,38830
2024-07-22,13360,13375,13345,13350,46600
2024-07-23,13350,13360,13305,13335,23995
2024-07-24,13340,13360,13310,13325,37726
2024-07-25,13325,13365,13320,13345,40559
2024-07-26,13330,13360,13315,13340,27159
2024-07-29,13350,13350,13285,13315,27472
2024-07-30,13315,13350,13315,13350,19971
2024-07-31,13340,13340,13265,13265,109463
2024-08-01,13195,13195,13120,13160,73677
2024-08-02,13215,13275,13185,13210,67426
2024-08-05,13115,13245,13060,13245,84363
2024-08-06,13210,13260,13180,13260,50968
2024-08-07,13270,13300,13250,13280,37947
2024-08-08,13285,13310,13265,13275,52514
2024-08-09,13260,13285,13130,13170,93688
2024-08-12,13175,13245,13160,13235,165482
2024-08-13,13230,13240,13205,13220,17283
2024-08-14,13170,13175,13120,13130,46460
2024-08-16,13170,13175,13110,13110,28085
2024-08-19,13045,13045,12850,12880,133266
2024-08-20,12860,12905,12800,12880,118460
2024-08-21,12835,12920,12820,12910,51927
2024-08-22,12890,12940,12870,12900,62658
2024-08-23,12955,12980,12925,12940,55476
2024-08-26,12820,12840,12755,12825,82984
2024-08-27,12840,12880,12840,12870,39071
2024-08-28,12850,12945,12845,12940,20063
2024-08-29,12930,12940,12880,12895,20505
2024-08-30,12905,12920,12890,12910,66076
2024-09-02,12935,12975,12925,12950,102110
2024-09-03,12945,13005,12940,12985,35270
2024-09-04,12995,13000,12965,12995,42470
2024-09-05,12930,12955,12890,12930,12325
2024-09-06,12920,12925,12840,12855,91103
2024-09-09,12940,12985,12940,12960,137465
2024-09-10,13000,13035,12995,13015,45365
2024-09-11,13020,13025,12950,12965,14019
2024-09-12,12985,13010,12960,12975,6558
2024-09-13,12950,12955,12865,12880,150870
2024-09-19,12855,12960,12855,12895,209214
2024-09-20,12890,12920,12880,12895,52711
2024-09-23,12930,12975,12930,12955,6909
2024-09-24,12955,12975,12925,12955,12312
2024-09-25,12860,12910,12840,12905,31078
2024-09-26,12955,12955,12885,12890,14438
2024-09-27,12795,12835,12775,12805,142645
2024-09-30,12730,12740,12655,12695,53198
2024-10-02,12855,12860,12800,12810,97403
2024-10-04,12945,12970,12935,12955,58987
2024-10-07,13075,13125,13055,13100,48337
2024-10-08,13085,13135,13065,13125,42695
2024-10-10,13110,13140,13110,13125,19250
2024-10-11,13125,13135,13090,13120,23123
2024-10-14,13160,13220,13135,13180,17803
2024-10-15,13210,13275,13200,13255,36387
2024-10-16,13265,13305,13245,13270,14826
2024-10-17,13300,13340,13275,13335,10712
2024-10-18,13355,13365,13325,13325,25838
2024-10-21,13335,13385,13300,13380,16650
2024-10-22,13415,13470,13410,13445,40537
2024-10-23,13455,13495,13440,13465,29814
2024-10-24,13480,13480,13425,13450,37139
2024-10-25,13445,13545,13440,13535,41429
2024-10-28,13550,13560,13495,13495,79181
2024-10-29,13480,13520,13435,13520,42916
2024-10-30,13510,13510,13475,13475,26535
2024-10-31,13475,13480,13435,13465,64233
2024-11-01,13425,13465,13410,13460,27819
2024-11-04,13440,13440,13350,13375,27175
2024-11-05,13410,13465,13410,13455,59938
2024-11-06,13415,13660,13410,13630,73593
2024-11-07,13670,13710,13620,13630,52220
2024-11-08,13515,13550,13495,13535,54641
2024-11-11,13620,13650,13600,13615,32053
2024-11-12,13655,13710,13655,13710,34175
2024-11-13,13755,13780,13715,13740,45787
2024-11-14,13745,13765,13680,13680,43434
2024-11-15,13750,13760,13660,13670,99070
2024-11-18,13640,13655,13560,13630,54744
2024-11-19,13615,13615,13565,13580,26177
2024-11-20,13580,13615,13570,13595,162854
2024-11-21,13660,13680,13645,13665,61465
2024-11-22,13700,13710,13675,13705,91855
2024-11-25,13690,13705,13640,13705,22362
2024-11-26,13725,13770,13635,13680,74022
2024-11-27,13640,13680,13625,13670,10634
2024-11-28,13630,13665,13615,13660,19294
2024-11-29,13655,13670,13630,13640,99426
2024-12-02,13655,13745,13655,13730,68554
2024-12-03,13740,13755,13720,13720,118745
2024-12-04,13850,13875,13765,13815,129226
2024-12-05,13815,13870,13815,13865,199826
2024-12-06,13875,14000,13855,13895,109095
2024-12-09,13985,14095,13980,14070,162952
2024-12-10,14020,14030,13965,13980,110392
2024-12-11,14030,14055,13995,14035,70250
2024-12-12,13990,14055,13990,14040,79915
2024-12-13,14035,14060,14025,14035,27052
2024-12-16,14020,14095,13990,14070,53200
2024-12-17,14085,14110,14055,14110,39835
2024-12-18,14115,14115,14065,14065,25705
2024-12-19,14245,14250,14195,14235,68428
2024-12-20,14215,14250,14205,14245,48742
2024-12-23,14200,14250,14185,14250,37781
2024-12-24,14255,14305,14240,14300,69259
2024-12-26,14330,14390,14305,14380,181604
2024-12-27,14415,14615,14390,14435,375321
2024-12-30,14475,14490,14395,14490,81890
2025-01-02,14485,14490,14395,14395,111371
2025-01-03,14435,14445,14375,14405,54182
2025-01-06,14435,14485,14425,14440,52154
2025-01-07,14365,14395,14245,14270,193823
2025-01-08,14295,14310,14245,14300,46211
2025-01-09,14340,14370,14300,14355,23842
2025-01-10,14355,14400,14320,14390,35078
2025-01-13,14480,14500,14445,14455,26285
2025-01-14,14420,14425,14355,14395,28636
2025-01-15,14365,14385,14340,14370,27482
2025-01-16,14310,14345,14255,14330,43342
2025-01-17,14325,14335,14300,14335,50419
2025-01-20,14375,14375,14255,14290,93375
2025-01-21,14145,14200,14100,14160,63070
2025-01-22,14130,14145,14070,14145,47543
2025-01-23,14145,14165,14130,14155,18227
2025-01-24,14145,14155,14070,14100,36343
2025-01-31,14230,14345,14230,14325,73767
2025-02-03,14465,14505,14440,14445,79673
2025-02-04,14365,14455,14350,14420,59911
2025-02-05,14340,14355,14240,14240,74794
2025-02-06,14240,14285,14235,14275,59383
2025-02-07,14265,14285,14250,14275,23055
2025-02-10,14360,14370,14300,14315,54731
2025-02-11,14335,14360,14320,14330,17347
2025-02-12,14330,14350,14300,14330,24954
2025-02-13,14330,14350,14275,14280,42233
2025-02-14,14220,14265,14215,14245,31068
2025-02-17,14225,14240,14195,14225,72338
2025-02-18,14220,14270,14215,14250,29252
2025-02-19,14240,14245,14190,14200,24853
2025-02-20,14225,14230,14180,14200,37681
2025-02-21,14145,14180,14135,14155,39824
2025-02-24,14180,14185,14055,14095,45360
2025-02-25,14120,14145,14105,14130,20846
2025-02-26,14120,14155,14110,14145,32864
2025-02-27,14165,14255,14160,14245,31579
2025-02-28,14340,14450,14340,14445,57250
2025-03-04,14445,14450,14380,14450,74300
2025-03-05,14375,14430,14365,14370,17252
2025-03-06,14280,14290,14220,14260,12271
2025-03-07,14315,14315,14285,14305,28713
2025-03-10,14305,14400,14290,14365,25749
2025-03-11,14425,14435,14385,14415,35888
2025-03-12,14365,14395,14320,14345,28033
2025-03-13,14345,14395,14335,14385,40611
2025-03-14,14385,14410,14370,14375,17770
2025-03-17,14375,14375,14300,14315,33649
2025-03-18,14285,14370,14265,14370,23562
2025-03-19,14355,14390,14340,14390,30167
2025-03-20,14410,14465,14410,14435,17219
2025-03-21,14500,14550,14490,14490,53507
2025-03-24,14490,14550,14480,14545,48845
2025-03-25,14545,14575,14540,14560,14793
2025-03-26,14520,14540,14485,14525,15687
2025-03-27,14555,14575,14500,14525,18267
2025-03-28,14530,14545,14515,14540,9348
2025-03-31,14570,14595,14550,14590,17458
2025-04-01,14595,14645,14545,14590,64693
2025-04-02,14585,14605,14520,14540,34441
2025-04-03,14595,14595,14510,14540,46188
2025-04-04,14415,14415,14185,14215,113745
2025-04-07,14485,14600,14485,14545,149963
2025-04-08,14565,14615,14545,14610,48685
2025-04-09,14730,14760,14660,14720,46226
2025-04-10,14405,14515,14395,14460,53195
2025-04-11,14425,14455,14360,14395,62772
2025-04-14,14185,14215,14130,14130,83764
2025-04-15,14130,14175,14100,14160,42247
2025-04-16,14185,14215,14140,14170,69459
2025-04-17,14080,14140,14070,14100,23486
2025-04-18,14100,14135,14090,14135,31729
2025-04-21,14105,14125,14050,14090,19135
2025-04-22,14115,14175,14085,14105,169800
2025-04-23,14195,14220,14125,14125,19285
2025-04-24,14175,14260,14175,14260,16453
2025-04-25,14230,14310,14225,14285,48433
2025-04-28,14305,14345,14275,14340,41109
2025-04-29,14305,14335,14275,14290,22482
2025-04-30,14260,14260,14135,14145,79694
2025-05-02,14265,14335,13995,13995,89007
2025-05-07,13760,13965,13745,13925,91531
2025-05-08,13930,13940,13870,13905,21998
2025-05-09,13975,14095,13915,13935,44604
2025-05-12,13900,14005,13870,13960,112512
2025-05-13,14115,14150,14025,14120,37261
2025-05-14,14120,14145,14045,14145,30359
2025-05-15,14055,14070,13870,13900,47734
2025-05-16,13900,13945,13840,13860,20690
2025-05-19,13905,13965,13900,13940,28885
2025-05-20,13880,13925,13855,13890,31662
2025-05-21,13880,13880,13800,13835,50247
2025-05-22,13740,13785,13705,13770,41830
2025-05-23,13800,13815,13690,13725,26963
2025-05-26,13670,13685,13580,13615,42523
2025-05-27,13645,13690,13620,13675,23003
2025-05-28,13710,13750,13665,13745,25213
2025-05-29,13775,13830,13745,13745,43386
2025-05-30,13705,13795,13665,13785,23124
2025-06-02,13805,13815,13710,13715,91984
2025-06-04,13725,13760,13690,13695,35400
2025-06-05,13630,13635,13550,13590,88662
2025-06-09,13595,13640,13550,13565,34544
2025-06-10,13545,13665,13530,13650,37487
2025-06-11,13650,13740,13620,13740,33786
2025-06-12,13700,13705,13550,13580,93919
2025-06-13,13565,13730,13545,13690,92206
2025-06-16,13690,13690,13600,13630,51699
2025-06-17,13625,13650,13600,13635,35965
2025-06-18,13810,13820,13705,13715,49691
2025-06-19,13760,13875,13745,13825,49043
2025-06-20,13780,13780,13670,13685,63015
2025-06-23,13780,13870,13765,13855,50956
2025-06-24,13705,13710,13620,13625,92437
2025-06-25,13600,13665,13580,13650,48647
2025-06-26,13605,13635,13565,13600,79320
2025-06-27,13600,13615,13565,13605,56680
2025-06-30,13625,13635,13500,13525,122891
2025-07-01,13550,13595,13515,13590,76446
2025-07-02,13580,13670,13570,13630,37842
2025-07-03,13585,13655,13575,13630,31664
2025-07-04,13655,13710,13625,13660,94329
2025-07-07,13675,13740,13660,13725,30345
2025-07-08,13760,13765,13695,13730,32074
2025-07-09,13760,13795,13760,13795,46939
2025-07-10,13795,13805,13760,13765,41254
2025-07-11,13780,13825,13760,13810,35610
2025-07-14,13835,13860,13805,13860,30227
2025-07-15,13870,13910,13855,13860,46559
2025-07-16,13905,13950,13890,13920,75949
2025-07-17,13940,13990,13930,13985,36723
2025-07-18,13980,14005,13955,13995,35836
2025-07-21,13990,13995,13955,13955,69315
2025-07-22,13895,13955,13890,13945,29973
2025-07-23,13885,13895,13825,13855,57305
2025-07-24,13810,13820,13720,13750,44532
2025-07-25,13785,13865,13775,13855,32119
2025-07-28,13885,13895,13850,13885,24838
2025-07-29,13975,14015,13965,13985,35694
2025-07-30,13955,13975,13865,13910,39998
2025-07-31,13960,14050,13950,13960,55403
2025-08-01,14030,14105,14025,14105,101481
2025-08-04,13990,13995,13915,13930,87020
2025-08-05,13920,13990,13905,13975,60870
2025-08-06,14000,14000,13955,13980,23535
2025-08-07,13950,13975,13895,13905,46657
2025-08-08,13910,14000,13890,13980,45530
2025-08-11,13980,14000,13950,13980,22063
2025-08-12,14010,14025,13980,14005,29005
2025-08-13,13930,13970,13920,13925,44360
2025-08-14,13890,13955,13885,13915,102305
2025-08-18,13985,13985,13930,13940,33109
2025-08-19,13980,14020,13980,14010,30815
2025-08-20,14035,14110,14035,14105,55447
2025-08-21,14095,14105,14080,14105,39412
2025-08-22,14115,14120,14025,14035,47098
2025-08-25,13965,14005,13965,13970,73360
2025-08-26,14015,14080,13990,14080,71779
2025-08-27,14070,14085,14060,14085,21104
2025-08-28,14060,14060,13990,14000,74007
2025-08-29,14005,14025,13975,14015,33674
2025-09-01,14010,14070,14010,14060,44891
2025-09-02,14070,14080,14035,14045,56152
2025-09-03,14075,14095,14050,14060,28228
2025-09-04,14035,14085,14020,14065,30882
2025-09-05,14070,14070,14035,14045,23307
2025-09-08,14020,14075,14005,14035,70141
2025-09-09,14005,14035,13985,14010,72598
2025-09-10,14025,14045,14000,14010,24976
2025-09-11,14020,14065,14010,14055,29689
2025-09-12,14055,14055,14020,14035,25419
2025-09-15,14050,14070,14020,14040,69973
2025-09-16,14015,14020,13935,13940,72449
2025-09-17,13935,13970,13925,13955,77873
2025-09-18,13960,14040,13960,14035,53590
2025-09-19,14035,14120,14035,14100,59650
2025-09-22,14155,14155,14060,14090,56108
2025-09-23,14070,14120,14060,14100,37061
2025-09-24,14105,14145,14090,14145,40282
2025-09-25,14190,14195,14155,14175,63009
2025-09-26,14250,14315,14250,14300,132412
2025-09-29,14275,14275,14160,14170,144500
2025-09-30,14180,14230,14170,14210,66157
2025-10-01,14210,14275,14205,14215,53189
2025-10-02,14210,14230,14175,14190,83053
2025-10-10,14385,14430,14375,14400,93705
2025-10-13,14470,14525,14435,14450,139844
2025-10-14,14455,14515,14455,14510,76505
2025-10-15,14475,14490,14400,14400,112240
2025-10-16,14410,14420,14370,14380,89028
2025-10-17,14380,14415,14365,14415,39205
2025-10-20,14415,14435,14370,14380,43094
2025-10-21,14425,14495,14390,14490,123274
2025-10-22,14510,14530,14485,14500,105354
2025-10-23,14525,14630,14520,14595,93307
2025-10-24,14585,14605,14550,14590,51847
2025-10-27,14575,14575,14515,14540,86073
2025-10-28,14550,14595,14515,14590,51622
2025-10-29,14550,14580,14520,14540,81504
2025-10-30,14455,14480,14405,14475,59518
2025-10-31,14515,14530,14460,14470,27470
2025-11-03,14500,14550,14480,14505,66433
2025-11-04,14525,14635,14525,14600,70477
2025-11-05,14660,14730,14660,14725,152783
2025-11-06,14650,14720,14650,14720,53951
2025-11-07,14725,14815,14700,14815,71329
2025-11-10,14810,14810,14750,14755,79044
2025-11-11,14790,14920,14785,14880,68521
2025-11-12,14865,14945,14830,14910,69058
2025-11-13,14940,15000,14900,14955,71452
2025-11-14,14965,14995,14765,14825,134050
2025-11-17,14770,14860,14760,14830,94828
2025-11-18,14870,14930,14865,14900,108202
2025-11-19,14860,14935,14860,14910,178506
2025-11-20,14915,14955,14900,14940,45327
2025-11-21,14980,15005,14950,15005,173969
2025-11-24,14985,15035,14950,15020,81068
2025-11-25,15020,15030,14970,14990,84623
2025-11-26,14910,14935,14830,14920,75003
2025-11-27,14935,14960,14870,14900,65618
2025-11-28,14900,14975,14880,14975,44271
2025-12-01,14945,14990,14920,14975,100110
2025-12-02,14985,15010,14940,14960,32561
2025-12-03,14955,14985,14935,14960,39785
2025-12-04,14950,15020,14925,15020,31644
2025-12-05,15020,15027,14975,14975,41050
2025-12-08,15000,15020,14935,14955,50617
2025-12-09,14965,15000,14955,14995,27363
2025-12-10,14995,15015,14970,14980,29662
2025-12-11,14940,15020,14915,15020,93668
2025-12-12,15020,15035,14995,15030,32065
2025-12-15,15050,15075,15000,15005,75099
2025-12-16,14990,15070,14970,15070,50919
2025-12-17,15040,15115,15035,15090,61047
2025-12-18,15080,15095,15030,15090,71372
2025-12-19,15075,15095,15035,15060,41760
2025-12-22,15065,15125,15065,15110,52117
2025-12-23,15110,15155,15095,15150,62146
2025-12-24,15130,15130,14840,14840,490012
2025-12-26,14910,14910,14630,14730,204540
2025-12-29,14595,14595,14500,14500,174822
2025-12-30,14500,14580,14480,14580,137409
2026-01-02,14585,14625,14575,14615,122245
2026-01-05,14640,14685,14635,14635,95858
2026-01-06,14635,14685,14620,14650,81506
2026-01-07,14685,14690,14650,14650,125809
2026-01-08,14680,14700,14675,14695,39059
2026-01-09,14735,14790,14715,14785,49198
2026-01-12,14810,14900,14770,14890,141368
2026-01-13,14885,14950,14885,14945,193090
2026-01-14,14965,14990,14950,14980,128552
2026-01-15,14850,14945,14850,14910,164036
2026-01-16,14915,14950,14910,14945,123163
2026-01-19,14945,14970,14915,14950,56710
2026-01-20,14945,15005,14940,14990,163915
2026-01-21,15000,15025,14890,14925,175120
2026-01-22,14885,14925,14845,14910,110023
2026-01-23,14865,14905,14855,14865,68437
2026-01-26,14685,14710,14590,14620,160013
2026-01-27,14700,14740,14655,14655,118127
2026-01-28,14550,14555,14415,14440,219270
2026-01-29,14485,14520,14455,14465,115934
2026-01-30,14525,14630,14520,14610,187001
2026-02-02,14740,14850,14705,14850,272166
2026-02-03,14760,14760,14685,14685,182689
2026-02-04,14710,14770,14705,14720,96638
2026-02-05,14845,14915,14815,14905,98219
2026-02-06,14935,14990,14890,14910,108716
2026-02-09,14865,14910,14825,14840,87104
2026-02-10,14825,14835,14760,14810,61385
2026-02-11,14810,14825,14730,14730,152172
2026-02-12,14730,14750,14610,14655,69269
2026-02-13,14765,14765,14630,14680,63720
2026-02-19,14770,14785,14710,14710,108120
2026-02-20,14740,14765,14695,14710,45782
2026-02-23,14675,14705,14640,14655,60532
2026-02-24,14685,14730,14680,14680,38050
2026-02-25,14675,14680,14545,14550,93951
2026-02-26,14505,14562,14445,14515,133772
2026-02-27,14570,14655,14565,14645,130633
2026-03-03,14695,14940,14695,14930,229017
2026-03-04,15045,15105,14970,15035,359238
2026-03-05,14905,14965,14820,14960,221617
2026-03-06,15055,15080,14975,15025,158946
2026-03-09,15200,15270,15120,15235,220340
2026-03-10,14970,15070,14960,14975,167241
2026-03-11,14995,15015,14910,14935,106207
2026-03-12,15075,15125,15050,15085,131956
2026-03-13,15170,15220,15145,15220,508395
2026-03-16,15250,15280,15200,15255,153739
2026-03-17,15200,15240,15155,15210,129653
2026-03-18,15155,15180,15105,15105,38859
2026-03-19,15330,15335,15235,15305,108771
2026-03-20,15205,15300,15160,15300,143193
2026-03-23,15335,15475,15320,15475,160952
2026-03-24,15210,15325,15210,15255,167518
2026-03-25,15220,15300,15195,15295,94666
2026-03-26,15325,15390,15325,15375,111550
2026-03-27,15390,15430,15340,15385,74541
2026-03-30,15455,15475,15410,15465,90820
2026-03-31,15515,15685,15500,15650,216034
2026-04-01,15390,15440,15330,15330,214717
2026-04-02,15415,15555,15380,15520,212679
2026-04-03,15415,15430,15350,15365,240295
2026-04-06,15420,15440,15350,15370,132766
2026-04-07,15385,15440,15335,15355,135230
2026-04-08,15095,15120,15020,15025,311197
2026-04-09,15130,15155,15090,15135,506286
2026-04-10,15070,15145,15055,15130,116115
2026-04-13,15260,15315,15185,15215,123921
2026-04-14,15110,15175,15090,15135,113326
2026-04-15,15035,15070,15020,15065,116142
2026-04-16,15055,15080,14980,15050,125083
2026-04-17,15110,15150,15090,15140,128473
2026-04-20,15130,15130,15045,15095,66967
2026-04-21,15055,15060,15000,15015,63130
2026-04-22,15120,15140,15060,15090,85533
2026-04-23,15100,15175,15095,15125,72970
2026-04-24,15150,15170,15135,15170,44029
2026-04-27,15095,15115,15020,15055,85058
2026-04-28,15060,15080,15045,15055,87547
2026-04-29,15075,15125,15050,15125,65036
2026-04-30,15195,15215,15160,15180,73415
2026-05-04,15075,15090,14980,14980,115082
2026-05-06,14970,14990,14850,14885,133256
2026-05-07,14835,14885,14805,14885,78790
2026-05-08,14915,15040,14915,15040,56605
2026-05-11,15020,15110,15000,15080,89054
2026-05-12,15090,15240,15090,15230,138148
2026-05-13,15230,15355,15230,15250,169260
2026-05-14,15250,15300,15230,15255,67417
2026-05-15,15285,15430,15285,15375,99638
2026-05-18,15370,15430,15345,15365,160031
2026-05-19,15285,15450,15285,15445,114971
2026-05-20,15460,15500,15395,15415,90730
2026-05-21,15350,15440,15340,15425,82420
2026-05-22,15420,15555,15405,15540,47813
2026-05-26,15530,15530,15415,15420,77084
2026-05-27,15430,15430,15345,15385,50320
2026-05-28,15420,15490,15400,15405,80014
2026-05-29,15330,15460,15320,15460,79656
2026-06-01,15460,15560,15390,15410,45185
2026-06-02,15495,15580,15470,15550,44060
2026-06-04,15685,15700,15610,15685,116048
2026-06-05,15725,15890,15710,15805,226736
2026-06-08,17200,17200,15750,15755,163623
2026-06-09,15755,15755,15485,15510,142498
2026-06-10,15640,15660,15525,15615,112806
2026-06-11,15650,15695,15620,15695,105567
2026-06-12,15560,15620,15550,15575,77272
2026-06-15,15500,15535,15425,15505,69542
2026-06-16,15535,15575,15505,15520,75073
2026-06-17,15515,15565,15485,15540,344411
2026-06-18,15665,15665,15595,15665,343683
2026-06-19,15765,15810,15680,15685,83926
2026-06-22,15715,15810,15695,15790,69272
2026-06-23,15800,15830,15730,15815,96177
2026-06-24,15750,15845,15715,15825,435723
2026-06-25,15845,15920,15790,15825,218093
2026-06-26,15880,15915,15745,15765,107874
2026-06-29,15800,15885,15780,15830,162799
2026-06-30,15845,15930,15845,15915,55140
2026-07-01,15925,16025,15905,15990,112779
2026-07-02,15955,16000,15935,15975,100778
2026-07-03,15885,15920,15705,15705,91230
2026-07-06,15750,15810,15685,15730,61434
2026-07-07,15735,15750,15620,15700,80086
2026-07-08,15645,15655,15430,15430,160527
2026-07-09,15445,15515,15395,15490,123990
2026-07-10,15490,15560,15430,15455,60904
2026-07-13,15420,15520,15400,15475,61615
2026-07-14,15415,15430,15295,15370,53155
2026-07-15,15305,15360,15280,15295,33352
2026-07-16,15295,15315,15235,15245,36193
2026-07-20,15325,15335,15200,15210,51696
2026-07-21,15180,15240,15140,15155,45344
2026-07-22,15235,15280,15210,15245,56072
2026-07-23,15200,15225,15085,15105,84749
2026-07-24,15175,15190,15060,15105,174550
2026-07-27,15040,15130,15020,15130,52669
2026-07-28,15130,15165,15055,15070,106434
2026-07-29,14985,15015,14855,14915,129346
2026-07-30,14850,14910,14795,14820,91707
2026-07-31,14685,14850,14685,14690,115896
2026-08-03,14790,14795,14685,14725,91618
2026-08-04,14760,14785,14645,14765,77499
2026-08-05,14760,14760,14645,14685,84811
2026-08-06,14660,14680,14585,14665,44544
2026-08-07,14680,14695,14610,14610,34489
2026-08-10,14550,14630,14525,14630,69110
2026-08-11,14620,14635,14560,14605,73728
2026-08-12,14585,14620,14555,14610,25190
2026-08-13,14600,14630,14555,14630,37655
2026-08-14,14615,14645,14565,14610,94876
2026-08-18,14610,14610,14530,14560,72480
2026-08-19,14590,14590,14410,14430,68454
2026-08-20,14350,14410,14285,14380,141157
2026-08-21,14355,14355,14245,14315,96047
