종목,청산 요일,신호,제외,표본,평균(%),중앙값(%),오른 비율(%),내린 비율(%),최고(%),최악(%),표준편차(%),오른 비율 우연확률,내린 비율 우연확률,비고,만기월,시기
QQQ,금요일,13,0,13,-1.65,-1.36,30.77,69.23,2.08,-10.65,3.14,0.2108,0.2108,,1,앞 절반
QQQ,금요일,14,0,14,1.5,1.07,71.43,28.57,4.8,-1.3,1.91,0.5684,0.5684,,1,뒤 절반
QQQ,금요일,13,0,13,-0.94,-0.16,38.46,61.54,5.71,-7.16,3.37,0.5634,0.5634,,2,앞 절반
QQQ,금요일,14,0,14,-1.12,0.17,50.0,50.0,1.95,-10.63,3.45,0.5534,0.5534,,2,뒤 절반
QQQ,금요일,14,0,14,1.54,1.06,71.43,28.57,6.09,-4.01,2.82,0.3437,0.3437,,3,앞 절반
QQQ,금요일,14,0,14,-0.17,0.01,50.0,50.0,8.55,-7.31,3.66,1.0,1.0,,3,뒤 절반
QQQ,금요일,14,0,14,1.05,1.57,78.57,21.43,8.6,-9.92,4.66,0.024,0.024,,4,앞 절반
QQQ,금요일,14,0,14,1.31,1.81,57.14,42.86,6.41,-3.85,2.66,0.7672,0.7672,,4,뒤 절반
QQQ,금요일,14,0,14,-0.43,-0.1,50.0,50.0,4.37,-5.13,2.78,1.0,1.0,,5,앞 절반
QQQ,금요일,14,0,14,1.61,1.74,78.57,21.43,7.07,-2.67,2.53,0.2028,0.2028,,5,뒤 절반
QQQ,금요일,14,0,14,-0.67,-0.59,42.86,57.14,2.44,-3.73,1.99,0.7572,0.7572,,6,앞 절반
QQQ,금요일,14,0,14,0.38,-0.39,42.86,57.14,7.25,-4.6,2.92,0.3616,0.3616,,6,뒤 절반
QQQ,금요일,14,0,14,-0.5,1.17,64.29,35.71,3.97,-10.44,4.5,0.3746,0.3746,,7,앞 절반
QQQ,금요일,14,0,14,0.44,0.78,57.14,42.86,3.47,-2.58,1.95,1.0,1.0,,7,뒤 절반
QQQ,금요일,13,0,13,1.77,1.82,69.23,30.77,6.2,-1.89,2.59,0.3337,0.3337,,8,앞 절반
QQQ,금요일,14,0,14,0.65,1.25,64.29,35.71,3.78,-4.78,2.19,0.5534,0.5534,,8,뒤 절반
QQQ,금요일,13,0,13,-1.29,-1.66,30.77,69.23,3.48,-5.78,3.08,0.1209,0.1209,,9,앞 절반
QQQ,금요일,14,0,14,-0.94,-0.88,35.71,64.29,1.76,-4.77,1.88,0.2228,0.2228,,9,뒤 절반
QQQ,금요일,13,0,13,0.33,0.5,69.23,30.77,7.33,-8.64,4.39,0.7453,0.7453,,10,앞 절반
QQQ,금요일,14,0,14,0.85,1.16,64.29,35.71,6.04,-3.68,2.59,1.0,1.0,,10,뒤 절반
QQQ,금요일,13,0,13,1.15,0.79,69.23,30.77,9.19,-4.55,3.47,0.5385,0.7542,,11,앞 절반
QQQ,금요일,14,0,14,0.83,1.08,71.43,28.57,4.95,-4.95,2.61,0.5495,0.5495,,11,뒤 절반
QQQ,금요일,13,0,13,0.32,0.4,53.85,46.15,7.68,-5.28,3.29,1.0,1.0,,12,앞 절반
QQQ,금요일,14,0,14,0.72,0.75,71.43,28.57,3.66,-2.51,1.72,0.2258,0.2258,,12,뒤 절반
SPY,금요일,16,0,16,-0.45,0.26,56.25,43.75,2.04,-5.93,2.24,0.7782,0.7782,,1,앞 절반
SPY,금요일,17,0,17,0.41,0.98,58.82,41.18,2.48,-3.9,1.72,1.0,1.0,,1,뒤 절반
SPY,금요일,17,0,17,-0.37,-0.13,47.06,52.94,1.94,-4.51,1.81,1.0,1.0,,2,앞 절반
SPY,금요일,17,0,17,-0.73,-0.14,47.06,52.94,1.67,-11.16,2.98,0.2617,0.2617,,2,뒤 절반
SPY,금요일,17,0,17,0.28,-0.31,29.41,70.59,6.39,-3.3,2.5,0.0519,0.0519,,3,앞 절반
SPY,금요일,17,0,17,0.34,-0.38,41.18,58.82,10.76,-5.89,3.4,0.3996,0.3996,,3,뒤 절반
SPY,금요일,17,0,17,0.2,0.61,70.59,29.41,3.25,-4.86,1.8,0.5425,0.5425,,4,앞 절반
SPY,금요일,17,0,17,0.97,1.17,70.59,29.41,4.6,-2.68,1.61,0.0809,0.0809,,4,뒤 절반
SPY,금요일,17,0,17,-0.11,0.35,58.82,41.18,2.78,-3.52,1.73,1.0,1.0,,5,앞 절반
SPY,금요일,17,0,17,0.89,0.33,70.59,29.41,6.58,-2.54,1.99,0.1918,0.1918,,5,뒤 절반
SPY,금요일,17,0,17,-0.59,-0.32,35.29,64.71,3.29,-3.95,1.8,0.7762,0.5894,,6,앞 절반
SPY,금요일,17,0,17,-0.01,-0.34,29.41,70.59,6.62,-3.45,2.45,0.0579,0.0579,,6,뒤 절반
SPY,금요일,17,0,17,-0.35,-0.1,41.18,58.82,4.18,-5.47,2.73,0.4086,0.4086,,7,앞 절반
SPY,금요일,17,0,17,0.8,0.65,70.59,29.41,3.52,-2.11,1.41,1.0,1.0,,7,뒤 절반
SPY,금요일,16,0,16,0.54,0.87,75.0,25.0,3.1,-4.78,1.89,0.2527,0.3836,,8,앞 절반
SPY,금요일,17,0,17,0.59,0.73,70.59,29.41,4.73,-3.99,1.88,0.2937,0.2937,,8,뒤 절반
SPY,금요일,16,0,16,-0.62,-0.54,25.0,75.0,7.36,-4.49,2.68,0.016,0.016,,9,앞 절반
SPY,금요일,17,0,17,-1.12,-0.97,29.41,70.59,2.07,-6.57,2.1,0.1079,0.1079,,9,뒤 절반
SPY,금요일,16,0,16,0.23,0.24,50.0,50.0,4.18,-6.62,2.5,0.5744,0.5744,,10,앞 절반
SPY,금요일,17,0,17,0.57,0.55,58.82,41.18,4.22,-3.95,2.25,0.3846,0.3846,,10,뒤 절반
SPY,금요일,16,0,16,1.2,0.6,62.5,37.5,13.29,-2.15,3.52,1.0,1.0,,11,앞 절반
SPY,금요일,17,0,17,0.3,0.42,70.59,29.41,3.7,-4.62,2.27,1.0,1.0,,11,뒤 절반
SPY,금요일,16,0,16,0.25,0.36,56.25,43.75,3.53,-2.9,1.58,1.0,1.0,,12,앞 절반
SPY,금요일,17,0,17,1.15,0.93,82.35,17.65,3.95,-1.93,1.38,0.014,0.014,,12,뒤 절반
DIA,금요일,14,0,14,-1.07,-0.39,35.71,64.29,2.48,-5.47,2.43,0.3716,0.3716,,1,앞 절반
DIA,금요일,14,0,14,0.61,0.85,78.57,21.43,2.16,-3.41,1.51,0.0719,0.0719,,1,뒤 절반
DIA,금요일,14,0,14,-0.97,-0.67,28.57,71.43,1.56,-4.03,1.7,0.0629,0.0629,,2,앞 절반
DIA,금요일,15,0,15,-0.7,0.3,66.67,33.33,1.58,-12.14,3.41,0.5465,0.5465,,2,뒤 절반
DIA,금요일,14,0,14,0.47,-0.12,50.0,50.0,6.97,-4.18,3.06,0.5455,0.5455,,3,앞 절반
DIA,금요일,15,0,15,0.25,-0.43,46.67,53.33,12.74,-5.61,3.9,0.7672,0.7672,,3,뒤 절반
DIA,금요일,14,0,14,0.3,0.58,64.29,35.71,2.45,-3.66,1.62,0.7622,0.7622,,4,앞 절반
DIA,금요일,15,0,15,0.36,0.66,53.33,46.67,2.47,-1.9,1.28,0.5624,0.5624,,4,뒤 절반
DIA,금요일,14,0,14,-0.88,-0.47,35.71,64.29,2.38,-3.85,1.85,0.5255,0.5255,,5,앞 절반
DIA,금요일,15,0,15,0.76,0.74,60.0,40.0,6.29,-2.4,2.2,0.5844,0.5844,,5,뒤 절반
DIA,금요일,14,0,14,-1.12,-0.84,7.14,92.86,3.0,-4.04,1.74,0.001,0.001,,6,앞 절반
DIA,금요일,15,0,15,0.2,-0.35,40.0,60.0,5.46,-3.25,2.36,0.2507,0.2507,,6,뒤 절반
DIA,금요일,14,0,14,-0.08,-0.6,50.0,50.0,4.01,-4.64,2.92,0.5504,0.5504,,7,앞 절반
DIA,금요일,15,0,15,0.42,0.66,73.33,26.67,2.05,-2.78,1.26,0.5165,0.5165,,7,뒤 절반
DIA,금요일,14,0,14,0.32,0.49,57.14,42.86,4.44,-5.62,2.31,0.7582,0.7582,,8,앞 절반
DIA,금요일,14,0,14,0.23,0.61,57.14,42.86,2.65,-4.19,1.71,0.5315,0.5315,,8,뒤 절반
DIA,금요일,14,0,14,-1.11,-1.7,28.57,71.43,6.7,-6.45,3.34,0.1359,0.1359,,9,앞 절반
DIA,금요일,14,0,14,-0.76,-0.74,28.57,71.43,0.8,-3.96,1.27,0.2178,0.2178,,9,뒤 절반
DIA,금요일,14,0,14,1.04,1.22,71.43,28.57,4.5,-5.08,2.59,0.7572,0.7572,,10,앞 절반
DIA,금요일,14,0,14,0.45,0.59,64.29,35.71,5.69,-3.06,2.43,1.0,1.0,,10,뒤 절반
DIA,금요일,14,0,14,0.65,0.13,50.0,50.0,9.63,-4.75,3.19,0.7592,0.7592,,11,앞 절반
DIA,금요일,14,0,14,0.74,1.07,71.43,28.57,3.42,-4.42,2.06,0.7592,0.7592,,11,뒤 절반
DIA,금요일,14,0,14,0.92,0.67,71.43,28.57,3.8,-2.8,1.84,0.3946,0.3946,,12,앞 절반
DIA,금요일,14,0,14,0.87,0.78,92.86,7.14,2.85,-2.06,1.18,0.004,0.004,,12,뒤 절반
KODEX 200,금요일,12,0,12,-0.47,-0.54,33.33,66.67,5.58,-5.68,3.36,0.7363,0.5135,,1,앞 절반
KODEX 200,금요일,12,0,12,0.48,-0.1,50.0,50.0,6.21,-4.25,2.76,0.4995,0.4995,,1,뒤 절반
KODEX 200,금요일,12,0,12,0.55,0.89,66.67,33.33,6.12,-9.26,3.64,1.0,1.0,,2,앞 절반
KODEX 200,금요일,12,0,12,0.83,0.36,75.0,25.0,5.28,-2.81,2.19,0.0919,0.0919,,2,뒤 절반
KODEX 200,금요일,12,0,12,1.48,1.23,66.67,33.33,10.41,-3.22,3.43,1.0,1.0,,3,앞 절반
KODEX 200,금요일,12,0,12,0.85,1.99,83.33,16.67,4.84,-13.44,4.77,0.025,0.025,,3,뒤 절반
KODEX 200,금요일,12,0,12,0.76,0.28,50.0,50.0,8.92,-2.94,3.28,0.7473,0.7473,,4,앞 절반
KODEX 200,금요일,12,0,12,1.12,0.96,58.33,41.67,7.79,-4.9,3.12,1.0,1.0,,4,뒤 절반
KODEX 200,금요일,12,0,12,-0.95,-0.29,50.0,50.0,3.8,-8.5,4.0,0.7483,0.7483,,5,앞 절반
KODEX 200,금요일,12,0,12,0.63,0.53,58.33,41.67,3.49,-2.76,1.95,1.0,1.0,,5,뒤 절반
KODEX 200,금요일,12,0,12,-0.44,-1.45,41.67,58.33,4.31,-5.11,3.11,0.3387,0.3387,,6,앞 절반
KODEX 200,금요일,12,0,12,1.03,0.36,50.0,50.0,18.62,-7.35,6.26,0.7113,0.7113,,6,뒤 절반
KODEX 200,금요일,12,0,12,0.8,0.96,58.33,41.67,3.61,-1.65,1.58,1.0,1.0,,7,앞 절반
KODEX 200,금요일,12,0,12,0.04,0.68,83.33,16.67,3.73,-7.39,2.83,0.022,0.022,,7,뒤 절반
KODEX 200,금요일,12,0,12,-0.94,0.63,58.33,41.67,4.66,-13.01,4.89,0.7303,0.7303,,8,앞 절반
KODEX 200,금요일,12,0,12,-1.1,-1.29,41.67,58.33,6.31,-5.2,3.42,0.5055,0.5055,,8,뒤 절반
KODEX 200,금요일,11,0,11,1.72,2.25,81.82,18.18,4.61,-3.15,2.37,0.4655,0.4655,,9,앞 절반
KODEX 200,금요일,12,0,12,0.81,0.84,75.0,25.0,4.44,-3.32,2.21,0.039,0.049,,9,뒤 절반
KODEX 200,금요일,11,0,11,-0.19,0.59,54.55,45.45,6.06,-8.32,4.01,1.0,1.0,,10,앞 절반
KODEX 200,금요일,12,0,12,0.45,0.93,75.0,25.0,6.38,-3.66,2.64,0.3137,0.3137,,10,뒤 절반
KODEX 200,금요일,12,0,12,-0.03,0.67,58.33,41.67,6.92,-7.04,3.79,0.7473,0.7473,,11,앞 절반
KODEX 200,금요일,12,0,12,-0.03,-0.22,41.67,58.33,4.68,-8.2,3.24,1.0,1.0,,11,뒤 절반
KODEX 200,금요일,12,0,12,0.22,0.69,75.0,25.0,1.9,-4.58,1.83,0.5225,0.5225,,12,앞 절반
KODEX 200,금요일,12,0,12,-0.13,0.12,50.0,50.0,3.23,-3.35,1.92,0.2897,0.2897,,12,뒤 절반
KODEX 200,목요일,12,0,12,-0.03,0.92,66.67,33.33,3.52,-7.62,3.44,0.1049,0.3377,,1,앞 절반
KODEX 200,목요일,12,0,12,0.25,0.46,66.67,33.33,5.1,-3.85,2.64,1.0,1.0,,1,뒤 절반
KODEX 200,목요일,12,0,12,0.52,0.51,58.33,33.33,6.67,-5.65,2.9,1.0,0.7233,,2,앞 절반
KODEX 200,목요일,12,0,12,0.67,0.15,58.33,41.67,3.14,-1.4,1.55,1.0,1.0,,2,뒤 절반
KODEX 200,목요일,12,0,12,0.87,0.21,50.0,50.0,8.94,-3.01,3.1,0.7373,0.7373,,3,앞 절반
KODEX 200,목요일,12,0,12,0.29,1.97,83.33,16.67,4.34,-19.62,6.48,0.01,0.01,,3,뒤 절반
KODEX 200,목요일,12,0,12,0.55,0.34,58.33,41.67,6.79,-3.27,2.67,0.7473,0.7473,,4,앞 절반
KODEX 200,목요일,12,0,12,1.18,0.57,75.0,25.0,8.55,-3.08,2.84,0.1928,0.3137,,4,뒤 절반
KODEX 200,목요일,12,0,12,-0.66,0.23,58.33,41.67,3.88,-5.71,3.64,1.0,1.0,,5,앞 절반
KODEX 200,목요일,12,0,12,0.5,0.53,50.0,50.0,4.19,-2.11,1.85,0.5275,0.5275,,5,뒤 절반
KODEX 200,목요일,12,0,12,0.1,-0.54,41.67,58.33,4.79,-3.6,2.52,0.3197,0.2088,,6,앞 절반
KODEX 200,목요일,12,0,12,0.85,0.1,50.0,50.0,18.65,-6.65,6.25,1.0,1.0,,6,뒤 절반
KODEX 200,목요일,12,0,12,0.85,0.93,66.67,33.33,3.51,-1.26,1.33,1.0,1.0,,7,앞 절반
KODEX 200,목요일,12,0,12,0.02,0.56,75.0,25.0,4.38,-7.39,2.79,0.1838,0.1838,,7,뒤 절반
KODEX 200,목요일,12,0,12,-0.02,1.06,66.67,33.33,4.98,-10.13,4.12,0.7363,1.0,,8,앞 절반
KODEX 200,목요일,12,0,12,-1.32,-1.4,41.67,58.33,3.85,-6.51,2.83,0.5155,0.5155,,8,뒤 절반
KODEX 200,목요일,11,0,11,1.05,1.48,72.73,27.27,5.85,-3.8,3.03,0.5025,0.5025,,9,앞 절반
KODEX 200,목요일,12,0,12,0.74,0.57,83.33,16.67,4.83,-3.32,2.14,0.049,0.0919,,9,뒤 절반
KODEX 200,목요일,11,0,11,-0.31,-1.07,45.45,54.55,6.7,-7.11,3.91,1.0,1.0,,10,앞 절반
KODEX 200,목요일,12,0,12,0.78,0.95,66.67,33.33,6.08,-2.51,2.24,0.5415,0.5415,,10,뒤 절반
KODEX 200,목요일,12,0,12,-0.22,0.99,58.33,41.67,6.55,-12.46,4.9,0.4955,0.4955,,11,앞 절반
KODEX 200,목요일,12,0,12,0.15,-0.36,41.67,58.33,3.75,-4.18,2.35,0.5035,0.5035,,11,뒤 절반
KODEX 200,목요일,12,0,12,-0.04,0.59,75.0,25.0,2.01,-5.63,2.19,0.3506,0.3506,,12,앞 절반
KODEX 200,목요일,12,0,12,-0.23,-0.27,41.67,58.33,3.01,-2.37,1.77,0.1878,0.1878,,12,뒤 절반
