Date,Value
2022-10-17,20091.26
2022-10-18,18833.82
2022-10-19,19592.78
2022-10-20,20446.08
2022-10-21,20510.69
2022-10-24,19025.62
2022-10-25,19210.24
2022-10-26,19258.12
2022-10-27,18516.19
2022-10-28,19012.49
2022-10-31,18520.2
2022-11-01,18580.35
2022-11-02,18692.35
2022-11-03,19330.3
2022-11-04,19249.04
2022-11-07,18715.95
2022-11-08,17813.84
2022-11-09,18026.73
2022-11-10,18794.4
2022-11-11,16639.61
2022-11-14,16866.89
2022-11-15,15627.16
2022-11-16,15944.04
2022-11-17,16232.34
2022-11-18,16652.82
2022-11-21,17506.91
2022-11-22,17965.08
2022-11-23,16930.87
2022-11-24,16314.69
2022-11-25,16761.2
2022-11-28,17546.11
2022-11-29,16878.21
2022-11-30,16892.31
2022-12-01,16202.43
2022-12-02,17020.24
2022-12-05,16797.28
2022-12-06,17465.91
2022-12-07,17654.71
2022-12-08,17470.35
2022-12-09,17279.73
2022-12-12,17707.69
2022-12-13,17485.61
2022-12-14,16938.76
2022-12-15,17384.18
2022-12-16,17908.05
2022-12-19,17801.98
2022-12-20,18627.03
2022-12-21,18228.54
2022-12-22,17415.56
2022-12-23,18866.78
2022-12-26,18068.79
2022-12-27,17494.89
2022-12-28,18516.63
2022-12-29,19329.18
2023-01-02,19756.25
2023-01-03,19504.76
2023-01-04,19282.23
2023-01-05,19675.22
2023-01-06,18901.31
2023-01-09,18191.15
2023-01-10,18859.79
2023-01-11,17931.49
2023-01-12,17853.72
2023-01-13,17979.52
2023-01-16,17662.29
2023-01-17,18302.81
2023-01-18,18152.01
2023-01-19,18174.97
2023-01-20,17933.08
2023-01-25,17216.78
2023-01-26,16689.97
2023-01-27,16813.38
2023-01-30,17025.9
2023-01-31,16980.47
2023-02-01,16162.66
2023-02-02,15498.15
2023-02-03,15400.31
2023-02-06,15767.74
2023-02-07,15014.05
2023-02-08,14785.67
2023-02-09,14346.35
2023-02-10,14623.18
2023-02-13,14596.98
2023-02-14,14245.46
2023-02-15,14780.4
2023-02-16,13573.68
2023-02-17,14141.48
2023-02-20,13256.56
2023-02-21,13135.19
2023-02-22,13925.09
2023-02-23,13692.42
2023-02-24,13981.38
2023-02-27,13871.77
2023-02-28,13269.43
2023-03-02,13814.9
2023-03-03,12883.52
2023-03-06,12226.99
2023-03-07,12306.79
2023-03-08,12414.94
2023-03-09,12640.34
2023-03-10,13347.27
2023-03-13,12986.22
2023-03-14,14043.8
2023-03-15,12989.79
2023-03-16,13195.4
2023-03-17,12631.52
2023-03-20,12742.26
2023-03-21,12559.32
2023-03-22,12146.93
2023-03-23,12247.45
2023-03-24,11885.14
2023-03-27,11798.82
2023-03-28,11797.53
2023-03-29,11388.84
2023-03-30,11111.94
2023-03-31,11014.31
2023-04-03,10849.44
2023-04-04,10882.87
2023-04-05,10254.25
2023-04-06,10421.09
2023-04-07,9810.01
2023-04-10,9202.35
2023-04-11,8932.94
2023-04-12,9350.5
2023-04-13,9352.52
2023-04-14,9109.32
2023-04-17,9051.2
2023-04-18,9038.57
2023-04-19,9186.42
2023-04-20,9770.58
2023-04-21,10206.17
2023-04-24,10587.9
2023-04-25,10949.58
2023-04-26,10881.71
2023-04-27,10011.05
2023-04-28,10170.1
2023-05-02,9787.89
2023-05-03,10374.37
2023-05-04,10232.94
2023-05-08,10424.11
2023-05-09,10649.58
2023-05-10,10834.96
2023-05-11,11256.51
2023-05-12,11142.73
2023-05-15,11259.49
2023-05-16,11055.68
2023-05-17,10460.97
2023-05-18,10643.44
2023-05-19,10413.2
2023-05-22,10103.52
2023-05-23,9777.76
2023-05-24,9987.68
2023-05-25,10209.06
2023-05-26,10258.81
2023-05-30,9940.49
2023-05-31,9795.59
2023-06-01,9623.81
2023-06-02,9537.56
2023-06-05,9614.99
2023-06-07,9194.6
2023-06-08,9475.01
2023-06-09,9039.79
2023-06-12,8968.41
2023-06-13,8639.85
2023-06-14,9415.06
2023-06-15,9292.15
2023-06-16,8891.26
2023-06-19,8912.74
2023-06-20,9146.4
2023-06-21,9452.0
2023-06-22,9303.77
2023-06-23,9436.95
2023-06-26,9300.47
2023-06-27,9447.72
2023-06-28,9764.37
2023-06-29,9798.07
2023-06-30,9463.0
2023-07-03,8786.47
2023-07-04,8928.52
2023-07-05,8802.56
2023-07-06,9066.23
2023-07-07,9202.87
2023-07-10,9396.61
2023-07-11,8867.85
2023-07-12,8864.48
2023-07-13,8654.85
2023-07-14,8465.07
2023-07-17,8499.83
2023-07-18,7785.67
2023-07-19,7424.03
2023-07-20,7382.35
2023-07-21,7223.34
2023-07-24,7116.0
2023-07-25,6567.9
2023-07-26,7230.9
2023-07-27,7766.41
2023-07-28,7109.28
2023-07-31,6592.41
2023-08-01,6689.86
2023-08-02,7331.53
2023-08-03,6793.2
2023-08-04,7007.36
2023-08-07,7608.27
2023-08-08,7593.84
2023-08-09,7168.85
2023-08-10,7183.88
2023-08-11,7302.43
2023-08-14,7617.42
2023-08-16,7978.3
2023-08-17,7585.97
2023-08-18,7874.28
2023-08-21,7463.2
2023-08-22,7290.25
2023-08-23,7588.64
2023-08-24,7206.45
2023-08-25,7238.36
2023-08-28,7100.65
2023-08-29,7107.89
2023-08-30,7060.94
2023-08-31,7011.49
2023-09-01,7236.26
2023-09-04,7306.14
2023-09-05,7425.58
2023-09-06,7539.63
2023-09-07,7779.94
2023-09-08,7535.26
2023-09-11,7724.75
2023-09-12,7832.92
2023-09-13,8107.37
2023-09-14,7801.28
2023-09-15,7839.61
2023-09-18,7930.16
2023-09-19,7982.22
2023-09-20,7819.52
2023-09-21,8289.07
2023-09-22,8297.94
2023-09-25,8636.14
2023-09-26,8923.72
2023-09-27,8534.27
2023-10-04,9320.26
2023-10-05,9331.13
2023-10-06,9109.27
2023-10-10,9629.99
2023-10-11,8951.02
2023-10-12,8438.58
2023-10-13,8797.29
2023-10-16,9003.52
2023-10-17,8800.84
2023-10-18,9133.37
2023-10-19,9573.91
2023-10-20,10002.2
2023-10-23,10030.75
2023-10-24,9339.28
2023-10-25,10023.61
2023-10-26,10743.03
2023-10-27,10465.49
2023-10-30,10266.0
2023-10-31,10964.99
2023-11-01,11022.77
2023-11-02,9884.82
2023-11-03,9635.13
2023-11-06,6847.46
2023-11-07,7576.63
2023-11-08,8038.34
2023-11-09,8176.25
2023-11-10,8508.51
2023-11-13,8819.31
2023-11-14,8235.04
2023-11-15,7888.77
2023-11-16,7970.9
2023-11-17,8378.43
2023-11-20,7922.18
2023-11-21,7977.96
2023-11-22,8025.56
2023-11-23,7965.86
2023-11-24,8094.92
2023-11-27,8178.96
2023-11-28,7925.53
2023-11-29,7795.55
2023-11-30,7559.62
2023-12-01,7656.19
2023-12-04,7599.19
2023-12-05,7970.4
2023-12-06,7758.42
2023-12-07,7960.41
2023-12-08,7426.22
2023-12-11,7308.76
2023-12-12,7260.9
2023-12-13,7399.73
2023-12-14,7083.38
2023-12-15,7113.04
2023-12-18,6862.56
2023-12-19,6671.39
2023-12-20,6622.68
2023-12-21,6757.08
2023-12-22,6904.23
2023-12-26,6976.82
2023-12-27,6689.26
2023-12-28,6544.44
2024-01-02,6543.89
2024-01-03,6749.97
2024-01-04,6870.8
2024-01-05,6618.49
2024-01-08,6700.68
2024-01-09,6551.84
2024-01-10,6804.32
2024-01-11,6625.02
2024-01-12,6869.46
2024-01-15,7095.5
2024-01-16,7115.03
2024-01-17,7491.54
2024-01-18,7366.73
2024-01-19,7540.6
2024-01-22,7694.07
2024-01-23,7614.33
2024-01-24,7862.15
2024-01-25,8070.28
2024-01-26,7558.86
2024-01-29,7912.84
2024-01-30,7773.15
2024-01-31,8230.5
2024-02-01,8030.28
2024-02-02,7650.04
2024-02-05,7883.03
2024-02-06,7985.84
2024-02-07,7756.14
2024-02-08,7356.85
2024-02-13,7070.11
2024-02-14,6962.34
2024-02-15,6879.75
2024-02-16,6902.48
2024-02-19,6844.58
2024-02-20,6757.09
2024-02-21,6720.8
2024-02-22,6651.37
2024-02-23,6545.11
2024-02-26,6508.73
2024-02-27,6753.88
2024-02-28,6471.81
2024-02-29,6371.54
2024-03-04,6179.77
2024-03-05,6289.58
2024-03-06,6178.49
2024-03-07,6293.58
2024-03-08,5984.99
2024-03-11,5979.55
2024-03-12,5651.04
2024-03-13,5712.54
2024-03-14,5708.06
2024-03-15,5875.35
2024-03-18,5631.75
2024-03-19,5641.2
2024-03-20,5668.22
2024-03-21,5397.46
2024-03-22,5429.07
2024-03-25,5176.57
2024-03-26,5071.75
2024-03-27,5200.65
2024-03-28,5250.23
2024-03-29,5342.81
2024-04-01,5334.78
2024-04-02,5685.46
2024-04-03,5877.33
2024-04-04,5828.97
2024-04-05,6117.0
2024-04-08,6163.98
2024-04-09,6124.1
2024-04-11,6187.97
2024-04-12,6135.54
2024-04-15,6232.15
2024-04-16,6511.92
2024-04-17,6625.22
2024-04-18,6174.06
2024-04-19,6372.47
2024-04-22,6152.1
2024-04-23,6167.3
2024-04-24,5895.19
2024-04-25,6078.27
2024-04-26,6015.01
2024-04-29,5822.01
2024-04-30,5835.13
2024-05-02,5919.82
2024-05-03,5915.91
2024-05-07,5870.54
2024-05-08,5874.12
2024-05-09,5971.57
2024-05-10,6107.27
2024-05-13,6301.35
2024-05-14,6214.65
2024-05-16,6057.48
2024-05-17,6645.64
2024-05-20,6653.92
2024-05-21,6556.64
2024-05-22,6581.13
2024-05-23,6690.26
2024-05-24,6783.02
2024-05-27,6493.83
2024-05-28,6548.55
2024-05-29,6794.89
2024-05-30,6901.32
2024-05-31,6718.98
2024-06-03,6611.06
2024-06-04,6517.44
2024-06-05,6315.52
2024-06-07,5940.37
2024-06-10,6112.62
2024-06-11,5955.69
2024-06-12,6018.18
2024-06-13,6062.44
2024-06-14,6206.24
2024-06-17,6224.4
2024-06-18,6204.19
2024-06-19,6142.25
2024-06-20,6291.64
2024-06-21,6266.49
2024-06-24,6441.3
2024-06-25,6376.67
2024-06-26,6452.28
2024-06-27,6407.32
2024-06-28,6452.38
2024-07-01,6212.89
2024-07-02,6541.82
2024-07-03,6193.57
2024-07-04,6074.57
2024-07-05,5854.25
2024-07-08,5789.06
2024-07-09,5750.82
2024-07-10,5771.95
2024-07-11,5852.45
2024-07-12,5896.85
2024-07-15,5880.67
2024-07-16,6087.95
2024-07-17,6289.85
2024-07-18,6353.17
2024-07-19,6238.55
2024-07-22,6637.32
2024-07-23,6495.03
2024-07-24,6444.61
2024-07-25,6757.82
2024-07-26,6779.46
2024-07-29,6490.18
2024-07-30,6562.5
2024-07-31,6566.74
2024-08-01,6326.95
2024-08-02,6934.06
2024-08-05,8722.18
2024-08-06,7055.1
2024-08-07,6761.92
2024-08-08,6957.15
2024-08-09,6534.01
2024-08-12,6505.94
2024-08-13,6590.81
2024-08-14,6323.38
2024-08-16,6111.88
2024-08-19,6326.75
2024-08-20,6172.53
2024-08-21,6349.81
2024-08-22,6443.4
2024-08-23,6364.1
2024-08-26,6501.97
2024-08-27,6584.91
2024-08-28,6560.68
2024-08-29,6685.6
2024-08-30,6462.14
2024-09-02,6314.55
2024-09-03,6577.3
2024-09-04,7143.03
2024-09-05,7276.18
2024-09-06,7738.59
2024-09-09,7448.48
2024-09-10,7765.83
2024-09-11,7680.73
2024-09-12,7044.83
2024-09-13,7069.86
2024-09-19,6821.19
2024-09-20,6594.04
2024-09-23,6553.81
2024-09-24,6163.62
2024-09-25,6442.89
2024-09-26,6045.9
2024-09-27,6200.94
2024-09-30,6355.36
2024-10-02,6215.61
2024-10-04,6065.17
2024-10-07,5871.17
2024-10-08,5954.4
2024-10-10,5973.88
2024-10-11,6159.55
2024-10-14,6190.72
2024-10-15,6056.81
2024-10-16,6271.25
2024-10-17,6257.1
2024-10-18,6523.51
2024-10-21,6306.64
2024-10-22,6704.14
2024-10-23,6512.18
2024-10-24,6731.48
2024-10-25,6855.41
2024-10-28,6480.69
2024-10-29,6332.43
2024-10-30,6540.13
2024-10-31,6400.11
2024-11-01,6781.99
2024-11-04,6018.31
2024-11-05,6137.88
2024-11-06,6339.34
2024-11-07,6550.85
2024-11-08,6316.65
2024-11-11,6535.05
2024-11-12,6773.37
2024-11-13,7207.07
2024-11-14,7418.46
2024-11-15,7213.46
2024-11-18,7084.38
2024-11-19,7390.38
2024-11-20,7564.98
2024-11-21,7449.88
2024-11-22,7882.87
2024-11-25,7064.29
2024-11-26,7376.88
2024-11-27,7416.25
2024-11-28,7395.1
2024-11-29,7816.96
2024-12-02,7797.82
2024-12-03,7341.17
2024-12-04,7699.59
2024-12-05,7704.01
2024-12-06,7900.91
2024-12-09,8538.42
2024-12-10,7711.45
2024-12-11,7687.62
2024-12-12,7371.48
2024-12-13,7337.54
2024-12-16,7316.3
2024-12-17,7534.13
2024-12-18,7401.35
2024-12-19,7895.28
2024-12-20,8159.44
2024-12-23,7871.96
2024-12-24,7801.04
2024-12-26,7864.04
2024-12-27,8121.19
2024-12-30,7833.84
2025-01-02,7717.26
2025-01-03,7179.63
2025-01-06,6934.22
2025-01-07,6871.93
2025-01-08,6859.7
2025-01-09,6816.74
2025-01-10,6942.38
2025-01-13,7178.14
2025-01-14,6903.66
2025-01-15,7065.33
2025-01-16,6681.17
2025-01-17,6714.35
2025-01-20,6594.74
2025-01-21,6646.73
2025-01-22,6492.19
2025-01-23,6584.09
2025-01-24,6426.93
2025-01-31,6453.32
2025-02-03,6973.13
2025-02-04,6575.08
2025-02-05,6391.19
2025-02-06,6239.74
2025-02-07,6183.08
2025-02-10,6084.84
2025-02-11,6132.14
2025-02-12,6147.0
2025-02-13,6107.32
2025-02-14,5874.05
2025-02-17,5735.73
2025-02-18,5708.69
2025-02-19,5633.91
2025-02-20,5794.1
2025-02-21,5624.67
2025-02-24,5635.8
2025-02-25,5669.41
2025-02-26,5686.09
2025-02-27,5590.08
2025-02-28,6061.25
2025-03-04,6160.29
2025-03-05,6010.52
2025-03-06,6287.86
2025-03-07,6478.39
2025-03-10,6464.35
2025-03-11,6698.44
2025-03-12,6521.89
2025-03-13,6706.33
2025-03-14,6335.95
2025-03-17,6121.16
2025-03-18,6084.46
2025-03-19,6261.91
2025-03-20,6562.83
2025-03-21,6786.51
2025-03-24,6667.17
2025-03-25,6826.81
2025-03-26,6727.37
2025-03-27,6939.61
2025-03-28,7237.18
2025-03-31,7694.31
2025-04-01,7207.95
2025-04-02,7426.86
2025-04-03,7472.97
2025-04-04,7300.41
2025-04-07,8204.36
2025-04-08,7846.26
2025-04-09,8369.13
2025-04-10,7233.73
2025-04-11,7050.29
2025-04-14,6696.72
2025-04-15,6692.44
2025-04-16,7073.3
2025-04-17,6807.89
2025-04-18,6685.48
2025-04-21,6752.43
2025-04-22,6757.42
2025-04-23,6436.77
2025-04-24,6506.87
2025-04-25,6426.25
2025-04-28,6656.48
2025-04-29,6492.93
2025-04-30,6713.05
2025-05-02,6535.83
2025-05-07,6638.71
2025-05-08,6533.1
2025-05-09,6729.03
2025-05-12,6660.99
2025-05-13,6503.87
2025-05-14,6470.25
2025-05-15,6594.15
2025-05-16,6765.02
2025-05-19,6965.47
2025-05-20,7020.26
2025-05-21,6827.98
2025-05-22,6885.92
2025-05-23,6881.2
2025-05-26,6711.96
2025-05-27,6543.59
2025-05-28,6507.49
2025-05-29,6445.3
2025-05-30,6412.98
2025-06-02,6297.02
2025-06-04,6233.02
2025-06-05,6154.01
2025-06-09,5971.62
2025-06-10,5794.2
2025-06-11,5511.67
2025-06-12,5514.57
2025-06-13,5856.37
2025-06-16,5782.54
2025-06-17,5822.23
2025-06-18,5769.71
2025-06-19,5715.18
2025-06-20,5521.71
2025-06-23,5702.99
2025-06-24,5392.51
2025-06-25,5430.76
2025-06-26,5580.6
2025-06-27,5662.58
2025-06-30,5673.22
2025-07-01,5701.15
2025-07-02,5601.54
2025-07-03,5413.57
2025-07-04,5728.16
2025-07-07,5637.34
2025-07-08,5606.61
2025-07-09,5516.37
2025-07-10,5375.98
2025-07-11,5324.13
2025-07-14,5355.78
2025-07-15,5042.7
2025-07-16,5054.11
2025-07-17,4873.62
2025-07-18,4818.06
2025-07-21,4811.03
2025-07-22,4928.74
2025-07-23,4871.57
2025-07-24,4888.8
2025-07-25,4963.42
2025-07-28,4927.46
2025-07-29,4982.04
2025-07-30,5014.65
2025-07-31,4957.58
2025-08-01,5434.06
2025-08-04,5246.06
2025-08-05,4995.13
2025-08-06,4929.09
2025-08-07,4954.06
2025-08-08,4905.0
2025-08-11,4828.93
2025-08-12,4930.19
2025-08-13,4723.97
2025-08-14,4723.29
2025-08-18,4901.41
2025-08-19,5102.83
2025-08-20,5204.56
2025-08-21,5252.34
2025-08-22,5190.58
2025-08-25,4931.59
2025-08-26,4906.14
2025-08-27,4912.2
2025-08-28,4979.26
2025-08-29,5051.37
2025-09-01,5154.52
2025-09-02,5041.33
2025-09-03,5042.32
2025-09-04,4924.46
2025-09-05,4827.4
2025-09-08,4742.48
2025-09-09,4736.51
2025-09-10,4653.22
2025-09-11,4605.92
2025-09-12,4390.04
2025-09-15,4366.03
2025-09-16,4389.37
2025-09-17,4465.21
2025-09-18,4359.4
2025-09-19,4276.69
2025-09-22,4102.26
2025-09-23,4172.46
2025-09-24,4318.06
2025-09-25,4429.4
2025-09-26,4558.1
2025-09-29,4425.77
2025-09-30,4493.29
2025-10-01,4471.77
2025-10-02,4402.48
2025-10-10,4411.02
2025-10-13,4402.29
2025-10-14,4526.2
2025-10-15,4395.42
2025-10-16,4361.02
2025-10-17,4270.7
2025-10-20,4084.87
2025-10-21,4077.86
2025-10-22,3992.42
2025-10-23,4095.33
2025-10-24,3959.71
2025-10-27,3665.61
2025-10-28,3664.81
2025-10-29,3709.8
2025-10-30,3783.51
2025-10-31,3699.33
2025-11-03,3521.27
2025-11-04,3330.04
2025-11-05,3572.8
2025-11-06,3541.47
2025-11-07,3759.91
2025-11-10,3717.99
2025-11-11,3740.94
2025-11-12,3459.1
2025-11-13,3333.14
2025-11-14,3505.78
2025-11-17,3448.79
2025-11-18,3645.92
2025-11-19,3734.59
2025-11-20,3499.23
2025-11-21,3747.11
2025-11-24,3883.27
2025-11-25,3888.66
2025-11-26,3684.7
2025-11-27,3663.58
2025-11-28,3341.76
2025-12-01,3221.74
2025-12-02,3243.74
2025-12-03,3249.52
2025-12-04,3305.47
2025-12-05,3420.47
2025-12-08,3309.43
2025-12-09,3305.2
2025-12-10,3276.46
2025-12-11,3332.97
2025-12-12,3374.82
2025-12-15,3391.47
2025-12-16,3562.12
2025-12-17,3605.18
2025-12-18,3736.92
2025-12-19,3578.7
2025-12-22,3504.38
2025-12-23,3564.03
2025-12-24,3613.25
2025-12-26,3509.68
2025-12-29,3432.41
2025-12-30,3530.5
2026-01-02,3353.91
2026-01-05,3252.91
2026-01-06,3246.2
2026-01-07,3325.29
2026-01-08,3328.3
2026-01-09,3317.51
2026-01-12,3345.5
2026-01-13,3338.5
2026-01-14,3413.39
2026-01-15,3348.34
2026-01-16,3257.2
2026-01-19,3202.16
2026-01-20,3218.52
2026-01-21,3504.45
2026-01-22,3276.03
2026-01-23,2973.96
2026-01-26,2312.82
2026-01-27,2174.49
2026-01-28,1870.7
2026-01-29,1755.83
2026-01-30,1844.7
2026-02-02,2040.92
2026-02-03,1882.5
2026-02-04,1901.45
2026-02-05,2056.49
2026-02-06,2209.67
2026-02-09,1984.55
2026-02-10,2055.81
2026-02-11,2068.75
2026-02-12,1999.26
2026-02-13,2071.93
2026-02-19,1773.46
2026-02-20,1808.85
2026-02-23,1850.18
2026-02-24,1807.38
2026-02-25,1793.16
2026-02-26,1665.46
2026-02-27,1629.85
2026-03-03,1799.62
2026-03-04,2339.44
2026-03-05,1735.17
2026-03-06,1513.22
2026-03-09,1618.86
2026-03-10,1529.95
2026-03-11,1627.97
2026-03-12,1600.13
2026-03-13,1584.36
2026-03-16,1639.5
2026-03-17,1636.05
2026-03-18,1531.82
2026-03-19,1608.68
2026-03-20,1546.99
2026-03-23,1721.2
2026-03-24,1636.12
2026-03-25,1525.32
2026-03-26,1599.6
2026-03-27,1564.59
2026-03-30,1666.01
2026-03-31,1842.87
2026-04-01,1641.59
2026-04-02,1826.45
2026-04-03,1834.1
2026-04-06,1898.94
2026-04-07,1913.4
2026-04-08,1688.99
2026-04-09,1748.97
2026-04-10,1699.96
2026-04-13,1710.8
2026-04-14,1676.88
2026-04-15,1561.63
2026-04-16,1533.14
2026-04-17,1541.85
2026-04-20,1510.88
2026-04-21,1485.15
2026-04-22,1498.66
2026-04-23,1521.02
2026-04-24,1420.61
2026-04-27,1369.27
2026-04-28,1413.06
2026-04-29,1407.05
2026-04-30,1483.35
2026-05-04,1429.71
2026-05-06,1437.79
2026-05-07,1458.34
2026-05-08,1452.39
2026-05-11,1463.89
2026-05-12,1542.61
2026-05-13,1540.02
2026-05-14,1466.41
2026-05-15,1614.78
2026-05-18,1705.96
2026-05-19,1763.63
2026-05-20,1869.56
2026-05-21,1661.54
2026-05-22,1424.06
2026-05-26,1390.92
2026-05-27,1476.58
2026-05-28,1544.91
2026-05-29,1595.31
2026-06-01,1655.54
2026-06-02,1730.7
2026-06-04,1595.52
2026-06-05,1782.3
2026-06-08,2178.88
2026-06-09,1759.89
2026-06-10,1895.87
2026-06-11,1596.43
2026-06-12,1522.43
2026-06-15,1500.91
2026-06-16,1580.55
2026-06-17,1497.55
2026-06-18,1599.46
2026-06-19,1720.74
2026-06-22,1603.67
2026-06-23,1896.94
2026-06-24,1777.21
2026-06-25,1891.0
2026-06-26,2021.87
2026-06-29,1661.78
2026-06-30,1711.53
2026-07-01,1672.4
2026-07-02,1927.67
2026-07-03,1975.94
2026-07-06,2100.56
2026-07-07,2170.85
2026-07-08,2447.98
2026-07-09,2337.4
2026-07-10,2113.46
2026-07-13,2338.92
2026-07-14,2456.68
2026-07-15,2092.37
2026-07-16,2343.05
2026-07-20,2684.17
2026-07-21,2645.8
2026-07-22,2717.5
2026-07-23,2312.79
2026-07-24,2630.44
2026-07-27,2435.4
2026-07-28,2860.48
2026-07-29,3240.09
2026-07-30,3540.93
2026-07-31,2761.88
2026-08-03,2384.9
2026-08-04,2070.99
2026-08-05,2006.1
2026-08-06,2007.98
2026-08-07,1980.05
2026-08-10,1652.94
2026-08-11,1661.2
2026-08-12,1676.87
2026-08-13,1627.68
2026-08-14,1654.81
2026-08-18,1784.32
2026-08-19,1775.36
2026-08-20,1666.36
2026-08-21,1850.03
2026-08-24,1774.41
2026-08-25,1722.66
2026-08-26,1770.19
2026-08-27,1670.42
2026-08-28,1689.38
2026-08-31,1728.82
2026-09-01,1819.13
2026-09-02,1901.93
