대상,격자 칸,진입 달력일,청산 상대 거래일,신호,제외,표본,평균(%),중앙값(%),오른 비율(%),내린 비율(%),최고(%),최악(%),표준편차(%),기준선 신호,기준선 제외,기준선 표본,기준선 평균(%),기준선 중앙값(%),기준선 오른 비율(%),기준선 내린 비율(%),기준선 최고(%),기준선 최악(%),기준선 표준편차(%),평균 차이(%p),중앙값 차이(%p),오른 비율 차이(%p),내린 비율 차이(%p),평균 우연확률,중앙값 우연확률,오른 비율 우연확률,내린 비율 우연확률,비고,평균-비율 어긋남,판정가능
229200,15일 → 말일-3,15,-3,131,0,131,-0.24,0.21,51.15,48.85,19.35,-17.43,4.71,2153,0,2153,-0.07,0.04,50.26,49.19,22.44,-28.75,4.97,-0.17,0.16,0.89,-0.33,0.6703,0.6743,0.9351,1.0,,True,예
229200,15일 → 말일-2,15,-2,131,0,131,-0.35,0.16,51.91,46.56,28.28,-22.45,5.52,2284,0,2284,-0.2,-0.04,49.34,50.18,31.61,-33.08,5.52,-0.16,0.2,2.57,-3.61,0.7203,0.5415,0.5764,0.3946,,True,예
229200,15일 → 말일-1,15,-1,131,0,131,-0.12,0.38,52.67,47.33,32.04,-26.07,5.82,2415,0,2415,0.05,0.13,51.14,48.53,35.46,-36.21,5.7,-0.17,0.25,1.53,-1.2,0.7293,0.4496,0.7173,0.7832,,True,예
229200,15일 → 말일,15,0,131,0,131,-0.11,0.0,49.62,49.62,29.42,-15.65,5.89,2546,0,2546,0.08,0.14,51.02,48.59,32.77,-27.22,5.58,-0.18,-0.14,-1.4,1.03,0.7213,0.8322,0.7612,0.8292,,False,예
229200,15일 → 말일+1,15,1,131,0,131,0.16,0.45,54.2,45.04,21.81,-13.07,5.53,2677,0,2677,0.35,0.29,52.48,47.03,24.97,-24.99,5.27,-0.19,0.15,1.71,-1.99,0.6863,0.8142,0.7233,0.7223,,False,예
229200,15일 → 말일+2,15,2,131,0,131,0.14,0.43,51.15,48.85,27.18,-15.39,6.12,2677,0,2677,0.34,0.34,52.37,47.18,30.47,-19.82,5.77,-0.2,0.09,-1.23,1.68,0.6903,0.8751,0.8711,0.7293,,False,예
229200,15일 → 말일+3,15,3,130,0,130,0.3,0.53,53.85,46.15,26.52,-18.28,6.47,2657,0,2657,0.41,0.57,54.42,45.43,29.79,-21.05,6.1,-0.12,-0.04,-0.58,0.73,0.8222,0.9391,0.9281,0.8581,,False,예
229200,16일 → 말일-3,16,-3,131,0,131,-0.35,-0.11,49.62,50.38,18.38,-12.78,4.33,2153,0,2153,-0.07,0.04,50.26,49.19,22.44,-28.75,4.97,-0.29,-0.16,-0.64,1.19,0.4805,0.6274,0.8621,0.7922,,False,예
229200,16일 → 말일-2,16,-2,131,0,131,-0.48,0.27,52.67,44.27,27.24,-18.08,5.18,2284,0,2284,-0.2,-0.04,49.34,50.18,31.61,-33.08,5.52,-0.28,0.31,3.33,-5.9,0.5445,0.3377,0.4496,0.1678,,True,예
229200,16일 → 말일-1,16,-1,131,0,131,-0.24,0.15,51.15,48.85,30.96,-21.91,5.53,2415,0,2415,0.05,0.13,51.14,48.53,35.46,-36.21,5.7,-0.29,0.02,0.01,0.32,0.5634,0.8631,1.0,1.0,,True,예
229200,16일 → 말일,16,0,131,0,131,-0.22,0.0,49.62,48.85,28.37,-11.22,5.66,2546,0,2546,0.08,0.14,51.02,48.59,32.77,-27.22,5.58,-0.3,-0.14,-1.4,0.27,0.5594,0.8322,0.7612,1.0,,False,예
229200,16일 → 말일+1,16,1,131,0,131,0.05,0.0,49.62,49.62,20.82,-11.06,5.32,2677,0,2677,0.35,0.29,52.48,47.03,24.97,-24.99,5.27,-0.3,-0.29,-2.87,2.59,0.4885,0.5045,0.5215,0.5205,,False,예
229200,16일 → 말일+2,16,2,131,0,131,0.03,0.52,51.91,47.33,26.14,-12.84,5.86,2677,0,2677,0.34,0.34,52.37,47.18,30.47,-19.82,5.77,-0.32,0.18,-0.46,0.15,0.5425,0.7532,1.0,1.0,,False,예
229200,16일 → 말일+3,16,3,130,0,130,0.18,0.92,53.08,46.15,25.49,-17.62,6.23,2657,0,2657,0.41,0.57,54.42,45.43,29.79,-21.05,6.1,-0.23,0.35,-1.35,0.73,0.6533,0.5445,0.7872,0.8581,,False,예
229200,17일 → 말일-3,17,-3,131,0,131,-0.35,0.36,50.38,49.62,18.38,-12.87,4.18,2153,0,2153,-0.07,0.04,50.26,49.19,22.44,-28.75,4.97,-0.28,0.31,0.13,0.43,0.4905,0.4186,1.0,0.9421,,True,예
229200,17일 → 말일-2,17,-2,131,0,131,-0.47,0.36,53.44,44.27,27.24,-18.08,5.0,2284,0,2284,-0.2,-0.04,49.34,50.18,31.61,-33.08,5.52,-0.27,0.4,4.09,-5.9,0.5514,0.2288,0.3477,0.1678,,True,예
229200,17일 → 말일-1,17,-1,131,0,131,-0.24,0.24,51.15,48.85,30.96,-21.91,5.32,2415,0,2415,0.05,0.13,51.14,48.53,35.46,-36.21,5.7,-0.28,0.11,0.01,0.32,0.5674,0.6923,1.0,1.0,,True,예
229200,17일 → 말일,17,0,131,0,131,-0.22,-0.24,48.85,50.38,28.37,-11.87,5.42,2546,0,2546,0.08,0.14,51.02,48.59,32.77,-27.22,5.58,-0.3,-0.38,-2.17,1.8,0.5604,0.4366,0.6214,0.6873,,False,예
229200,17일 → 말일+1,17,1,131,0,131,0.05,0.0,49.62,48.85,20.82,-11.75,5.13,2677,0,2677,0.35,0.29,52.48,47.03,24.97,-24.99,5.27,-0.3,-0.29,-2.87,1.82,0.4995,0.5045,0.5215,0.6424,,False,예
229200,17일 → 말일+2,17,2,131,0,131,0.03,0.52,54.96,45.04,26.14,-15.02,5.7,2677,0,2677,0.34,0.34,52.37,47.18,30.47,-19.82,5.77,-0.31,0.18,2.59,-2.14,0.5524,0.7532,0.5524,0.6753,,False,예
229200,17일 → 말일+3,17,3,130,0,130,0.18,0.97,55.38,44.62,25.49,-16.75,6.04,2657,0,2657,0.41,0.57,54.42,45.43,29.79,-21.05,6.1,-0.23,0.4,0.96,-0.81,0.6553,0.4785,0.8631,0.9381,,False,예
229200,18일 → 말일-3,18,-3,131,0,131,-0.27,-0.04,48.85,50.38,18.38,-12.78,4.0,2153,0,2153,-0.07,0.04,50.26,49.19,22.44,-28.75,4.97,-0.2,-0.08,-1.4,1.19,0.6084,0.8202,0.7363,0.7922,,False,예
229200,18일 → 말일-2,18,-2,131,0,131,-0.39,0.04,50.38,48.85,27.24,-18.08,4.84,2284,0,2284,-0.2,-0.04,49.34,50.18,31.61,-33.08,5.52,-0.2,0.08,1.04,-1.32,0.6603,0.8392,0.8571,0.7892,,True,예
229200,18일 → 말일-1,18,-1,131,0,131,-0.16,0.04,50.38,48.85,30.96,-21.91,5.17,2415,0,2415,0.05,0.13,51.14,48.53,35.46,-36.21,5.7,-0.21,-0.1,-0.76,0.32,0.6743,0.9121,0.9271,1.0,,True,예
229200,18일 → 말일,18,0,131,0,131,-0.14,-0.2,49.62,50.38,28.37,-11.23,5.32,2546,0,2546,0.08,0.14,51.02,48.59,32.77,-27.22,5.58,-0.22,-0.33,-1.4,1.8,0.6683,0.4735,0.7612,0.6873,,False,예
229200,18일 → 말일+1,18,1,131,0,131,0.13,-0.04,48.09,51.15,20.82,-10.02,4.93,2677,0,2677,0.35,0.29,52.48,47.03,24.97,-24.99,5.27,-0.22,-0.33,-4.39,4.11,0.6274,0.4486,0.3247,0.3157,,True,예
229200,18일 → 말일+2,18,2,131,0,131,0.11,0.18,51.15,48.85,26.14,-12.29,5.59,2677,0,2677,0.34,0.34,52.37,47.18,30.47,-19.82,5.77,-0.23,-0.15,-1.23,1.68,0.6434,0.8072,0.8711,0.7293,,False,예
229200,18일 → 말일+3,18,3,130,0,130,0.23,0.62,53.08,46.92,25.49,-16.5,5.96,2657,0,2657,0.41,0.57,54.42,45.43,29.79,-21.05,6.1,-0.19,0.05,-1.35,1.5,0.7303,0.957,0.7872,0.7203,,False,예
229200,19일 → 말일-3,19,-3,131,0,131,-0.23,-0.31,41.98,58.02,17.2,-12.78,3.91,2153,0,2153,-0.07,0.04,50.26,49.19,22.44,-28.75,4.97,-0.17,-0.35,-8.27,8.83,0.6723,0.3676,0.042,0.032,,False,예
229200,19일 → 말일-2,19,-2,131,0,131,-0.36,-0.34,44.27,55.73,25.98,-18.08,4.79,2284,0,2284,-0.2,-0.04,49.34,50.18,31.61,-33.08,5.52,-0.16,-0.3,-5.07,5.55,0.7133,0.3277,0.2388,0.2018,,False,예
229200,19일 → 말일-1,19,-1,131,0,131,-0.12,-0.16,48.85,50.38,29.67,-21.91,5.13,2415,0,2415,0.05,0.13,51.14,48.53,35.46,-36.21,5.7,-0.17,-0.3,-2.28,1.85,0.7243,0.5634,0.6513,0.7253,,False,예
229200,19일 → 말일,19,0,131,0,131,-0.1,0.17,50.38,49.62,28.6,-12.04,5.38,2546,0,2546,0.08,0.14,51.02,48.59,32.77,-27.22,5.58,-0.18,0.04,-0.64,1.03,0.7293,0.8581,0.9171,0.8292,,True,예
229200,19일 → 말일+1,19,1,131,0,131,0.17,-0.08,47.33,51.91,23.89,-11.93,4.96,2677,0,2677,0.35,0.29,52.48,47.03,24.97,-24.99,5.27,-0.19,-0.37,-5.16,4.88,0.6943,0.3896,0.2328,0.2308,,True,예
229200,19일 → 말일+2,19,2,131,0,131,0.16,0.12,50.38,49.62,27.15,-16.15,5.77,2677,0,2677,0.34,0.34,52.37,47.18,30.47,-19.82,5.77,-0.19,-0.22,-1.99,2.44,0.7093,0.7303,0.7463,0.6124,,False,예
229200,19일 → 말일+3,19,3,130,0,130,0.27,0.18,50.77,49.23,27.98,-18.15,6.01,2657,0,2657,0.41,0.57,54.42,45.43,29.79,-21.05,6.1,-0.14,-0.39,-3.65,3.8,0.7822,0.4665,0.4226,0.3646,,False,예
229200,20일 → 말일-3,20,-3,130,0,130,-0.3,-0.47,43.85,55.38,16.55,-10.15,3.61,2153,0,2153,-0.07,0.04,50.26,49.19,22.44,-28.75,4.97,-0.23,-0.52,-6.41,6.2,0.5534,0.1598,0.1179,0.1349,,False,예
229200,20일 → 말일-2,20,-2,131,0,131,-0.43,-0.31,44.27,54.96,25.28,-12.08,4.41,2284,0,2284,-0.2,-0.04,49.34,50.18,31.61,-33.08,5.52,-0.23,-0.27,-5.07,4.79,0.6104,0.3886,0.2388,0.2687,,False,예
229200,20일 → 말일-1,20,-1,131,0,131,-0.2,-0.47,45.8,53.44,28.95,-15.9,4.68,2415,0,2415,0.05,0.13,51.14,48.53,35.46,-36.21,5.7,-0.25,-0.61,-5.34,4.91,0.6144,0.1838,0.2358,0.2677,,False,예
229200,20일 → 말일,20,0,131,0,131,-0.18,-0.45,46.56,53.44,26.39,-12.04,4.87,2546,0,2546,0.08,0.14,51.02,48.59,32.77,-27.22,5.58,-0.26,-0.59,-4.46,4.85,0.6164,0.1978,0.3197,0.2777,,False,예
229200,20일 → 말일+1,20,1,131,0,131,0.09,-0.26,46.56,52.67,18.96,-11.93,4.51,2677,0,2677,0.35,0.29,52.48,47.03,24.97,-24.99,5.27,-0.26,-0.56,-5.92,5.64,0.5664,0.1888,0.1588,0.1678,,True,예
229200,20일 → 말일+2,20,2,131,0,131,0.09,-0.36,47.33,51.91,24.2,-15.65,5.38,2677,0,2677,0.34,0.34,52.37,47.18,30.47,-19.82,5.77,-0.26,-0.7,-5.04,4.73,0.6144,0.1638,0.2907,0.2937,,True,예
229200,20일 → 말일+3,20,3,130,0,130,0.22,0.32,52.31,46.92,23.55,-18.15,5.66,2657,0,2657,0.41,0.57,54.42,45.43,29.79,-21.05,6.1,-0.19,-0.25,-2.11,1.5,0.7133,0.6274,0.6543,0.7203,,False,예
229200,21일 → 말일-3,21,-3,130,0,130,-0.12,-0.21,44.62,53.08,22.44,-9.63,3.49,2153,0,2153,-0.07,0.04,50.26,49.19,22.44,-28.75,4.97,-0.05,-0.25,-5.64,3.89,0.8761,0.4755,0.1668,0.3726,,False,예
229200,21일 → 말일-2,21,-2,130,0,130,-0.25,-0.2,46.15,53.08,31.61,-12.08,4.46,2284,0,2284,-0.2,-0.04,49.34,50.18,31.61,-33.08,5.52,-0.05,-0.16,-3.19,2.9,0.8961,0.6124,0.4545,0.5155,,False,예
229200,21일 → 말일-1,21,-1,131,0,131,-0.02,0.0,49.62,49.62,35.46,-16.17,4.76,2415,0,2415,0.05,0.13,51.14,48.53,35.46,-36.21,5.7,-0.06,-0.13,-1.52,1.09,0.8921,0.8611,0.7862,0.8591,,False,예
229200,21일 → 말일,21,0,131,0,131,0.0,-0.37,45.8,54.2,32.77,-12.04,4.95,2546,0,2546,0.08,0.14,51.02,48.59,32.77,-27.22,5.58,-0.07,-0.5,-5.22,5.61,0.8961,0.2767,0.2388,0.2018,,True,예
229200,21일 → 말일+1,21,1,131,0,131,0.28,-0.1,48.85,50.38,24.97,-11.93,4.52,2677,0,2677,0.35,0.29,52.48,47.03,24.97,-24.99,5.27,-0.08,-0.39,-3.63,3.35,0.8741,0.3546,0.4036,0.4116,,True,예
229200,21일 → 말일+2,21,2,131,0,131,0.27,-0.14,48.85,51.15,30.47,-15.65,5.42,2677,0,2677,0.34,0.34,52.37,47.18,30.47,-19.82,5.77,-0.08,-0.48,-3.52,3.97,0.8871,0.3786,0.4795,0.3756,,True,예
229200,21일 → 말일+3,21,3,130,0,130,0.36,0.31,54.62,45.38,29.79,-18.15,5.69,2657,0,2657,0.41,0.57,54.42,45.43,29.79,-21.05,6.1,-0.05,-0.26,0.19,-0.04,0.9071,0.6174,1.0,1.0,,False,예
229200,22일 → 말일-3,22,-3,126,0,126,-0.06,-0.02,50.0,50.0,19.05,-10.32,3.2,2153,0,2153,-0.07,0.04,50.26,49.19,22.44,-28.75,4.97,0.01,-0.06,-0.26,0.81,0.995,0.8501,0.9391,0.8681,,False,예
229200,22일 → 말일-2,22,-2,130,0,130,-0.19,-0.28,46.15,53.08,27.96,-12.76,4.14,2284,0,2284,-0.2,-0.04,49.34,50.18,31.61,-33.08,5.52,0.01,-0.24,-3.19,2.9,0.989,0.4605,0.4545,0.5155,,False,예
229200,22일 → 말일-1,22,-1,131,0,131,0.05,0.31,53.44,46.56,31.71,-15.33,4.46,2415,0,2415,0.05,0.13,51.14,48.53,35.46,-36.21,5.7,0.0,0.18,2.3,-1.97,0.992,0.5824,0.5874,0.6543,,False,예
229200,22일 → 말일,22,0,131,0,131,0.07,-0.1,48.09,51.91,29.09,-12.72,4.68,2546,0,2546,0.08,0.14,51.02,48.59,32.77,-27.22,5.58,-0.01,-0.23,-2.93,3.32,0.966,0.6294,0.5105,0.4615,,True,예
229200,22일 → 말일+1,22,1,131,0,131,0.34,0.23,52.67,45.8,21.51,-12.61,4.28,2677,0,2677,0.35,0.29,52.48,47.03,24.97,-24.99,5.27,-0.01,-0.07,0.19,-1.23,0.973,0.8362,1.0,0.8501,,False,예
229200,22일 → 말일+2,22,2,131,0,131,0.34,0.0,48.85,49.62,26.86,-15.65,5.24,2677,0,2677,0.34,0.34,52.37,47.18,30.47,-19.82,5.77,-0.01,-0.34,-3.52,2.44,0.995,0.5894,0.4795,0.6124,,False,예
229200,22일 → 말일+3,22,3,130,0,130,0.42,0.59,56.92,43.08,26.2,-18.03,5.48,2657,0,2657,0.41,0.57,54.42,45.43,29.79,-21.05,6.1,0.01,0.02,2.5,-2.35,0.977,0.995,0.5874,0.6573,,False,예
229200,23일 → 말일-3,23,-3,121,0,121,0.16,0.07,51.24,48.76,14.09,-11.6,3.09,2153,0,2153,-0.07,0.04,50.26,49.19,22.44,-28.75,4.97,0.23,0.02,0.98,-0.43,0.6144,0.966,0.9341,1.0,,False,예
229200,23일 → 말일-2,23,-2,129,0,129,0.01,0.05,50.39,48.84,22.63,-16.98,3.87,2284,0,2284,-0.2,-0.04,49.34,50.18,31.61,-33.08,5.52,0.21,0.09,1.04,-1.34,0.6464,0.8212,0.8422,0.7892,,False,예
229200,23일 → 말일-1,23,-1,131,0,131,0.25,0.3,51.91,48.09,26.22,-20.86,4.33,2415,0,2415,0.05,0.13,51.14,48.53,35.46,-36.21,5.7,0.21,0.17,0.77,-0.44,0.6863,0.6074,0.8482,0.9271,,False,예
229200,23일 → 말일,23,0,131,0,131,0.27,0.15,53.44,46.56,24.71,-9.7,4.45,2546,0,2546,0.08,0.14,51.02,48.59,32.77,-27.22,5.58,0.19,0.01,2.41,-2.02,0.6513,0.9231,0.5674,0.6164,,False,예
229200,23일 → 말일+1,23,1,131,0,131,0.54,0.5,55.73,41.98,20.15,-9.42,4.08,2677,0,2677,0.35,0.29,52.48,47.03,24.97,-24.99,5.27,0.19,0.2,3.24,-5.05,0.6933,0.7303,0.4625,0.2717,,False,예
229200,23일 → 말일+2,23,2,131,0,131,0.52,0.41,51.91,48.09,23.3,-14.55,4.83,2677,0,2677,0.34,0.34,52.37,47.18,30.47,-19.82,5.77,0.18,0.07,-0.46,0.91,0.7023,0.9101,1.0,0.8791,,False,예
229200,23일 → 말일+3,23,3,130,0,130,0.62,0.9,59.23,40.77,24.11,-17.42,5.13,2657,0,2657,0.41,0.57,54.42,45.43,29.79,-21.05,6.1,0.2,0.33,4.81,-4.66,0.6923,0.5624,0.2677,0.3157,,False,예
229200,24일 → 말일-3,24,-3,110,0,110,0.18,0.0,49.09,49.09,14.09,-6.86,2.33,2153,0,2153,-0.07,0.04,50.26,49.19,22.44,-28.75,4.97,0.25,-0.04,-1.16,-0.1,0.6064,0.9091,0.8611,1.0,,False,예
229200,24일 → 말일-2,24,-2,125,0,125,0.07,0.14,52.0,47.2,22.63,-11.07,3.22,2284,0,2284,-0.2,-0.04,49.34,50.18,31.61,-33.08,5.52,0.27,0.18,2.66,-2.98,0.5784,0.6294,0.5794,0.5644,,False,예
229200,24일 → 말일-1,24,-1,130,0,130,0.3,0.34,57.69,41.54,26.22,-15.23,3.71,2415,0,2415,0.05,0.13,51.14,48.53,35.46,-36.21,5.7,0.25,0.21,6.55,-6.99,0.6204,0.5245,0.1289,0.1039,,False,예
229200,24일 → 말일,24,0,131,0,131,0.31,0.28,56.49,43.51,23.72,-8.07,3.87,2546,0,2546,0.08,0.14,51.02,48.59,32.77,-27.22,5.58,0.24,0.14,5.47,-5.07,0.5824,0.6503,0.2128,0.2448,,False,예
229200,24일 → 말일+1,24,1,131,0,131,0.6,0.29,54.2,44.27,16.45,-9.42,3.72,2677,0,2677,0.35,0.29,52.48,47.03,24.97,-24.99,5.27,0.25,-0.01,1.71,-2.76,0.5944,0.9321,0.7233,0.5804,,False,예
229200,24일 → 말일+2,24,2,131,0,131,0.59,0.47,54.2,45.8,21.58,-15.31,4.61,2677,0,2677,0.34,0.34,52.37,47.18,30.47,-19.82,5.77,0.24,0.13,1.83,-1.38,0.6224,0.8222,0.6773,0.8092,,False,예
229200,24일 → 말일+3,24,3,130,0,130,0.69,0.59,55.38,44.62,20.94,-16.62,4.87,2657,0,2657,0.41,0.57,54.42,45.43,29.79,-21.05,6.1,0.28,0.02,0.96,-0.81,0.5864,0.987,0.8631,0.9381,,False,예
229200,25일 → 말일-3,25,-3,84,0,84,0.21,0.21,57.14,42.86,14.09,-5.32,2.33,2153,0,2153,-0.07,0.04,50.26,49.19,22.44,-28.75,4.97,0.28,0.17,6.89,-6.33,0.5884,0.7033,0.2058,0.2478,,False,예
229200,25일 → 말일-2,25,-2,120,0,120,0.08,0.14,52.5,45.83,22.63,-11.07,3.11,2284,0,2284,-0.2,-0.04,49.34,50.18,31.61,-33.08,5.52,0.28,0.18,3.16,-4.34,0.5784,0.6464,0.5025,0.3407,,False,예
229200,25일 → 말일-1,25,-1,128,0,128,0.25,0.35,57.03,42.97,26.22,-15.23,3.6,2415,0,2415,0.05,0.13,51.14,48.53,35.46,-36.21,5.7,0.2,0.22,5.89,-5.56,0.6983,0.5115,0.1738,0.2028,,False,예
229200,25일 → 말일,25,0,131,0,131,0.26,0.45,56.49,43.51,23.72,-9.68,3.8,2546,0,2546,0.08,0.14,51.02,48.59,32.77,-27.22,5.58,0.19,0.31,5.47,-5.07,0.6563,0.4296,0.2128,0.2448,,False,예
229200,25일 → 말일+1,25,1,131,0,131,0.54,0.6,54.96,44.27,16.45,-9.42,3.58,2677,0,2677,0.35,0.29,52.48,47.03,24.97,-24.99,5.27,0.19,0.31,2.48,-2.76,0.6933,0.5694,0.5874,0.5804,,False,예
229200,25일 → 말일+2,25,2,131,0,131,0.53,0.71,53.44,45.8,21.58,-15.38,4.49,2677,0,2677,0.34,0.34,52.37,47.18,30.47,-19.82,5.77,0.19,0.37,1.06,-1.38,0.6963,0.5105,0.8052,0.8092,,False,예
229200,25일 → 말일+3,25,3,130,0,130,0.65,0.56,55.38,44.62,20.94,-15.64,4.73,2657,0,2657,0.41,0.57,54.42,45.43,29.79,-21.05,6.1,0.23,-0.01,0.96,-0.81,0.6543,0.963,0.8631,0.9381,,False,예
251340,15일 → 말일-3,15,-3,121,0,121,0.18,0.14,50.41,49.59,19.01,-18.32,4.97,1981,0,1981,-0.14,-0.35,45.99,52.8,34.75,-20.14,5.08,0.32,0.49,4.43,-3.21,0.4785,0.2498,0.3417,0.5075,,False,예
251340,15일 → 말일-2,15,-2,121,0,121,0.43,-0.34,46.28,52.07,25.94,-24.43,5.85,2102,0,2102,0.12,-0.19,47.0,51.67,42.6,-26.11,5.71,0.31,-0.14,-0.72,0.4,0.4885,0.7363,0.8472,0.9281,,True,예
251340,15일 → 말일-1,15,-1,121,0,121,0.13,-0.57,46.28,52.89,32.28,-26.35,6.11,2223,0,2223,-0.17,-0.42,45.7,53.26,49.78,-27.99,5.9,0.31,-0.15,0.58,-0.37,0.5355,0.6543,0.9281,1.0,,True,예
251340,15일 → 말일,15,0,121,0,121,0.13,-0.06,49.59,50.41,14.06,-24.61,5.94,2344,0,2344,-0.19,-0.36,46.2,52.82,29.15,-26.28,5.62,0.32,0.3,3.38,-2.4,0.5025,0.5305,0.4496,0.6474,,True,예
251340,15일 → 말일+1,15,1,121,0,121,-0.25,-0.79,45.45,54.55,12.66,-20.42,5.59,2465,0,2465,-0.54,-0.69,43.69,54.93,24.22,-22.18,5.34,0.3,-0.1,1.76,-0.38,0.5275,0.7473,0.7003,1.0,,False,예
251340,15일 → 말일+2,15,2,121,0,121,-0.17,-0.75,48.76,51.24,15.22,-24.08,6.13,2465,0,2465,-0.49,-0.69,44.5,54.93,22.2,-25.77,5.82,0.32,-0.06,4.26,-3.69,0.5554,0.8831,0.3367,0.4386,,False,예
251340,15일 → 말일+3,15,3,120,0,120,-0.31,-0.65,45.83,53.33,21.11,-23.56,6.67,2445,0,2445,-0.54,-0.93,42.82,56.4,25.43,-25.26,6.26,0.23,0.28,3.01,-3.07,0.6713,0.6753,0.5105,0.5145,,False,예
251340,16일 → 말일-3,16,-3,121,0,121,0.26,0.14,51.24,48.76,12.34,-17.61,4.53,1981,0,1981,-0.14,-0.35,45.99,52.8,34.75,-20.14,5.08,0.4,0.49,5.25,-4.04,0.3666,0.2498,0.2577,0.3996,,False,예
251340,16일 → 말일-2,16,-2,121,0,121,0.51,-0.49,44.63,55.37,18.88,-23.77,5.4,2102,0,2102,0.12,-0.19,47.0,51.67,42.6,-26.11,5.71,0.39,-0.3,-2.37,3.71,0.4056,0.4336,0.5564,0.3736,,True,예
251340,16일 → 말일-1,16,-1,121,0,121,0.22,-0.54,47.11,52.07,24.86,-25.7,5.68,2223,0,2223,-0.17,-0.42,45.7,53.26,49.78,-27.99,5.9,0.39,-0.12,1.4,-1.2,0.4306,0.6993,0.7682,0.8511,,True,예
251340,16일 → 말일,16,0,121,0,121,0.22,-0.06,48.76,50.41,11.8,-23.94,5.68,2344,0,2344,-0.19,-0.36,46.2,52.82,29.15,-26.28,5.62,0.41,0.3,2.56,-2.4,0.4056,0.5305,0.5714,0.6474,,True,예
251340,16일 → 말일+1,16,1,121,0,121,-0.16,-0.09,49.59,50.41,11.67,-19.72,5.41,2465,0,2465,-0.54,-0.69,43.69,54.93,24.22,-22.18,5.34,0.39,0.59,5.9,-4.52,0.3996,0.2697,0.1868,0.3377,,False,예
251340,16일 → 말일+2,16,2,121,0,121,-0.08,-0.73,46.28,52.07,11.71,-23.42,5.92,2465,0,2465,-0.49,-0.69,44.5,54.93,22.2,-25.77,5.82,0.41,-0.04,1.78,-2.86,0.4356,0.8951,0.7093,0.5724,,False,예
251340,16일 → 말일+3,16,3,120,0,120,-0.22,-0.93,42.5,55.83,20.62,-22.89,6.47,2445,0,2445,-0.54,-0.93,42.82,56.4,25.43,-25.26,6.26,0.32,0.01,-0.32,-0.57,0.5475,0.987,1.0,0.9401,,False,예
251340,17일 → 말일-3,17,-3,121,0,121,0.27,0.14,50.41,49.59,12.47,-17.61,4.36,1981,0,1981,-0.14,-0.35,45.99,52.8,34.75,-20.14,5.08,0.41,0.49,4.43,-3.21,0.3457,0.2498,0.3417,0.5075,,False,예
251340,17일 → 말일-2,17,-2,121,0,121,0.52,-0.56,45.45,54.55,18.88,-23.77,5.21,2102,0,2102,0.12,-0.19,47.0,51.67,42.6,-26.11,5.71,0.4,-0.37,-1.55,2.88,0.3896,0.3247,0.7093,0.5095,,True,예
251340,17일 → 말일-1,17,-1,121,0,121,0.22,-0.27,47.11,51.24,24.86,-25.7,5.44,2223,0,2223,-0.17,-0.42,45.7,53.26,49.78,-27.99,5.9,0.4,0.15,1.4,-2.02,0.4136,0.7802,0.7682,0.7233,,True,예
251340,17일 → 말일,17,0,121,0,121,0.22,0.11,50.41,48.76,12.44,-23.94,5.44,2344,0,2344,-0.19,-0.36,46.2,52.82,29.15,-26.28,5.62,0.42,0.46,4.21,-4.06,0.3966,0.3237,0.3377,0.3826,,False,예
251340,17일 → 말일+1,17,1,121,0,121,-0.15,-0.14,48.76,50.41,12.66,-19.72,5.22,2465,0,2465,-0.54,-0.69,43.69,54.93,24.22,-22.18,5.34,0.4,0.54,5.07,-4.52,0.3906,0.3117,0.2498,0.3377,,False,예
251340,17일 → 말일+2,17,2,121,0,121,-0.07,-0.77,44.63,54.55,14.39,-23.42,5.73,2465,0,2465,-0.49,-0.69,44.5,54.93,22.2,-25.77,5.82,0.42,-0.08,0.13,-0.38,0.4256,0.8751,1.0,1.0,,False,예
251340,17일 → 말일+3,17,3,120,0,120,-0.21,-1.34,41.67,57.5,19.24,-22.89,6.24,2445,0,2445,-0.54,-0.93,42.82,56.4,25.43,-25.26,6.26,0.33,-0.4,-1.16,1.1,0.5405,0.5574,0.8631,0.8482,,False,예
251340,18일 → 말일-3,18,-3,121,0,121,0.17,0.13,51.24,47.93,12.34,-17.61,4.17,1981,0,1981,-0.14,-0.35,45.99,52.8,34.75,-20.14,5.08,0.31,0.48,5.25,-4.87,0.4845,0.2667,0.2577,0.3087,,False,예
251340,18일 → 말일-2,18,-2,121,0,121,0.42,-0.11,47.93,50.41,18.88,-23.77,5.04,2102,0,2102,0.12,-0.19,47.0,51.67,42.6,-26.11,5.71,0.3,0.08,0.93,-1.25,0.5045,0.8811,0.9221,0.8571,,True,예
251340,18일 → 말일-1,18,-1,121,0,121,0.12,-0.27,47.11,52.89,24.86,-25.7,5.3,2223,0,2223,-0.17,-0.42,45.7,53.26,49.78,-27.99,5.9,0.29,0.15,1.4,-0.37,0.5514,0.7802,0.7682,1.0,,True,예
251340,18일 → 말일,18,0,121,0,121,0.13,0.23,51.24,47.93,12.48,-23.94,5.33,2344,0,2344,-0.19,-0.36,46.2,52.82,29.15,-26.28,5.62,0.32,0.59,5.04,-4.88,0.5085,0.2068,0.2587,0.3007,,False,예
251340,18일 → 말일+1,18,1,121,0,121,-0.25,-0.15,47.11,50.41,10.83,-19.72,5.01,2465,0,2465,-0.54,-0.69,43.69,54.93,24.22,-22.18,5.34,0.3,0.54,3.42,-4.52,0.5275,0.3247,0.4446,0.3377,,False,예
251340,18일 → 말일+2,18,2,121,0,121,-0.17,-0.55,47.93,51.24,11.45,-23.42,5.62,2465,0,2465,-0.49,-0.69,44.5,54.93,22.2,-25.77,5.82,0.32,0.14,3.43,-3.69,0.5514,0.8172,0.4316,0.4386,,False,예
251340,18일 → 말일+3,18,3,120,0,120,-0.27,-0.95,45.0,53.33,18.74,-22.89,6.16,2445,0,2445,-0.54,-0.93,42.82,56.4,25.43,-25.26,6.26,0.27,-0.02,2.18,-3.07,0.6194,0.991,0.6404,0.5145,,False,예
251340,19일 → 말일-3,19,-3,121,0,121,0.13,0.25,54.55,45.45,12.34,-16.74,4.03,1981,0,1981,-0.14,-0.35,45.99,52.8,34.75,-20.14,5.08,0.27,0.6,8.56,-7.35,0.5534,0.1678,0.0659,0.1139,,False,예
251340,19일 → 말일-2,19,-2,121,0,121,0.38,0.14,51.24,46.28,18.88,-22.95,4.94,2102,0,2102,0.12,-0.19,47.0,51.67,42.6,-26.11,5.71,0.26,0.33,4.24,-5.38,0.5644,0.3836,0.3776,0.2527,,False,예
251340,19일 → 말일-1,19,-1,121,0,121,0.08,-0.11,47.11,50.41,24.86,-24.91,5.22,2223,0,2223,-0.17,-0.42,45.7,53.26,49.78,-27.99,5.9,0.25,0.31,1.4,-2.85,0.6324,0.5485,0.7682,0.5824,,True,예
251340,19일 → 말일,19,0,121,0,121,0.09,0.32,52.07,47.11,12.85,-24.85,5.26,2344,0,2344,-0.19,-0.36,46.2,52.82,29.15,-26.28,5.62,0.28,0.68,5.86,-5.71,0.5674,0.1499,0.1968,0.2188,,False,예
251340,19일 → 말일+1,19,1,121,0,121,-0.29,0.0,49.59,47.93,12.85,-21.78,4.96,2465,0,2465,-0.54,-0.69,43.69,54.93,24.22,-22.18,5.34,0.26,0.69,5.9,-7.0,0.5874,0.2088,0.1868,0.1229,,False,예
251340,19일 → 말일+2,19,2,121,0,121,-0.2,-0.39,47.93,52.07,17.61,-24.66,5.77,2465,0,2465,-0.49,-0.69,44.5,54.93,22.2,-25.77,5.82,0.29,0.3,3.43,-2.86,0.5874,0.6204,0.4316,0.5724,,False,예
251340,19일 → 말일+3,19,3,120,0,120,-0.32,-0.52,45.0,53.33,21.36,-24.75,6.09,2445,0,2445,-0.54,-0.93,42.82,56.4,25.43,-25.26,6.26,0.23,0.41,2.18,-3.07,0.6743,0.5315,0.6404,0.5145,,False,예
251340,20일 → 말일-3,20,-3,120,0,120,0.18,0.37,53.33,45.0,11.6,-16.43,3.72,1981,0,1981,-0.14,-0.35,45.99,52.8,34.75,-20.14,5.08,0.32,0.72,7.35,-7.8,0.4815,0.0849,0.1149,0.0969,,False,예
251340,20일 → 말일-2,20,-2,121,0,121,0.42,0.0,49.59,47.93,13.15,-22.68,4.54,2102,0,2102,0.12,-0.19,47.0,51.67,42.6,-26.11,5.71,0.3,0.19,2.58,-3.73,0.5025,0.6663,0.6304,0.4366,,False,예
251340,20일 → 말일-1,20,-1,121,0,121,0.12,0.0,49.59,48.76,16.99,-24.64,4.75,2223,0,2223,-0.17,-0.42,45.7,53.26,49.78,-27.99,5.9,0.29,0.42,3.88,-4.5,0.5574,0.4076,0.3976,0.3576,,False,예
251340,20일 → 말일,20,0,121,0,121,0.13,0.33,52.89,46.28,12.85,-22.86,4.89,2344,0,2344,-0.19,-0.36,46.2,52.82,29.15,-26.28,5.62,0.32,0.68,6.69,-6.53,0.5075,0.1429,0.1349,0.1588,,False,예
251340,20일 → 말일+1,20,1,121,0,121,-0.24,0.0,49.59,49.59,12.85,-18.57,4.62,2465,0,2465,-0.54,-0.69,43.69,54.93,24.22,-22.18,5.34,0.3,0.69,5.9,-5.34,0.5205,0.2088,0.1868,0.2547,,False,예
251340,20일 → 말일+2,20,2,121,0,121,-0.15,0.0,49.59,49.59,17.06,-22.32,5.49,2465,0,2465,-0.49,-0.69,44.5,54.93,22.2,-25.77,5.82,0.33,0.69,5.08,-5.34,0.5305,0.2258,0.2438,0.2358,,False,예
251340,20일 → 말일+3,20,3,120,0,120,-0.29,-0.61,44.17,55.0,21.36,-21.79,5.88,2445,0,2445,-0.54,-0.93,42.82,56.4,25.43,-25.26,6.26,0.25,0.33,1.34,-1.4,0.6494,0.6214,0.7832,0.7852,,False,예
251340,21일 → 말일-3,21,-3,120,0,120,0.0,0.02,50.0,49.17,9.97,-20.14,3.46,1981,0,1981,-0.14,-0.35,45.99,52.8,34.75,-20.14,5.08,0.14,0.37,4.01,-3.63,0.7572,0.4036,0.3916,0.4476,,False,예
251340,21일 → 말일-2,21,-2,120,0,120,0.26,0.13,51.67,47.5,13.15,-26.11,4.38,2102,0,2102,0.12,-0.19,47.0,51.67,42.6,-26.11,5.71,0.14,0.32,4.66,-4.17,0.7592,0.3956,0.3297,0.3796,,False,예
251340,21일 → 말일-1,21,-1,121,0,121,-0.05,-0.21,46.28,52.07,17.19,-27.99,4.57,2223,0,2223,-0.17,-0.42,45.7,53.26,49.78,-27.99,5.9,0.13,0.21,0.58,-1.2,0.8042,0.6464,0.9281,0.8511,,False,예
251340,21일 → 말일,21,0,121,0,121,-0.04,0.08,50.41,47.93,12.85,-26.28,4.75,2344,0,2344,-0.19,-0.36,46.2,52.82,29.15,-26.28,5.62,0.16,0.43,4.21,-4.88,0.7353,0.3546,0.3377,0.3007,,True,예
251340,21일 → 말일+1,21,1,121,0,121,-0.41,-0.42,47.11,51.24,12.85,-22.18,4.48,2465,0,2465,-0.54,-0.69,43.69,54.93,24.22,-22.18,5.34,0.13,0.26,3.42,-3.69,0.7722,0.6503,0.4446,0.4346,,False,예
251340,21일 → 말일+2,21,2,121,0,121,-0.32,-0.11,48.76,50.41,17.06,-25.77,5.37,2465,0,2465,-0.49,-0.69,44.5,54.93,22.2,-25.77,5.82,0.17,0.58,4.26,-4.52,0.7602,0.2627,0.3367,0.3307,,False,예
251340,21일 → 말일+3,21,3,120,0,120,-0.41,-0.63,45.0,55.0,21.36,-25.26,5.76,2445,0,2445,-0.54,-0.93,42.82,56.4,25.43,-25.26,6.26,0.13,0.3,2.18,-1.4,0.8122,0.6513,0.6404,0.7852,,False,예
251340,22일 → 말일-3,22,-3,116,0,116,-0.07,-0.05,49.14,50.0,10.87,-17.75,3.21,1981,0,1981,-0.14,-0.35,45.99,52.8,34.75,-20.14,5.08,0.07,0.3,3.15,-2.8,0.8921,0.5405,0.5514,0.5674,,False,예
251340,22일 → 말일-2,22,-2,120,0,120,0.18,0.03,50.0,49.17,14.07,-23.9,4.1,2102,0,2102,0.12,-0.19,47.0,51.67,42.6,-26.11,5.71,0.06,0.22,3.0,-2.5,0.8731,0.5664,0.5604,0.6394,,False,예
251340,22일 → 말일-1,22,-1,121,0,121,-0.12,-0.49,42.15,54.55,15.37,-25.83,4.33,2223,0,2223,-0.17,-0.42,45.7,53.26,49.78,-27.99,5.9,0.05,-0.07,-3.56,1.28,0.9131,0.8342,0.4466,0.7912,,False,예
251340,22일 → 말일,22,0,121,0,121,-0.11,-0.21,45.45,52.07,13.78,-24.08,4.57,2344,0,2344,-0.19,-0.36,46.2,52.82,29.15,-26.28,5.62,0.09,0.15,-0.75,-0.75,0.8711,0.7572,0.9271,0.9261,,False,예
251340,22일 → 말일+1,22,1,121,0,121,-0.48,-0.41,42.98,56.2,13.78,-19.86,4.34,2465,0,2465,-0.54,-0.69,43.69,54.93,24.22,-22.18,5.34,0.07,0.28,-0.72,1.27,0.8891,0.6234,0.9261,0.7862,,False,예
251340,22일 → 말일+2,22,2,121,0,121,-0.38,-0.33,47.93,51.24,17.06,-23.55,5.31,2465,0,2465,-0.49,-0.69,44.5,54.93,22.2,-25.77,5.82,0.1,0.36,3.43,-3.69,0.8611,0.5335,0.4316,0.4386,,False,예
251340,22일 → 말일+3,22,3,120,0,120,-0.48,-0.75,45.0,54.17,21.21,-23.02,5.62,2445,0,2445,-0.54,-0.93,42.82,56.4,25.43,-25.26,6.26,0.06,0.18,2.18,-2.23,0.9021,0.7932,0.6404,0.6414,,False,예
251340,23일 → 말일-3,23,-3,111,0,111,-0.29,-0.14,46.85,52.25,11.92,-13.97,3.21,1981,0,1981,-0.14,-0.35,45.99,52.8,34.75,-20.14,5.08,-0.15,0.21,0.86,-0.55,0.7682,0.6913,0.9201,1.0,,False,예
251340,23일 → 말일-2,23,-2,119,0,119,-0.03,-0.05,48.74,50.42,18.44,-20.4,3.98,2102,0,2102,0.12,-0.19,47.0,51.67,42.6,-26.11,5.71,-0.15,0.15,1.74,-1.24,0.7702,0.7572,0.7632,0.8492,,False,예
251340,23일 → 말일-1,23,-1,121,0,121,-0.31,-0.34,42.15,56.2,24.39,-22.43,4.47,2223,0,2223,-0.17,-0.42,45.7,53.26,49.78,-27.99,5.9,-0.14,0.08,-3.56,2.94,0.7862,0.9021,0.4466,0.5195,,False,예
251340,23일 → 말일,23,0,121,0,121,-0.32,-0.32,45.45,54.55,9.93,-21.79,4.33,2344,0,2344,-0.19,-0.36,46.2,52.82,29.15,-26.28,5.62,-0.12,0.03,-0.75,1.73,0.8052,0.981,0.9271,0.7043,,False,예
251340,23일 → 말일+1,23,1,121,0,121,-0.69,-0.71,42.15,56.2,9.93,-18.6,4.11,2465,0,2465,-0.54,-0.69,43.69,54.93,24.22,-22.18,5.34,-0.14,-0.02,-1.54,1.27,0.7463,0.9151,0.7782,0.7862,,False,예
251340,23일 → 말일+2,23,2,121,0,121,-0.6,-0.69,43.8,54.55,15.44,-21.59,4.83,2465,0,2465,-0.49,-0.69,44.5,54.93,22.2,-25.77,5.82,-0.12,-0.0,-0.7,-0.38,0.7922,0.976,0.9351,1.0,,False,예
251340,23일 → 말일+3,23,3,120,0,120,-0.7,-1.12,40.0,58.33,20.11,-21.69,5.23,2445,0,2445,-0.54,-0.93,42.82,56.4,25.43,-25.26,6.26,-0.16,-0.18,-2.82,1.93,0.8092,0.8162,0.5704,0.7163,,False,예
251340,24일 → 말일-3,24,-3,102,0,102,-0.22,-0.03,49.02,50.0,7.34,-13.97,2.43,1981,0,1981,-0.14,-0.35,45.99,52.8,34.75,-20.14,5.08,-0.08,0.32,3.03,-2.8,0.8601,0.5095,0.6074,0.5924,,False,예
251340,24일 → 말일-2,24,-2,115,0,115,-0.02,-0.11,46.09,51.3,11.19,-20.4,3.22,2102,0,2102,0.12,-0.19,47.0,51.67,42.6,-26.11,5.71,-0.14,0.08,-0.92,-0.36,0.7932,0.8671,0.8392,1.0,,False,예
251340,24일 → 말일-1,24,-1,120,0,120,-0.3,-0.43,40.0,57.5,16.78,-22.43,3.71,2223,0,2223,-0.17,-0.42,45.7,53.26,49.78,-27.99,5.9,-0.13,-0.01,-5.7,4.24,0.8072,0.9321,0.2208,0.3437,,False,예
251340,24일 → 말일,24,0,121,0,121,-0.29,-0.59,44.63,54.55,8.69,-20.59,3.8,2344,0,2344,-0.19,-0.36,46.2,52.82,29.15,-26.28,5.62,-0.1,-0.23,-1.57,1.73,0.8501,0.5754,0.7732,0.7043,,False,예
251340,24일 → 말일+1,24,1,121,0,121,-0.65,-0.55,40.5,55.37,8.94,-16.18,3.8,2465,0,2465,-0.54,-0.69,43.69,54.93,24.22,-22.18,5.34,-0.11,0.14,-3.2,0.44,0.8072,0.8541,0.5055,0.9341,,False,예
251340,24일 → 말일+2,24,2,121,0,121,-0.57,-0.58,47.11,52.89,16.51,-20.04,4.69,2465,0,2465,-0.49,-0.69,44.5,54.93,22.2,-25.77,5.82,-0.08,0.11,2.6,-2.04,0.8521,0.8631,0.5604,0.7113,,False,예
251340,24일 → 말일+3,24,3,120,0,120,-0.69,-0.73,44.17,53.33,18.96,-19.49,4.99,2445,0,2445,-0.54,-0.93,42.82,56.4,25.43,-25.26,6.26,-0.15,0.21,1.34,-3.07,0.8282,0.7692,0.7832,0.5145,,False,예
251340,25일 → 말일-3,25,-3,77,0,77,-0.23,-0.35,40.26,53.25,5.07,-13.97,2.43,1981,0,1981,-0.14,-0.35,45.99,52.8,34.75,-20.14,5.08,-0.09,0.0,-5.73,0.45,0.8591,0.993,0.2837,1.0,,False,예
251340,25일 → 말일-2,25,-2,111,0,111,0.0,-0.14,45.05,53.15,11.19,-20.4,3.08,2102,0,2102,0.12,-0.19,47.0,51.67,42.6,-26.11,5.71,-0.12,0.05,-1.96,1.49,0.8422,0.9341,0.6893,0.7772,,True,예
251340,25일 → 말일-1,25,-1,118,0,118,-0.21,-0.45,43.22,55.93,16.78,-22.43,3.55,2223,0,2223,-0.17,-0.42,45.7,53.26,49.78,-27.99,5.9,-0.04,-0.03,-2.48,2.67,0.9481,0.9011,0.6304,0.5824,,False,예
251340,25일 → 말일,25,0,121,0,121,-0.2,-0.5,45.45,52.89,10.47,-20.59,3.7,2344,0,2344,-0.19,-0.36,46.2,52.82,29.15,-26.28,5.62,-0.01,-0.15,-0.75,0.08,0.994,0.7323,0.9271,1.0,,False,예
251340,25일 → 말일+1,25,1,121,0,121,-0.56,-0.61,42.15,54.55,8.91,-16.18,3.61,2465,0,2465,-0.54,-0.69,43.69,54.93,24.22,-22.18,5.34,-0.02,0.08,-1.54,-0.38,0.956,0.964,0.7782,1.0,,False,예
251340,25일 → 말일+2,25,2,121,0,121,-0.47,-0.69,42.98,55.37,16.51,-20.04,4.56,2465,0,2465,-0.49,-0.69,44.5,54.93,22.2,-25.77,5.82,0.01,-0.0,-1.53,0.44,0.998,0.976,0.7892,0.9401,,False,예
251340,25일 → 말일+3,25,3,120,0,120,-0.61,-0.62,41.67,57.5,17.83,-19.49,4.83,2445,0,2445,-0.54,-0.93,42.82,56.4,25.43,-25.26,6.26,-0.07,0.31,-1.16,1.1,0.9301,0.6394,0.8631,0.8482,,False,예
2203,15일 → 말일-3,15,-3,200,0,200,-0.35,-0.25,48.0,52.0,19.03,-17.48,4.36,3301,0,3301,-0.16,-0.01,49.86,50.14,22.16,-28.91,4.62,-0.2,-0.24,-1.86,1.86,0.5904,0.4096,0.6044,0.6044,,False,예
2203,15일 → 말일-2,15,-2,200,0,200,-0.52,-0.34,47.0,53.0,27.93,-22.55,4.91,3501,0,3501,-0.33,-0.17,47.36,52.61,31.29,-33.28,4.99,-0.19,-0.17,-0.36,0.39,0.5754,0.5445,1.0,1.0,,False,예
2203,15일 → 말일-1,15,-1,200,0,200,-0.23,0.18,50.5,49.5,31.92,-25.65,5.09,3701,0,3701,-0.02,0.06,50.45,49.53,35.38,-35.95,5.05,-0.21,0.13,0.05,-0.03,0.5534,0.6454,1.0,1.0,,True,예
2203,15일 → 말일,15,0,200,0,200,-0.11,-0.05,49.5,50.5,29.17,-15.8,5.22,3901,0,3901,0.11,0.17,51.86,48.14,32.56,-27.46,4.99,-0.22,-0.22,-2.36,2.36,0.5195,0.4975,0.5315,0.5315,,False,예
2203,15일 → 말일+1,15,1,200,0,200,0.1,0.26,53.5,46.5,22.08,-13.29,5.01,4101,0,4101,0.32,0.31,53.84,46.14,25.56,-25.3,4.78,-0.22,-0.06,-0.34,0.36,0.5355,0.8581,0.954,0.955,,False,예
2203,15일 → 말일+2,15,2,200,0,200,0.13,0.6,52.0,48.0,26.88,-16.05,5.48,4101,0,4101,0.36,0.35,53.62,46.38,30.22,-20.03,5.2,-0.23,0.25,-1.62,1.62,0.5275,0.4456,0.6643,0.6643,,False,예
2203,15일 → 말일+3,15,3,200,0,200,0.15,0.18,51.5,48.5,26.42,-19.02,5.78,4101,0,4101,0.35,0.43,53.35,46.65,30.64,-20.24,5.47,-0.19,-0.25,-1.85,1.85,0.6184,0.5504,0.5914,0.5914,,False,예
2203,16일 → 말일-3,16,-3,200,0,200,-0.45,-0.13,49.5,50.5,17.76,-12.76,4.08,3301,0,3301,-0.16,-0.01,49.86,50.14,22.16,-28.91,4.62,-0.29,-0.12,-0.36,0.36,0.3786,0.7003,0.9351,0.9351,,False,예
2203,16일 → 말일-2,16,-2,200,0,200,-0.62,-0.12,47.5,52.5,26.57,-18.13,4.65,3501,0,3501,-0.33,-0.17,47.36,52.61,31.29,-33.28,4.99,-0.29,0.05,0.14,-0.11,0.4036,0.7912,0.9391,0.9381,,False,예
2203,16일 → 말일-1,16,-1,200,0,200,-0.33,-0.35,48.5,51.5,30.52,-21.41,4.87,3701,0,3701,-0.02,0.06,50.45,49.53,35.38,-35.95,5.05,-0.31,-0.41,-1.95,1.97,0.3866,0.2058,0.6294,0.6244,,False,예
2203,16일 → 말일,16,0,200,0,200,-0.21,0.01,50.0,50.0,27.8,-11.51,5.01,3901,0,3901,0.11,0.17,51.86,48.14,32.56,-27.46,4.99,-0.32,-0.15,-1.86,1.86,0.3437,0.6114,0.6294,0.6294,,False,예
2203,16일 → 말일+1,16,1,200,0,200,0.0,0.2,51.5,48.5,20.78,-10.65,4.84,4101,0,4101,0.32,0.31,53.84,46.14,25.56,-25.3,4.78,-0.32,-0.11,-2.34,2.36,0.3746,0.7133,0.5255,0.5255,,False,예
2203,16일 → 말일+2,16,2,200,0,200,0.03,0.27,52.0,48.0,25.53,-14.22,5.28,4101,0,4101,0.36,0.35,53.62,46.38,30.22,-20.03,5.2,-0.33,-0.08,-1.62,1.62,0.3746,0.8492,0.6643,0.6643,,False,예
2203,16일 → 말일+3,16,3,200,0,200,0.06,0.15,51.5,48.5,25.08,-17.36,5.6,4101,0,4101,0.35,0.43,53.35,46.65,30.64,-20.24,5.47,-0.29,-0.28,-1.85,1.85,0.4486,0.4955,0.5914,0.5914,,False,예
2203,17일 → 말일-3,17,-3,200,0,200,-0.44,0.15,51.0,49.0,17.76,-12.76,3.9,3301,0,3301,-0.16,-0.01,49.86,50.14,22.16,-28.91,4.62,-0.29,0.16,1.14,-1.14,0.3866,0.4985,0.7612,0.7612,,True,예
2203,17일 → 말일-2,17,-2,200,0,200,-0.62,-0.08,48.5,51.5,26.57,-18.13,4.47,3501,0,3501,-0.33,-0.17,47.36,52.61,31.29,-33.28,4.99,-0.29,0.09,1.14,-1.11,0.4136,0.6763,0.7373,0.7383,,False,예
2203,17일 → 말일-1,17,-1,200,0,200,-0.32,0.01,50.0,50.0,30.52,-21.41,4.69,3701,0,3701,-0.02,0.06,50.45,49.53,35.38,-35.95,5.05,-0.3,-0.05,-0.45,0.47,0.3896,0.9441,0.9451,0.9491,,False,예
2203,17일 → 말일,17,0,200,0,200,-0.21,-0.07,49.0,51.0,27.8,-11.51,4.81,3901,0,3901,0.11,0.17,51.86,48.14,32.56,-27.46,4.99,-0.31,-0.24,-2.86,2.86,0.3516,0.4655,0.4376,0.4376,,False,예
2203,17일 → 말일+1,17,1,200,0,200,0.01,0.06,50.5,49.5,20.78,-11.49,4.68,4101,0,4101,0.32,0.31,53.84,46.14,25.56,-25.3,4.78,-0.31,-0.25,-3.34,3.36,0.3826,0.3926,0.3457,0.3457,,False,예
2203,17일 → 말일+2,17,2,200,0,200,0.04,0.17,52.5,47.5,25.53,-15.78,5.14,4101,0,4101,0.36,0.35,53.62,46.38,30.22,-20.03,5.2,-0.32,-0.18,-1.12,1.12,0.3816,0.6034,0.7762,0.7762,,False,예
2203,17일 → 말일+3,17,3,200,0,200,0.06,0.35,53.0,47.0,25.08,-16.27,5.45,4101,0,4101,0.35,0.43,53.35,46.65,30.64,-20.24,5.47,-0.29,-0.08,-0.35,0.35,0.4515,0.8342,0.9441,0.9441,,False,예
2203,18일 → 말일-3,18,-3,200,0,200,-0.4,-0.03,49.5,50.5,17.76,-12.76,3.7,3301,0,3301,-0.16,-0.01,49.86,50.14,22.16,-28.91,4.62,-0.24,-0.03,-0.36,0.36,0.4825,0.99,0.9351,0.9351,,False,예
2203,18일 → 말일-2,18,-2,200,0,200,-0.57,-0.15,48.0,52.0,26.57,-18.13,4.31,3501,0,3501,-0.33,-0.17,47.36,52.61,31.29,-33.28,4.99,-0.24,0.02,0.64,-0.61,0.4895,0.8521,0.8472,0.8452,,False,예
2203,18일 → 말일-1,18,-1,200,0,200,-0.28,-0.09,49.5,50.5,30.52,-21.41,4.53,3701,0,3701,-0.02,0.06,50.45,49.53,35.38,-35.95,5.05,-0.26,-0.15,-0.95,0.97,0.4545,0.6993,0.8312,0.8332,,False,예
2203,18일 → 말일,18,0,200,0,200,-0.16,-0.13,49.5,50.5,27.8,-11.72,4.72,3901,0,3901,0.11,0.17,51.86,48.14,32.56,-27.46,4.99,-0.27,-0.3,-2.36,2.36,0.4316,0.3467,0.5315,0.5315,,False,예
2203,18일 → 말일+1,18,1,200,0,200,0.05,0.07,51.5,48.5,20.78,-10.47,4.48,4101,0,4101,0.32,0.31,53.84,46.14,25.56,-25.3,4.78,-0.27,-0.24,-2.34,2.36,0.4675,0.4116,0.5255,0.5255,,False,예
2203,18일 → 말일+2,18,2,200,0,200,0.08,0.22,52.0,48.0,25.53,-13.23,5.01,4101,0,4101,0.36,0.35,53.62,46.38,30.22,-20.03,5.2,-0.28,-0.13,-1.62,1.62,0.4306,0.7203,0.6643,0.6643,,False,예
2203,18일 → 말일+3,18,3,200,0,200,0.11,0.35,51.5,48.5,25.08,-15.74,5.32,4101,0,4101,0.35,0.43,53.35,46.65,30.64,-20.24,5.47,-0.24,-0.08,-1.85,1.85,0.5355,0.8312,0.5914,0.5914,,False,예
2203,19일 → 말일-3,19,-3,200,0,200,-0.3,-0.28,46.0,54.0,19.92,-12.76,3.64,3301,0,3301,-0.16,-0.01,49.86,50.14,22.16,-28.91,4.62,-0.15,-0.28,-3.86,3.86,0.6803,0.3526,0.2697,0.2697,,False,예
2203,19일 → 말일-2,19,-2,200,0,200,-0.48,-0.36,44.0,56.0,25.35,-18.13,4.29,3501,0,3501,-0.33,-0.17,47.36,52.61,31.29,-33.28,4.99,-0.15,-0.19,-3.36,3.39,0.6643,0.4905,0.3786,0.3786,,False,예
2203,19일 → 말일-1,19,-1,200,0,200,-0.18,-0.19,49.0,51.0,29.26,-21.41,4.55,3701,0,3701,-0.02,0.06,50.45,49.53,35.38,-35.95,5.05,-0.16,-0.25,-1.45,1.47,0.6474,0.4645,0.7303,0.7273,,False,예
2203,19일 → 말일,19,0,200,0,200,-0.06,0.07,51.0,49.0,31.42,-11.76,4.83,3901,0,3901,0.11,0.17,51.86,48.14,32.56,-27.46,4.99,-0.16,-0.09,-0.86,0.86,0.6264,0.7672,0.8372,0.8372,,True,예
2203,19일 → 말일+1,19,1,200,0,200,0.15,-0.07,49.5,50.5,25.56,-11.64,4.49,4101,0,4101,0.32,0.31,53.84,46.14,25.56,-25.3,4.78,-0.17,-0.39,-4.34,4.36,0.6334,0.1838,0.2338,0.2308,,True,예
2203,19일 → 말일+2,19,2,200,0,200,0.19,-0.04,50.0,50.0,30.02,-16.08,5.16,4101,0,4101,0.36,0.35,53.62,46.38,30.22,-20.03,5.2,-0.17,-0.39,-3.62,3.62,0.6354,0.2498,0.3057,0.3057,,False,예
2203,19일 → 말일+3,19,3,200,0,200,0.21,0.35,51.5,48.5,30.64,-17.44,5.35,4101,0,4101,0.35,0.43,53.35,46.65,30.64,-20.24,5.47,-0.14,-0.08,-1.85,1.85,0.7183,0.8312,0.5914,0.5914,,False,예
2203,20일 → 말일-3,20,-3,199,0,199,-0.33,-0.25,46.73,53.27,16.26,-10.13,3.34,3301,0,3301,-0.16,-0.01,49.86,50.14,22.16,-28.91,4.62,-0.17,-0.24,-3.13,3.13,0.6364,0.4146,0.3776,0.3776,,False,예
2203,20일 → 말일-2,20,-2,200,0,200,-0.5,-0.24,45.0,55.0,24.95,-12.52,3.95,3501,0,3501,-0.33,-0.17,47.36,52.61,31.29,-33.28,4.99,-0.17,-0.07,-2.36,2.39,0.6244,0.8242,0.5714,0.5654,,False,예
2203,20일 → 말일-1,20,-1,200,0,200,-0.21,-0.08,49.0,51.0,28.84,-15.87,4.17,3701,0,3701,-0.02,0.06,50.45,49.53,35.38,-35.95,5.05,-0.19,-0.14,-1.45,1.47,0.5924,0.7193,0.7303,0.7273,,False,예
2203,20일 → 말일,20,0,200,0,200,-0.09,0.05,50.5,49.5,26.16,-11.76,4.38,3901,0,3901,0.11,0.17,51.86,48.14,32.56,-27.46,4.99,-0.19,-0.11,-1.36,1.36,0.5684,0.7133,0.7363,0.7363,,True,예
2203,20일 → 말일+1,20,1,200,0,200,0.12,0.12,52.5,47.5,19.24,-11.64,4.12,4101,0,4101,0.32,0.31,53.84,46.14,25.56,-25.3,4.78,-0.19,-0.19,-1.34,1.36,0.5924,0.5185,0.7273,0.7253,,False,예
2203,20일 → 말일+2,20,2,200,0,200,0.16,0.18,51.5,48.5,23.93,-15.41,4.84,4101,0,4101,0.36,0.35,53.62,46.38,30.22,-20.03,5.2,-0.2,-0.17,-2.12,2.12,0.5974,0.6304,0.5544,0.5544,,False,예
2203,20일 → 말일+3,20,3,200,0,200,0.18,0.63,55.0,45.0,23.47,-17.44,5.08,4101,0,4101,0.35,0.43,53.35,46.65,30.64,-20.24,5.47,-0.17,0.2,1.65,-1.65,0.6833,0.6064,0.6384,0.6384,,False,예
2203,21일 → 말일-3,21,-3,199,0,199,-0.27,-0.19,45.23,54.77,22.16,-9.88,3.22,3301,0,3301,-0.16,-0.01,49.86,50.14,22.16,-28.91,4.62,-0.12,-0.19,-4.64,4.64,0.7433,0.5514,0.1888,0.1888,,False,예
2203,21일 → 말일-2,21,-2,199,0,199,-0.45,-0.11,46.73,53.27,31.29,-12.52,3.98,3501,0,3501,-0.33,-0.17,47.36,52.61,31.29,-33.28,4.99,-0.12,0.06,-0.62,0.65,0.7213,0.7512,0.956,0.954,,False,예
2203,21일 → 말일-1,21,-1,200,0,200,-0.15,-0.11,49.5,50.5,35.38,-15.98,4.24,3701,0,3701,-0.02,0.06,50.45,49.53,35.38,-35.95,5.05,-0.13,-0.17,-0.95,0.97,0.7043,0.6503,0.8312,0.8332,,False,예
2203,21일 → 말일,21,0,200,0,200,-0.03,0.01,50.0,50.0,32.56,-11.76,4.42,3901,0,3901,0.11,0.17,51.86,48.14,32.56,-27.46,4.99,-0.14,-0.16,-1.86,1.86,0.6673,0.6044,0.6294,0.6294,,False,예
2203,21일 → 말일+1,21,1,200,0,200,0.18,0.18,53.0,47.0,25.29,-11.64,4.11,4101,0,4101,0.32,0.31,53.84,46.14,25.56,-25.3,4.78,-0.14,-0.13,-0.84,0.86,0.6883,0.6703,0.8432,0.8432,,False,예
2203,21일 → 말일+2,21,2,200,0,200,0.21,0.27,52.0,48.0,30.22,-15.41,4.86,4101,0,4101,0.36,0.35,53.62,46.38,30.22,-20.03,5.2,-0.14,-0.07,-1.62,1.62,0.6933,0.8531,0.6643,0.6643,,False,예
2203,21일 → 말일+3,21,3,200,0,200,0.23,0.54,56.0,44.0,29.74,-17.44,5.07,4101,0,4101,0.35,0.43,53.35,46.65,30.64,-20.24,5.47,-0.11,0.11,2.65,-2.65,0.7652,0.7453,0.4476,0.4476,,False,예
2203,22일 → 말일-3,22,-3,195,0,195,-0.2,-0.19,48.21,51.79,18.67,-10.57,2.95,3301,0,3301,-0.16,-0.01,49.86,50.14,22.16,-28.91,4.62,-0.05,-0.18,-1.66,1.66,0.9201,0.6004,0.6563,0.6563,,False,예
2203,22일 → 말일-2,22,-2,199,0,199,-0.38,-0.23,45.73,54.27,27.55,-13.18,3.66,3501,0,3501,-0.33,-0.17,47.36,52.61,31.29,-33.28,4.99,-0.05,-0.06,-1.63,1.66,0.8961,0.8352,0.7323,0.7363,,False,예
2203,22일 → 말일-1,22,-1,200,0,200,-0.08,-0.05,49.5,50.5,31.52,-15.35,3.94,3701,0,3701,-0.02,0.06,50.45,49.53,35.38,-35.95,5.05,-0.06,-0.11,-0.95,0.97,0.8531,0.7882,0.8312,0.8332,,False,예
2203,22일 → 말일,22,0,200,0,200,0.04,-0.1,49.0,51.0,28.79,-12.43,4.14,3901,0,3901,0.11,0.17,51.86,48.14,32.56,-27.46,4.99,-0.07,-0.27,-2.86,2.86,0.8202,0.4166,0.4376,0.4376,,True,예
2203,22일 → 말일+1,22,1,200,0,200,0.25,0.22,53.0,47.0,21.72,-12.31,3.85,4101,0,4101,0.32,0.31,53.84,46.14,25.56,-25.3,4.78,-0.07,-0.09,-0.84,0.86,0.8821,0.7602,0.8432,0.8432,,False,예
2203,22일 → 말일+2,22,2,200,0,200,0.29,0.45,52.0,48.0,26.5,-15.41,4.64,4101,0,4101,0.36,0.35,53.62,46.38,30.22,-20.03,5.2,-0.07,0.1,-1.62,1.62,0.8551,0.7672,0.6643,0.6643,,False,예
2203,22일 → 말일+3,22,3,200,0,200,0.3,0.54,56.5,43.5,26.04,-17.37,4.82,4101,0,4101,0.35,0.43,53.35,46.65,30.64,-20.24,5.47,-0.04,0.11,3.15,-3.15,0.9131,0.7493,0.3666,0.3666,,False,예
2203,23일 → 말일-3,23,-3,187,0,187,0.03,-0.04,49.73,50.27,14.42,-11.67,2.81,3301,0,3301,-0.16,-0.01,49.86,50.14,22.16,-28.91,4.62,0.18,-0.03,-0.13,0.13,0.5385,0.986,1.0,1.0,,True,예
2203,23일 → 말일-2,23,-2,198,0,198,-0.16,-0.06,47.98,52.02,22.65,-17.1,3.41,3501,0,3501,-0.33,-0.17,47.36,52.61,31.29,-33.28,4.99,0.17,0.11,0.62,-0.59,0.6074,0.6264,0.8422,0.8392,,False,예
2203,23일 → 말일-1,23,-1,200,0,200,0.15,0.08,51.0,48.5,26.48,-20.42,3.79,3701,0,3701,-0.02,0.06,50.45,49.53,35.38,-35.95,5.05,0.17,0.03,0.55,-1.03,0.6324,0.8951,0.8931,0.7942,,False,예
2203,23일 → 말일,23,0,200,0,200,0.26,0.18,52.0,48.0,25.4,-9.87,3.95,3901,0,3901,0.11,0.17,51.86,48.14,32.56,-27.46,4.99,0.16,0.02,0.14,-0.14,0.6543,0.9131,1.0,1.0,,False,예
2203,23일 → 말일+1,23,1,200,0,200,0.48,0.26,55.5,44.5,19.81,-8.98,3.65,4101,0,4101,0.32,0.31,53.84,46.14,25.56,-25.3,4.78,0.16,-0.06,1.66,-1.64,0.6064,0.8452,0.6743,0.6713,,False,예
2203,23일 → 말일+2,23,2,200,0,200,0.5,0.5,55.0,45.0,24.06,-14.55,4.27,4101,0,4101,0.36,0.35,53.62,46.38,30.22,-20.03,5.2,0.15,0.15,1.38,-1.38,0.6653,0.6603,0.7193,0.7193,,False,예
2203,23일 → 말일+3,23,3,200,0,200,0.52,0.68,58.5,41.5,24.65,-16.66,4.53,4101,0,4101,0.35,0.43,53.35,46.65,30.64,-20.24,5.47,0.18,0.25,5.15,-5.15,0.6214,0.5405,0.1429,0.1429,,False,예
2203,24일 → 말일-3,24,-3,170,0,170,0.01,-0.17,48.24,51.76,14.12,-6.96,2.25,3301,0,3301,-0.16,-0.01,49.86,50.14,22.16,-28.91,4.62,0.17,-0.17,-1.63,1.63,0.6154,0.6414,0.7023,0.7023,,True,예
2203,24일 → 말일-2,24,-2,191,0,191,-0.14,-0.02,49.21,50.79,22.65,-11.39,2.93,3501,0,3501,-0.33,-0.17,47.36,52.61,31.29,-33.28,4.99,0.2,0.15,1.86,-1.83,0.5674,0.5355,0.6054,0.6024,,False,예
2203,24일 → 말일-1,24,-1,199,0,199,0.17,0.33,54.77,44.72,26.48,-14.95,3.35,3701,0,3701,-0.02,0.06,50.45,49.53,35.38,-35.95,5.05,0.19,0.28,4.33,-4.8,0.5914,0.3357,0.2068,0.1598,,False,예
2203,24일 → 말일,24,0,200,0,200,0.29,0.24,54.0,46.0,23.85,-9.34,3.54,3901,0,3901,0.11,0.17,51.86,48.14,32.56,-27.46,4.99,0.18,0.08,2.14,-2.14,0.6094,0.7433,0.5844,0.5844,,False,예
2203,24일 → 말일+1,24,1,200,0,200,0.51,0.22,54.5,45.5,17.05,-9.06,3.4,4101,0,4101,0.32,0.31,53.84,46.14,25.56,-25.3,4.78,0.19,-0.1,0.66,-0.64,0.5495,0.7562,0.8981,0.8991,,False,예
2203,24일 → 말일+2,24,2,200,0,200,0.54,0.44,53.5,46.5,21.65,-15.25,4.12,4101,0,4101,0.36,0.35,53.62,46.38,30.22,-20.03,5.2,0.18,0.09,-0.12,0.12,0.6054,0.7972,1.0,1.0,,False,예
2203,24일 → 말일+3,24,3,200,0,200,0.56,0.4,56.0,44.0,21.21,-15.79,4.35,4101,0,4101,0.35,0.43,53.35,46.65,30.64,-20.24,5.47,0.21,-0.03,2.65,-2.65,0.5714,0.954,0.4476,0.4476,,False,예
2203,25일 → 말일-3,25,-3,128,0,128,0.12,0.13,54.69,45.31,14.12,-5.59,2.08,3301,0,3301,-0.16,-0.01,49.86,50.14,22.16,-28.91,4.62,0.27,0.13,4.82,-4.82,0.4695,0.6743,0.2867,0.2867,,False,예
2203,25일 → 말일-2,25,-2,185,0,185,-0.05,0.06,51.35,48.65,22.65,-11.39,2.75,3501,0,3501,-0.33,-0.17,47.36,52.61,31.29,-33.28,4.99,0.28,0.23,3.99,-3.96,0.4396,0.3536,0.2657,0.2647,,True,예
2203,25일 → 말일-1,25,-1,194,0,194,0.22,0.37,55.67,43.81,26.48,-14.95,3.2,3701,0,3701,-0.02,0.06,50.45,49.53,35.38,-35.95,5.05,0.24,0.31,5.22,-5.71,0.5005,0.2687,0.1369,0.1059,,False,예
2203,25일 → 말일,25,0,200,0,200,0.33,0.34,54.5,45.5,23.85,-9.83,3.42,3901,0,3901,0.11,0.17,51.86,48.14,32.56,-27.46,4.99,0.23,0.18,2.64,-2.64,0.5205,0.5285,0.4875,0.4875,,False,예
2203,25일 → 말일+1,25,1,200,0,200,0.55,0.49,57.0,43.0,17.05,-9.06,3.31,4101,0,4101,0.32,0.31,53.84,46.14,25.56,-25.3,4.78,0.23,0.18,3.16,-3.14,0.4785,0.5455,0.3886,0.3886,,False,예
2203,25일 → 말일+2,25,2,200,0,200,0.58,0.71,58.5,41.5,21.65,-15.26,4.05,4101,0,4101,0.36,0.35,53.62,46.38,30.22,-20.03,5.2,0.23,0.36,4.88,-4.88,0.5135,0.2687,0.1698,0.1698,,False,예
2203,25일 → 말일+3,25,3,200,0,200,0.6,0.52,56.5,43.5,21.21,-14.88,4.27,4101,0,4101,0.35,0.43,53.35,46.65,30.64,-20.24,5.47,0.25,0.09,3.15,-3.15,0.4815,0.7802,0.3666,0.3666,,False,예
2001,15일 → 말일-3,15,-3,362,0,362,-1.04,-0.77,43.65,56.35,13.82,-30.2,5.11,6103,0,6103,-0.49,-0.14,48.32,51.63,43.7,-38.22,5.71,-0.55,-0.63,-4.67,4.72,0.0629,0.002,0.0679,0.0639,,False,예
2001,15일 → 말일-2,15,-2,362,0,362,-1.33,-1.02,41.44,58.56,19.17,-31.95,5.48,6465,0,6465,-0.76,-0.36,45.6,54.37,46.1,-39.77,5.86,-0.57,-0.66,-4.16,4.19,0.0649,0.002,0.1059,0.1049,,False,예
2001,15일 → 말일-1,15,-1,362,0,362,-1.22,-0.68,44.75,55.25,22.42,-24.14,5.54,6827,0,6827,-0.59,-0.17,48.1,51.81,48.58,-32.86,5.85,-0.62,-0.5,-3.35,3.44,0.032,0.02,0.1918,0.1798,,False,예
2001,15일 → 말일,15,0,362,0,362,-0.91,-0.49,45.58,54.14,20.85,-22.61,5.71,7189,0,7189,-0.26,0.04,50.63,49.3,51.45,-30.14,5.97,-0.66,-0.54,-5.05,4.85,0.031,0.02,0.0569,0.0689,,False,예
2001,15일 → 말일+1,15,1,362,0,362,-0.52,-0.15,48.34,51.66,25.43,-24.6,5.95,7551,0,7551,0.14,0.34,53.46,46.48,57.36,-27.88,6.13,-0.66,-0.49,-5.12,5.17,0.027,0.03,0.047,0.04,,False,예
2001,15일 → 말일+2,15,2,362,0,362,-0.47,-0.16,48.9,51.1,30.93,-28.65,6.29,7551,0,7551,0.2,0.32,53.12,46.84,64.26,-31.74,6.48,-0.67,-0.48,-4.22,4.26,0.034,0.0639,0.1039,0.1049,,False,예
2001,15일 → 말일+3,15,3,362,0,362,-0.42,-0.27,48.07,51.93,35.91,-29.44,6.5,7551,0,7551,0.23,0.31,52.48,47.52,70.51,-32.5,6.77,-0.65,-0.58,-4.42,4.42,0.0519,0.0509,0.0779,0.0779,,False,예
2001,16일 → 말일-3,16,-3,362,0,362,-1.01,-0.44,45.58,54.42,13.41,-23.62,4.81,6103,0,6103,-0.49,-0.14,48.32,51.63,43.7,-38.22,5.71,-0.52,-0.3,-2.74,2.79,0.0799,0.1029,0.2697,0.2408,,False,예
2001,16일 → 말일-2,16,-2,362,0,362,-1.3,-0.91,42.27,57.73,18.74,-25.07,5.18,6465,0,6465,-0.76,-0.36,45.6,54.37,46.1,-39.77,5.86,-0.54,-0.55,-3.33,3.37,0.0789,0.011,0.2048,0.2018,,False,예
2001,16일 → 말일-1,16,-1,362,0,362,-1.18,-0.65,43.09,56.91,21.98,-22.48,5.3,6827,0,6827,-0.59,-0.17,48.1,51.81,48.58,-32.86,5.85,-0.59,-0.47,-5.01,5.1,0.0509,0.03,0.0519,0.042,,False,예
2001,16일 → 말일,16,0,362,0,362,-0.88,-0.5,46.96,53.04,20.41,-22.61,5.47,7189,0,7189,-0.26,0.04,50.63,49.3,51.45,-30.14,5.97,-0.63,-0.54,-3.67,3.74,0.043,0.019,0.1728,0.1538,,False,예
2001,16일 → 말일+1,16,1,362,0,362,-0.49,-0.15,48.34,51.66,25.32,-23.0,5.73,7551,0,7551,0.14,0.34,53.46,46.48,57.36,-27.88,6.13,-0.63,-0.49,-5.12,5.17,0.036,0.03,0.047,0.04,,False,예
2001,16일 → 말일+2,16,2,362,0,362,-0.43,0.0,50.0,50.0,30.81,-27.13,6.08,7551,0,7551,0.2,0.32,53.12,46.84,64.26,-31.74,6.48,-0.64,-0.31,-3.12,3.16,0.046,0.2188,0.2348,0.2348,,False,예
2001,16일 → 말일+3,16,3,362,0,362,-0.38,-0.19,48.62,51.38,35.79,-27.94,6.29,7551,0,7551,0.23,0.31,52.48,47.52,70.51,-32.5,6.77,-0.61,-0.5,-3.86,3.86,0.0719,0.0939,0.1299,0.1299,,False,예
2001,17일 → 말일-3,17,-3,362,0,362,-0.79,-0.3,46.69,53.31,13.41,-22.64,4.63,6103,0,6103,-0.49,-0.14,48.32,51.63,43.7,-38.22,5.71,-0.3,-0.17,-1.64,1.68,0.2967,0.3367,0.5045,0.4755,,False,예
2001,17일 → 말일-2,17,-2,362,0,362,-1.08,-0.77,43.65,56.35,18.74,-24.59,4.99,6465,0,6465,-0.76,-0.36,45.6,54.37,46.1,-39.77,5.86,-0.33,-0.41,-1.95,1.98,0.3017,0.0549,0.4555,0.4545,,False,예
2001,17일 → 말일-1,17,-1,362,0,362,-0.96,-0.51,44.75,54.97,21.98,-22.48,5.13,6827,0,6827,-0.59,-0.17,48.1,51.81,48.58,-32.86,5.85,-0.37,-0.34,-3.35,3.16,0.2068,0.1359,0.1918,0.2088,,False,예
2001,17일 → 말일,17,0,362,0,362,-0.66,-0.37,46.69,53.31,20.41,-22.61,5.36,7189,0,7189,-0.26,0.04,50.63,49.3,51.45,-30.14,5.97,-0.4,-0.42,-3.95,4.02,0.2098,0.0529,0.1389,0.1269,,False,예
2001,17일 → 말일+1,17,1,362,0,362,-0.27,-0.04,49.45,50.55,25.32,-18.08,5.65,7551,0,7551,0.14,0.34,53.46,46.48,57.36,-27.88,6.13,-0.41,-0.37,-4.02,4.07,0.1838,0.1069,0.1029,0.0979,,False,예
2001,17일 → 말일+2,17,2,362,0,362,-0.21,0.05,50.28,49.72,30.81,-22.47,5.99,7551,0,7551,0.2,0.32,53.12,46.84,64.26,-31.74,6.48,-0.41,-0.27,-2.84,2.88,0.2018,0.2937,0.2687,0.2687,,True,예
2001,17일 → 말일+3,17,3,362,0,362,-0.16,0.15,50.55,49.45,35.79,-23.34,6.19,7551,0,7551,0.23,0.31,52.48,47.52,70.51,-32.5,6.77,-0.39,-0.16,-1.93,1.93,0.2557,0.5924,0.4505,0.4505,,True,예
2001,18일 → 말일-3,18,-3,362,0,362,-0.68,-0.3,46.69,53.31,13.41,-22.64,4.29,6103,0,6103,-0.49,-0.14,48.32,51.63,43.7,-38.22,5.71,-0.19,-0.16,-1.64,1.68,0.5125,0.3546,0.5045,0.4755,,False,예
2001,18일 → 말일-2,18,-2,362,0,362,-0.96,-0.68,43.92,56.08,18.74,-24.59,4.73,6465,0,6465,-0.76,-0.36,45.6,54.37,46.1,-39.77,5.86,-0.21,-0.32,-1.68,1.71,0.5005,0.1199,0.5155,0.5175,,False,예
2001,18일 → 말일-1,18,-1,362,0,362,-0.84,-0.57,46.41,53.59,21.98,-20.88,4.91,6827,0,6827,-0.59,-0.17,48.1,51.81,48.58,-32.86,5.85,-0.25,-0.39,-1.69,1.78,0.3946,0.0809,0.5175,0.4845,,False,예
2001,18일 → 말일,18,0,362,0,362,-0.53,-0.15,47.79,52.21,20.41,-21.02,5.21,7189,0,7189,-0.26,0.04,50.63,49.3,51.45,-30.14,5.97,-0.28,-0.19,-2.84,2.91,0.4076,0.3616,0.3097,0.2907,,False,예
2001,18일 → 말일+1,18,1,362,0,362,-0.15,0.34,51.1,48.9,25.32,-18.08,5.42,7551,0,7551,0.14,0.34,53.46,46.48,57.36,-27.88,6.13,-0.29,0.0,-2.36,2.41,0.3317,0.975,0.3546,0.3337,,True,예
2001,18일 → 말일+2,18,2,362,0,362,-0.09,0.13,51.1,48.62,30.81,-22.47,5.75,7551,0,7551,0.2,0.32,53.12,46.84,64.26,-31.74,6.48,-0.29,-0.19,-2.01,1.78,0.3506,0.4486,0.4326,0.4935,,True,예
2001,18일 → 말일+3,18,3,362,0,362,-0.04,0.17,51.38,48.62,35.79,-23.34,6.04,7551,0,7551,0.23,0.31,52.48,47.52,70.51,-32.5,6.77,-0.27,-0.14,-1.1,1.1,0.4276,0.6444,0.6693,0.6693,,True,예
2001,19일 → 말일-3,19,-3,362,0,362,-0.58,-0.36,44.2,55.8,20.6,-22.64,3.97,6103,0,6103,-0.49,-0.14,48.32,51.63,43.7,-38.22,5.71,-0.09,-0.22,-4.12,4.17,0.7502,0.2168,0.1029,0.0939,,False,예
2001,19일 → 말일-2,19,-2,362,0,362,-0.86,-0.6,41.44,58.56,22.06,-24.59,4.42,6465,0,6465,-0.76,-0.36,45.6,54.37,46.1,-39.77,5.86,-0.11,-0.24,-4.16,4.19,0.6943,0.2298,0.1059,0.1049,,False,예
2001,19일 → 말일-1,19,-1,362,0,362,-0.74,-0.58,45.58,54.42,26.56,-18.57,4.65,6827,0,6827,-0.59,-0.17,48.1,51.81,48.58,-32.86,5.85,-0.15,-0.41,-2.52,2.61,0.6194,0.0659,0.3147,0.2917,,False,예
2001,19일 → 말일,19,0,362,0,362,-0.43,-0.31,45.86,54.14,32.85,-17.07,5.04,7189,0,7189,-0.26,0.04,50.63,49.3,51.45,-30.14,5.97,-0.17,-0.35,-4.78,4.85,0.6174,0.1019,0.0789,0.0689,,False,예
2001,19일 → 말일+1,19,1,362,0,362,-0.04,0.11,50.55,49.45,28.83,-18.08,5.25,7551,0,7551,0.14,0.34,53.46,46.48,57.36,-27.88,6.13,-0.18,-0.22,-2.91,2.96,0.5275,0.3057,0.2567,0.2258,,True,예
2001,19일 → 말일+2,19,2,362,0,362,0.02,0.18,52.21,47.79,32.53,-22.47,5.64,7551,0,7551,0.2,0.32,53.12,46.84,64.26,-31.74,6.48,-0.18,-0.13,-0.91,0.95,0.5594,0.5954,0.7632,0.7622,,False,예
2001,19일 → 말일+3,19,3,362,0,362,0.08,0.15,51.1,48.9,33.77,-23.34,5.96,7551,0,7551,0.23,0.31,52.48,47.52,70.51,-32.5,6.77,-0.16,-0.16,-1.38,1.38,0.6394,0.5974,0.5874,0.5874,,False,예
2001,20일 → 말일-3,20,-3,359,0,359,-0.53,-0.27,46.24,53.76,11.07,-22.84,3.61,6103,0,6103,-0.49,-0.14,48.32,51.63,43.7,-38.22,5.71,-0.04,-0.13,-2.08,2.13,0.8681,0.4635,0.4156,0.3766,,False,예
2001,20일 → 말일-2,20,-2,362,0,362,-0.82,-0.61,41.99,58.01,16.1,-24.78,4.01,6465,0,6465,-0.76,-0.36,45.6,54.37,46.1,-39.77,5.86,-0.06,-0.25,-3.61,3.64,0.8092,0.2078,0.1668,0.1668,,False,예
2001,20일 → 말일-1,20,-1,362,0,362,-0.7,-0.43,43.65,56.08,19.26,-16.15,4.23,6827,0,6827,-0.59,-0.17,48.1,51.81,48.58,-32.86,5.85,-0.1,-0.26,-4.46,4.27,0.7283,0.2577,0.0919,0.0999,,False,예
2001,20일 → 말일,20,0,362,0,362,-0.38,-0.06,48.9,51.1,21.66,-16.1,4.61,7189,0,7189,-0.26,0.04,50.63,49.3,51.45,-30.14,5.97,-0.13,-0.1,-1.74,1.81,0.7233,0.6314,0.5694,0.5375,,False,예
2001,20일 → 말일+1,20,1,362,0,362,0.0,-0.09,49.45,50.55,17.98,-17.87,4.79,7551,0,7551,0.14,0.34,53.46,46.48,57.36,-27.88,6.13,-0.13,-0.43,-4.02,4.07,0.6164,0.0629,0.1029,0.0979,,True,예
2001,20일 → 말일+2,20,2,362,0,362,0.06,0.08,51.1,48.9,21.37,-17.2,5.17,7551,0,7551,0.2,0.32,53.12,46.84,64.26,-31.74,6.48,-0.14,-0.23,-2.01,2.05,0.6484,0.3516,0.4326,0.4376,,False,예
2001,20일 → 말일+3,20,3,362,0,362,0.12,0.28,53.04,46.96,22.87,-17.12,5.54,7551,0,7551,0.23,0.31,52.48,47.52,70.51,-32.5,6.77,-0.11,-0.03,0.56,-0.56,0.7283,0.9041,0.8741,0.8741,,False,예
2001,21일 → 말일-3,21,-3,359,0,359,-0.52,-0.19,45.68,54.04,13.8,-22.38,3.45,6103,0,6103,-0.49,-0.14,48.32,51.63,43.7,-38.22,5.71,-0.03,-0.06,-2.64,2.41,0.8931,0.7702,0.2897,0.3127,,False,예
2001,21일 → 말일-2,21,-2,359,0,359,-0.8,-0.44,43.73,55.99,19.16,-24.33,3.93,6465,0,6465,-0.76,-0.36,45.6,54.37,46.1,-39.77,5.86,-0.05,-0.09,-1.87,1.62,0.8402,0.6583,0.4765,0.5485,,False,예
2001,21일 → 말일-1,21,-1,362,0,362,-0.68,-0.46,44.2,55.8,22.4,-15.65,4.12,6827,0,6827,-0.59,-0.17,48.1,51.81,48.58,-32.86,5.85,-0.08,-0.28,-3.9,3.99,0.7672,0.2078,0.1299,0.1229,,False,예
2001,21일 → 말일,21,0,362,0,362,-0.36,-0.26,47.51,52.49,21.66,-14.6,4.5,7189,0,7189,-0.26,0.04,50.63,49.3,51.45,-30.14,5.97,-0.11,-0.31,-3.12,3.19,0.7532,0.1508,0.2707,0.2488,,False,예
2001,21일 → 말일+1,21,1,362,0,362,0.02,0.06,50.55,49.17,18.11,-15.55,4.6,7551,0,7551,0.14,0.34,53.46,46.48,57.36,-27.88,6.13,-0.12,-0.28,-2.91,2.69,0.6583,0.1948,0.2567,0.2747,,False,예
2001,21일 → 말일+2,21,2,362,0,362,0.08,0.09,51.1,48.9,21.37,-15.65,5.01,7551,0,7551,0.2,0.32,53.12,46.84,64.26,-31.74,6.48,-0.13,-0.23,-2.01,2.05,0.6813,0.3636,0.4326,0.4376,,False,예
2001,21일 → 말일+3,21,3,362,0,362,0.14,0.36,53.31,46.69,22.5,-16.58,5.41,7551,0,7551,0.23,0.31,52.48,47.52,70.51,-32.5,6.77,-0.1,0.05,0.83,-0.83,0.7612,0.8981,0.7962,0.7962,,False,예
2001,22일 → 말일-3,22,-3,352,0,352,-0.34,-0.17,47.16,52.56,11.57,-18.81,3.04,6103,0,6103,-0.49,-0.14,48.32,51.63,43.7,-38.22,5.71,0.15,-0.03,-1.16,0.93,0.6494,0.8342,0.6454,0.6853,,False,예
2001,22일 → 말일-2,22,-2,359,0,359,-0.61,-0.39,45.13,54.87,16.82,-20.84,3.64,6465,0,6465,-0.76,-0.36,45.6,54.37,46.1,-39.77,5.86,0.14,-0.04,-0.47,0.5,0.6653,0.8432,0.8761,0.8761,,False,예
2001,22일 → 말일-1,22,-1,361,0,361,-0.47,-0.23,45.98,54.02,20.0,-14.15,3.89,6827,0,6827,-0.59,-0.17,48.1,51.81,48.58,-32.86,5.85,0.12,-0.05,-2.12,2.21,0.7043,0.8112,0.4106,0.3806,,False,예
2001,22일 → 말일,22,0,362,0,362,-0.15,-0.05,49.72,50.28,21.66,-14.3,4.4,7189,0,7189,-0.26,0.04,50.63,49.3,51.45,-30.14,5.97,0.1,-0.09,-0.91,0.98,0.7303,0.6793,0.8062,0.7682,,False,예
2001,22일 → 말일+1,22,1,362,0,362,0.24,0.34,53.59,46.13,19.96,-14.78,4.61,7551,0,7551,0.14,0.34,53.46,46.48,57.36,-27.88,6.13,0.1,0.01,0.13,-0.35,0.7852,0.986,1.0,0.956,,False,예
2001,22일 → 말일+2,22,2,362,0,362,0.3,0.31,53.59,46.41,22.19,-16.84,5.08,7551,0,7551,0.2,0.32,53.12,46.84,64.26,-31.74,6.48,0.1,-0.01,0.47,-0.43,0.8182,0.9351,0.8851,0.8771,,False,예
2001,22일 → 말일+3,22,3,362,0,362,0.36,0.46,54.97,45.03,29.56,-17.77,5.6,7551,0,7551,0.23,0.31,52.48,47.52,70.51,-32.5,6.77,0.13,0.16,2.49,-2.49,0.7473,0.6374,0.3536,0.3536,,False,예
2001,23일 → 말일-3,23,-3,334,0,334,-0.03,0.0,50.0,49.7,16.42,-11.82,2.81,6103,0,6103,-0.49,-0.14,48.32,51.63,43.7,-38.22,5.71,0.46,0.14,1.68,-1.93,0.1538,0.5425,0.5614,0.4825,,False,예
2001,23일 → 말일-2,23,-2,356,0,356,-0.31,-0.12,47.19,52.81,17.82,-16.15,3.4,6465,0,6465,-0.76,-0.36,45.6,54.37,46.1,-39.77,5.86,0.45,0.23,1.59,-1.56,0.1738,0.2707,0.5504,0.5824,,False,예
2001,23일 → 말일-1,23,-1,361,0,361,-0.16,0.13,52.08,47.92,22.16,-18.41,3.77,6827,0,6827,-0.59,-0.17,48.1,51.81,48.58,-32.86,5.85,0.44,0.31,3.97,-3.89,0.1538,0.2008,0.1319,0.1449,,True,예
2001,23일 → 말일,23,0,362,0,362,0.16,0.25,54.14,45.86,28.24,-11.75,4.29,7189,0,7189,-0.26,0.04,50.63,49.3,51.45,-30.14,5.97,0.41,0.21,3.51,-3.44,0.1818,0.3407,0.1568,0.1728,,False,예
2001,23일 → 말일+1,23,1,362,0,362,0.55,0.56,57.18,42.82,24.36,-14.78,4.57,7551,0,7551,0.14,0.34,53.46,46.48,57.36,-27.88,6.13,0.41,0.23,3.72,-3.67,0.2108,0.3487,0.1499,0.1688,,False,예
2001,23일 → 말일+2,23,2,362,0,362,0.61,0.57,55.25,44.75,27.93,-16.59,5.01,7551,0,7551,0.2,0.32,53.12,46.84,64.26,-31.74,6.48,0.41,0.25,2.13,-2.09,0.2378,0.3856,0.4046,0.4086,,False,예
2001,23일 → 말일+3,23,3,362,0,362,0.68,0.57,56.91,43.09,34.02,-17.52,5.57,7551,0,7551,0.23,0.31,52.48,47.52,70.51,-32.5,6.77,0.45,0.26,4.42,-4.42,0.2228,0.4356,0.0879,0.0879,,False,예
2001,24일 → 말일-3,24,-3,307,0,307,0.05,0.01,50.49,49.51,8.92,-7.29,2.27,6103,0,6103,-0.49,-0.14,48.32,51.63,43.7,-38.22,5.71,0.54,0.15,2.17,-2.12,0.1099,0.5235,0.4585,0.4605,,False,예
2001,24일 → 말일-2,24,-2,342,0,342,-0.22,-0.11,47.95,52.05,14.04,-11.43,2.89,6465,0,6465,-0.76,-0.36,45.6,54.37,46.1,-39.77,5.86,0.53,0.25,2.35,-2.32,0.1139,0.2597,0.4206,0.4186,,False,예
2001,24일 → 말일-1,24,-1,358,0,358,-0.07,0.1,51.96,47.77,17.15,-13.82,3.35,6827,0,6827,-0.59,-0.17,48.1,51.81,48.58,-32.86,5.85,0.52,0.27,3.85,-4.04,0.0849,0.2587,0.1399,0.1279,,True,예
2001,24일 → 말일,24,0,362,0,362,0.25,0.26,54.7,45.3,24.85,-11.0,3.93,7189,0,7189,-0.26,0.04,50.63,49.3,51.45,-30.14,5.97,0.5,0.22,4.06,-3.99,0.1089,0.3187,0.1019,0.1139,,False,예
2001,24일 → 말일+1,24,1,362,0,362,0.64,0.5,56.91,43.09,27.18,-14.78,4.36,7551,0,7551,0.14,0.34,53.46,46.48,57.36,-27.88,6.13,0.51,0.17,3.44,-3.39,0.1189,0.4835,0.1888,0.2068,,False,예
2001,24일 → 말일+2,24,2,362,0,362,0.71,0.49,57.73,42.27,29.04,-16.85,4.88,7551,0,7551,0.2,0.32,53.12,46.84,64.26,-31.74,6.48,0.5,0.18,4.62,-4.58,0.1429,0.5634,0.0679,0.0679,,False,예
2001,24일 → 말일+3,24,3,362,0,362,0.77,0.53,56.35,43.65,37.35,-17.78,5.47,7551,0,7551,0.23,0.31,52.48,47.52,70.51,-32.5,6.77,0.54,0.22,3.87,-3.87,0.1299,0.5035,0.1479,0.1479,,False,예
2001,25일 → 말일-3,25,-3,234,0,234,0.11,0.06,55.13,44.87,8.92,-5.66,1.89,6103,0,6103,-0.49,-0.14,48.32,51.63,43.7,-38.22,5.71,0.6,0.2,6.81,-6.76,0.1159,0.4515,0.034,0.042,,False,예
2001,25일 → 말일-2,25,-2,333,0,333,-0.17,-0.02,49.25,50.75,14.04,-11.43,2.41,6465,0,6465,-0.76,-0.36,45.6,54.37,46.1,-39.77,5.86,0.58,0.34,3.65,-3.62,0.0889,0.1309,0.2118,0.2098,,False,예
2001,25일 → 말일-1,25,-1,350,0,350,-0.04,0.1,52.57,47.14,17.15,-13.82,2.95,6827,0,6827,-0.59,-0.17,48.1,51.81,48.58,-32.86,5.85,0.56,0.27,4.47,-4.67,0.0719,0.2577,0.0909,0.0809,,True,예
2001,25일 → 말일,25,0,362,0,362,0.28,0.34,55.52,44.48,15.65,-11.0,3.43,7189,0,7189,-0.26,0.04,50.63,49.3,51.45,-30.14,5.97,0.53,0.29,4.89,-4.82,0.0819,0.1808,0.0509,0.0569,,False,예
2001,25일 → 말일+1,25,1,362,0,362,0.68,0.62,58.84,41.16,18.82,-14.78,4.0,7551,0,7551,0.14,0.34,53.46,46.48,57.36,-27.88,6.13,0.54,0.29,5.38,-5.32,0.0969,0.2228,0.043,0.047,,False,예
2001,25일 → 말일+2,25,2,362,0,362,0.74,0.62,59.12,40.88,24.03,-16.85,4.57,7551,0,7551,0.2,0.32,53.12,46.84,64.26,-31.74,6.48,0.54,0.31,6.0,-5.96,0.1119,0.2897,0.018,0.018,,False,예
2001,25일 → 말일+3,25,3,362,0,362,0.81,0.76,56.63,43.37,28.75,-17.78,5.14,7551,0,7551,0.23,0.31,52.48,47.52,70.51,-32.5,6.77,0.58,0.45,4.15,-4.15,0.1039,0.1588,0.1129,0.1129,,False,예
