종목,테스트,파라미터,시작연도,방향,시대 구간,사건,구간,신호,제외,표본,평균(%),중앙값(%),오른 비율(%),내린 비율(%),최고(%),최악(%),표준편차(%)
QQQ,테스트 A(역대급 등락),K=5,2003,폭등,전체,2,1일,3,0,3,-2.94,-4.25,0.0,100.0,-0.25,-4.33,2.33
QQQ,테스트 A(역대급 등락),K=5,2003,폭등,전체,2,2일,3,0,3,-4.1,-2.49,33.33,66.67,3.08,-12.89,8.11
QQQ,테스트 A(역대급 등락),K=5,2003,폭등,전체,2,3일,3,0,3,-2.26,-1.83,33.33,66.67,3.23,-8.17,5.71
QQQ,테스트 A(역대급 등락),K=5,2003,폭등,전체,2,1주,3,0,3,-1.41,-4.68,33.33,66.67,5.93,-5.49,6.38
QQQ,테스트 A(역대급 등락),K=5,2003,폭등,전체,2,2주,3,0,3,-7.86,-5.52,33.33,66.67,0.29,-18.33,9.53
QQQ,테스트 A(역대급 등락),K=5,2003,폭등,전체,2,1개월,3,0,3,-5.83,-7.88,33.33,66.67,4.71,-14.32,9.68
QQQ,테스트 A(역대급 등락),K=5,2003,폭락,전체,2,1일,3,0,3,7.16,7.58,100.0,0.0,8.47,5.42,1.57
QQQ,테스트 A(역대급 등락),K=5,2003,폭락,전체,2,2일,3,0,3,1.78,4.31,66.67,33.33,5.56,-4.52,5.5
QQQ,테스트 A(역대급 등락),K=5,2003,폭락,전체,2,3일,3,0,3,5.38,4.94,100.0,0.0,8.5,2.72,2.91
QQQ,테스트 A(역대급 등락),K=5,2003,폭락,전체,2,1주,3,0,3,0.3,0.19,100.0,0.0,0.69,0.03,0.34
QQQ,테스트 A(역대급 등락),K=5,2003,폭락,전체,2,2주,3,0,3,8.5,8.22,100.0,0.0,13.43,3.86,4.79
QQQ,테스트 A(역대급 등락),K=5,2003,폭락,전체,2,1개월,3,0,3,12.58,14.5,66.67,33.33,23.7,-0.46,12.19
QQQ,테스트 A(역대급 등락),K=5,2003,역방향 전체,전체,3,1일,6,0,6,5.05,4.88,100.0,0.0,8.47,0.25,2.91
QQQ,테스트 A(역대급 등락),K=5,2003,역방향 전체,전체,3,2일,6,0,6,2.94,3.4,66.67,33.33,12.89,-4.52,6.32
QQQ,테스트 A(역대급 등락),K=5,2003,역방향 전체,전체,3,3일,6,0,6,3.82,3.83,83.33,16.67,8.5,-3.23,4.4
QQQ,테스트 A(역대급 등락),K=5,2003,역방향 전체,전체,3,1주,6,0,6,0.86,0.44,83.33,16.67,5.49,-5.93,4.08
QQQ,테스트 A(역대급 등락),K=5,2003,역방향 전체,전체,3,2주,6,0,6,8.18,6.87,83.33,16.67,18.33,-0.29,6.75
QQQ,테스트 A(역대급 등락),K=5,2003,역방향 전체,전체,3,1개월,6,0,6,9.2,11.1,66.67,33.33,23.7,-4.71,10.52
QQQ,테스트 A(역대급 등락),K=10,2003,폭등,전체,2,1일,3,0,3,-2.94,-4.25,0.0,100.0,-0.25,-4.33,2.33
QQQ,테스트 A(역대급 등락),K=10,2003,폭등,전체,2,2일,3,0,3,-4.1,-2.49,33.33,66.67,3.08,-12.89,8.11
QQQ,테스트 A(역대급 등락),K=10,2003,폭등,전체,2,3일,3,0,3,-2.26,-1.83,33.33,66.67,3.23,-8.17,5.71
QQQ,테스트 A(역대급 등락),K=10,2003,폭등,전체,2,1주,3,0,3,-1.41,-4.68,33.33,66.67,5.93,-5.49,6.38
QQQ,테스트 A(역대급 등락),K=10,2003,폭등,전체,2,2주,3,0,3,-7.86,-5.52,33.33,66.67,0.29,-18.33,9.53
QQQ,테스트 A(역대급 등락),K=10,2003,폭등,전체,2,1개월,3,0,3,-5.83,-7.88,33.33,66.67,4.71,-14.32,9.68
QQQ,테스트 A(역대급 등락),K=10,2003,폭락,전체,2,1일,4,0,4,6.09,6.5,100.0,0.0,8.47,2.88,2.49
QQQ,테스트 A(역대급 등락),K=10,2003,폭락,전체,2,2일,4,0,4,1.79,3.05,75.0,25.0,5.56,-4.52,4.49
QQQ,테스트 A(역대급 등락),K=10,2003,폭락,전체,2,3일,4,0,4,3.33,3.83,75.0,25.0,8.5,-2.83,4.75
QQQ,테스트 A(역대급 등락),K=10,2003,폭락,전체,2,1주,4,0,4,-1.73,0.11,75.0,25.0,0.69,-7.83,4.07
QQQ,테스트 A(역대급 등락),K=10,2003,폭락,전체,2,2주,4,0,4,4.6,6.04,75.0,25.0,13.43,-7.11,8.73
QQQ,테스트 A(역대급 등락),K=10,2003,폭락,전체,2,1개월,4,0,4,5.5,7.02,50.0,50.0,23.7,-15.76,17.32
QQQ,테스트 A(역대급 등락),K=10,2003,역방향 전체,전체,3,1일,7,0,7,4.74,4.33,100.0,0.0,8.47,0.25,2.78
QQQ,테스트 A(역대급 등락),K=10,2003,역방향 전체,전체,3,2일,7,0,7,2.78,2.49,71.43,28.57,12.89,-4.52,5.79
QQQ,테스트 A(역대급 등락),K=10,2003,역방향 전체,전체,3,3일,7,0,7,2.87,2.72,71.43,28.57,8.5,-3.23,4.74
QQQ,테스트 A(역대급 등락),K=10,2003,역방향 전체,전체,3,1주,7,0,7,-0.38,0.19,71.43,28.57,5.49,-7.83,4.97
QQQ,테스트 A(역대급 등락),K=10,2003,역방향 전체,전체,3,2주,7,0,7,5.99,5.52,71.43,28.57,18.33,-7.11,8.45
QQQ,테스트 A(역대급 등락),K=10,2003,역방향 전체,전체,3,1개월,7,0,7,5.64,7.88,57.14,42.86,23.7,-15.76,13.46
QQQ,테스트 A(역대급 등락),K=20,2003,폭등,전체,4,1일,7,0,7,-3.25,-3.04,14.29,85.71,1.84,-11.98,4.47
QQQ,테스트 A(역대급 등락),K=20,2003,폭등,전체,4,2일,7,0,7,-2.09,-2.46,42.86,57.14,4.49,-12.89,5.87
QQQ,테스트 A(역대급 등락),K=20,2003,폭등,전체,4,3일,7,0,7,-2.57,-1.83,42.86,57.14,3.23,-8.18,4.95
QQQ,테스트 A(역대급 등락),K=20,2003,폭등,전체,4,1주,7,0,7,-1.47,0.73,57.14,42.86,5.93,-11.25,5.97
QQQ,테스트 A(역대급 등락),K=20,2003,폭등,전체,4,2주,7,0,7,-2.04,0.29,57.14,42.86,6.94,-18.33,8.38
QQQ,테스트 A(역대급 등락),K=20,2003,폭등,전체,4,1개월,7,0,7,3.62,4.71,71.43,28.57,17.08,-14.32,11.6
QQQ,테스트 A(역대급 등락),K=20,2003,폭락,전체,3,1일,7,0,7,4.62,5.42,85.71,14.29,8.47,-0.8,3.13
QQQ,테스트 A(역대급 등락),K=20,2003,폭락,전체,3,2일,7,0,7,1.54,1.8,71.43,28.57,6.28,-4.52,4.25
QQQ,테스트 A(역대급 등락),K=20,2003,폭락,전체,3,3일,7,0,7,0.59,2.72,57.14,42.86,8.5,-8.39,5.88
QQQ,테스트 A(역대급 등락),K=20,2003,폭락,전체,3,1주,7,0,7,-0.69,0.19,71.43,28.57,11.7,-12.54,7.76
QQQ,테스트 A(역대급 등락),K=20,2003,폭락,전체,3,2주,7,0,7,1.59,3.86,57.14,42.86,13.43,-11.94,9.31
QQQ,테스트 A(역대급 등락),K=20,2003,폭락,전체,3,1개월,7,0,7,4.55,1.46,57.14,42.86,23.7,-15.76,12.85
QQQ,테스트 A(역대급 등락),K=20,2003,역방향 전체,전체,5,1일,14,0,14,3.94,3.8,85.71,14.29,11.98,-1.84,3.77
QQQ,테스트 A(역대급 등락),K=20,2003,역방향 전체,전체,5,2일,14,0,14,1.82,2.13,64.29,35.71,12.89,-4.52,4.93
QQQ,테스트 A(역대급 등락),K=20,2003,역방향 전체,전체,5,3일,14,0,14,1.58,2.27,57.14,42.86,8.5,-8.39,5.32
QQQ,테스트 A(역대급 등락),K=20,2003,역방향 전체,전체,5,1주,14,0,14,0.39,0.11,57.14,42.86,11.7,-12.54,6.74
QQQ,테스트 A(역대급 등락),K=20,2003,역방향 전체,전체,5,2주,14,0,14,1.82,1.69,50.0,50.0,18.33,-11.94,8.51
QQQ,테스트 A(역대급 등락),K=20,2003,역방향 전체,전체,5,1개월,14,0,14,0.46,-0.73,42.86,57.14,23.7,-17.08,12.5
QQQ,테스트 A(역대급 등락),K=5,2005,폭등,전체,2,1일,3,0,3,-2.94,-4.25,0.0,100.0,-0.25,-4.33,2.33
QQQ,테스트 A(역대급 등락),K=5,2005,폭등,전체,2,2일,3,0,3,-4.1,-2.49,33.33,66.67,3.08,-12.89,8.11
QQQ,테스트 A(역대급 등락),K=5,2005,폭등,전체,2,3일,3,0,3,-2.26,-1.83,33.33,66.67,3.23,-8.17,5.71
QQQ,테스트 A(역대급 등락),K=5,2005,폭등,전체,2,1주,3,0,3,-1.41,-4.68,33.33,66.67,5.93,-5.49,6.38
QQQ,테스트 A(역대급 등락),K=5,2005,폭등,전체,2,2주,3,0,3,-7.86,-5.52,33.33,66.67,0.29,-18.33,9.53
QQQ,테스트 A(역대급 등락),K=5,2005,폭등,전체,2,1개월,3,0,3,-5.83,-7.88,33.33,66.67,4.71,-14.32,9.68
QQQ,테스트 A(역대급 등락),K=5,2005,폭락,전체,2,1일,3,0,3,7.16,7.58,100.0,0.0,8.47,5.42,1.57
QQQ,테스트 A(역대급 등락),K=5,2005,폭락,전체,2,2일,3,0,3,1.78,4.31,66.67,33.33,5.56,-4.52,5.5
QQQ,테스트 A(역대급 등락),K=5,2005,폭락,전체,2,3일,3,0,3,5.38,4.94,100.0,0.0,8.5,2.72,2.91
QQQ,테스트 A(역대급 등락),K=5,2005,폭락,전체,2,1주,3,0,3,0.3,0.19,100.0,0.0,0.69,0.03,0.34
QQQ,테스트 A(역대급 등락),K=5,2005,폭락,전체,2,2주,3,0,3,8.5,8.22,100.0,0.0,13.43,3.86,4.79
QQQ,테스트 A(역대급 등락),K=5,2005,폭락,전체,2,1개월,3,0,3,12.58,14.5,66.67,33.33,23.7,-0.46,12.19
QQQ,테스트 A(역대급 등락),K=5,2005,역방향 전체,전체,3,1일,6,0,6,5.05,4.88,100.0,0.0,8.47,0.25,2.91
QQQ,테스트 A(역대급 등락),K=5,2005,역방향 전체,전체,3,2일,6,0,6,2.94,3.4,66.67,33.33,12.89,-4.52,6.32
QQQ,테스트 A(역대급 등락),K=5,2005,역방향 전체,전체,3,3일,6,0,6,3.82,3.83,83.33,16.67,8.5,-3.23,4.4
QQQ,테스트 A(역대급 등락),K=5,2005,역방향 전체,전체,3,1주,6,0,6,0.86,0.44,83.33,16.67,5.49,-5.93,4.08
QQQ,테스트 A(역대급 등락),K=5,2005,역방향 전체,전체,3,2주,6,0,6,8.18,6.87,83.33,16.67,18.33,-0.29,6.75
QQQ,테스트 A(역대급 등락),K=5,2005,역방향 전체,전체,3,1개월,6,0,6,9.2,11.1,66.67,33.33,23.7,-4.71,10.52
QQQ,테스트 A(역대급 등락),K=10,2005,폭등,전체,2,1일,3,0,3,-2.94,-4.25,0.0,100.0,-0.25,-4.33,2.33
QQQ,테스트 A(역대급 등락),K=10,2005,폭등,전체,2,2일,3,0,3,-4.1,-2.49,33.33,66.67,3.08,-12.89,8.11
QQQ,테스트 A(역대급 등락),K=10,2005,폭등,전체,2,3일,3,0,3,-2.26,-1.83,33.33,66.67,3.23,-8.17,5.71
QQQ,테스트 A(역대급 등락),K=10,2005,폭등,전체,2,1주,3,0,3,-1.41,-4.68,33.33,66.67,5.93,-5.49,6.38
QQQ,테스트 A(역대급 등락),K=10,2005,폭등,전체,2,2주,3,0,3,-7.86,-5.52,33.33,66.67,0.29,-18.33,9.53
QQQ,테스트 A(역대급 등락),K=10,2005,폭등,전체,2,1개월,3,0,3,-5.83,-7.88,33.33,66.67,4.71,-14.32,9.68
QQQ,테스트 A(역대급 등락),K=10,2005,폭락,전체,2,1일,4,0,4,6.09,6.5,100.0,0.0,8.47,2.88,2.49
QQQ,테스트 A(역대급 등락),K=10,2005,폭락,전체,2,2일,4,0,4,1.79,3.05,75.0,25.0,5.56,-4.52,4.49
QQQ,테스트 A(역대급 등락),K=10,2005,폭락,전체,2,3일,4,0,4,3.33,3.83,75.0,25.0,8.5,-2.83,4.75
QQQ,테스트 A(역대급 등락),K=10,2005,폭락,전체,2,1주,4,0,4,-1.73,0.11,75.0,25.0,0.69,-7.83,4.07
QQQ,테스트 A(역대급 등락),K=10,2005,폭락,전체,2,2주,4,0,4,4.6,6.04,75.0,25.0,13.43,-7.11,8.73
QQQ,테스트 A(역대급 등락),K=10,2005,폭락,전체,2,1개월,4,0,4,5.5,7.02,50.0,50.0,23.7,-15.76,17.32
QQQ,테스트 A(역대급 등락),K=10,2005,역방향 전체,전체,3,1일,7,0,7,4.74,4.33,100.0,0.0,8.47,0.25,2.78
QQQ,테스트 A(역대급 등락),K=10,2005,역방향 전체,전체,3,2일,7,0,7,2.78,2.49,71.43,28.57,12.89,-4.52,5.79
QQQ,테스트 A(역대급 등락),K=10,2005,역방향 전체,전체,3,3일,7,0,7,2.87,2.72,71.43,28.57,8.5,-3.23,4.74
QQQ,테스트 A(역대급 등락),K=10,2005,역방향 전체,전체,3,1주,7,0,7,-0.38,0.19,71.43,28.57,5.49,-7.83,4.97
QQQ,테스트 A(역대급 등락),K=10,2005,역방향 전체,전체,3,2주,7,0,7,5.99,5.52,71.43,28.57,18.33,-7.11,8.45
QQQ,테스트 A(역대급 등락),K=10,2005,역방향 전체,전체,3,1개월,7,0,7,5.64,7.88,57.14,42.86,23.7,-15.76,13.46
QQQ,테스트 A(역대급 등락),K=20,2005,폭등,전체,4,1일,7,0,7,-3.25,-3.04,14.29,85.71,1.84,-11.98,4.47
QQQ,테스트 A(역대급 등락),K=20,2005,폭등,전체,4,2일,7,0,7,-2.09,-2.46,42.86,57.14,4.49,-12.89,5.87
QQQ,테스트 A(역대급 등락),K=20,2005,폭등,전체,4,3일,7,0,7,-2.57,-1.83,42.86,57.14,3.23,-8.18,4.95
QQQ,테스트 A(역대급 등락),K=20,2005,폭등,전체,4,1주,7,0,7,-1.47,0.73,57.14,42.86,5.93,-11.25,5.97
QQQ,테스트 A(역대급 등락),K=20,2005,폭등,전체,4,2주,7,0,7,-2.04,0.29,57.14,42.86,6.94,-18.33,8.38
QQQ,테스트 A(역대급 등락),K=20,2005,폭등,전체,4,1개월,7,0,7,3.62,4.71,71.43,28.57,17.08,-14.32,11.6
QQQ,테스트 A(역대급 등락),K=20,2005,폭락,전체,3,1일,7,0,7,4.62,5.42,85.71,14.29,8.47,-0.8,3.13
QQQ,테스트 A(역대급 등락),K=20,2005,폭락,전체,3,2일,7,0,7,1.54,1.8,71.43,28.57,6.28,-4.52,4.25
QQQ,테스트 A(역대급 등락),K=20,2005,폭락,전체,3,3일,7,0,7,0.59,2.72,57.14,42.86,8.5,-8.39,5.88
QQQ,테스트 A(역대급 등락),K=20,2005,폭락,전체,3,1주,7,0,7,-0.69,0.19,71.43,28.57,11.7,-12.54,7.76
QQQ,테스트 A(역대급 등락),K=20,2005,폭락,전체,3,2주,7,0,7,1.59,3.86,57.14,42.86,13.43,-11.94,9.31
QQQ,테스트 A(역대급 등락),K=20,2005,폭락,전체,3,1개월,7,0,7,4.55,1.46,57.14,42.86,23.7,-15.76,12.85
QQQ,테스트 A(역대급 등락),K=20,2005,역방향 전체,전체,5,1일,14,0,14,3.94,3.8,85.71,14.29,11.98,-1.84,3.77
QQQ,테스트 A(역대급 등락),K=20,2005,역방향 전체,전체,5,2일,14,0,14,1.82,2.13,64.29,35.71,12.89,-4.52,4.93
QQQ,테스트 A(역대급 등락),K=20,2005,역방향 전체,전체,5,3일,14,0,14,1.58,2.27,57.14,42.86,8.5,-8.39,5.32
QQQ,테스트 A(역대급 등락),K=20,2005,역방향 전체,전체,5,1주,14,0,14,0.39,0.11,57.14,42.86,11.7,-12.54,6.74
QQQ,테스트 A(역대급 등락),K=20,2005,역방향 전체,전체,5,2주,14,0,14,1.82,1.69,50.0,50.0,18.33,-11.94,8.51
QQQ,테스트 A(역대급 등락),K=20,2005,역방향 전체,전체,5,1개월,14,0,14,0.46,-0.73,42.86,57.14,23.7,-17.08,12.5
QQQ,테스트 A(역대급 등락),K=5,2008,폭등,전체,2,1일,3,0,3,-2.94,-4.25,0.0,100.0,-0.25,-4.33,2.33
QQQ,테스트 A(역대급 등락),K=5,2008,폭등,전체,2,2일,3,0,3,-4.1,-2.49,33.33,66.67,3.08,-12.89,8.11
QQQ,테스트 A(역대급 등락),K=5,2008,폭등,전체,2,3일,3,0,3,-2.26,-1.83,33.33,66.67,3.23,-8.17,5.71
QQQ,테스트 A(역대급 등락),K=5,2008,폭등,전체,2,1주,3,0,3,-1.41,-4.68,33.33,66.67,5.93,-5.49,6.38
QQQ,테스트 A(역대급 등락),K=5,2008,폭등,전체,2,2주,3,0,3,-7.86,-5.52,33.33,66.67,0.29,-18.33,9.53
QQQ,테스트 A(역대급 등락),K=5,2008,폭등,전체,2,1개월,3,0,3,-5.83,-7.88,33.33,66.67,4.71,-14.32,9.68
QQQ,테스트 A(역대급 등락),K=5,2008,폭락,전체,2,1일,3,0,3,7.16,7.58,100.0,0.0,8.47,5.42,1.57
QQQ,테스트 A(역대급 등락),K=5,2008,폭락,전체,2,2일,3,0,3,1.78,4.31,66.67,33.33,5.56,-4.52,5.5
QQQ,테스트 A(역대급 등락),K=5,2008,폭락,전체,2,3일,3,0,3,5.38,4.94,100.0,0.0,8.5,2.72,2.91
QQQ,테스트 A(역대급 등락),K=5,2008,폭락,전체,2,1주,3,0,3,0.3,0.19,100.0,0.0,0.69,0.03,0.34
QQQ,테스트 A(역대급 등락),K=5,2008,폭락,전체,2,2주,3,0,3,8.5,8.22,100.0,0.0,13.43,3.86,4.79
QQQ,테스트 A(역대급 등락),K=5,2008,폭락,전체,2,1개월,3,0,3,12.58,14.5,66.67,33.33,23.7,-0.46,12.19
QQQ,테스트 A(역대급 등락),K=5,2008,역방향 전체,전체,3,1일,6,0,6,5.05,4.88,100.0,0.0,8.47,0.25,2.91
QQQ,테스트 A(역대급 등락),K=5,2008,역방향 전체,전체,3,2일,6,0,6,2.94,3.4,66.67,33.33,12.89,-4.52,6.32
QQQ,테스트 A(역대급 등락),K=5,2008,역방향 전체,전체,3,3일,6,0,6,3.82,3.83,83.33,16.67,8.5,-3.23,4.4
QQQ,테스트 A(역대급 등락),K=5,2008,역방향 전체,전체,3,1주,6,0,6,0.86,0.44,83.33,16.67,5.49,-5.93,4.08
QQQ,테스트 A(역대급 등락),K=5,2008,역방향 전체,전체,3,2주,6,0,6,8.18,6.87,83.33,16.67,18.33,-0.29,6.75
QQQ,테스트 A(역대급 등락),K=5,2008,역방향 전체,전체,3,1개월,6,0,6,9.2,11.1,66.67,33.33,23.7,-4.71,10.52
QQQ,테스트 A(역대급 등락),K=10,2008,폭등,전체,2,1일,3,0,3,-2.94,-4.25,0.0,100.0,-0.25,-4.33,2.33
QQQ,테스트 A(역대급 등락),K=10,2008,폭등,전체,2,2일,3,0,3,-4.1,-2.49,33.33,66.67,3.08,-12.89,8.11
QQQ,테스트 A(역대급 등락),K=10,2008,폭등,전체,2,3일,3,0,3,-2.26,-1.83,33.33,66.67,3.23,-8.17,5.71
QQQ,테스트 A(역대급 등락),K=10,2008,폭등,전체,2,1주,3,0,3,-1.41,-4.68,33.33,66.67,5.93,-5.49,6.38
QQQ,테스트 A(역대급 등락),K=10,2008,폭등,전체,2,2주,3,0,3,-7.86,-5.52,33.33,66.67,0.29,-18.33,9.53
QQQ,테스트 A(역대급 등락),K=10,2008,폭등,전체,2,1개월,3,0,3,-5.83,-7.88,33.33,66.67,4.71,-14.32,9.68
QQQ,테스트 A(역대급 등락),K=10,2008,폭락,전체,2,1일,4,0,4,6.09,6.5,100.0,0.0,8.47,2.88,2.49
QQQ,테스트 A(역대급 등락),K=10,2008,폭락,전체,2,2일,4,0,4,1.79,3.05,75.0,25.0,5.56,-4.52,4.49
QQQ,테스트 A(역대급 등락),K=10,2008,폭락,전체,2,3일,4,0,4,3.33,3.83,75.0,25.0,8.5,-2.83,4.75
QQQ,테스트 A(역대급 등락),K=10,2008,폭락,전체,2,1주,4,0,4,-1.73,0.11,75.0,25.0,0.69,-7.83,4.07
QQQ,테스트 A(역대급 등락),K=10,2008,폭락,전체,2,2주,4,0,4,4.6,6.04,75.0,25.0,13.43,-7.11,8.73
QQQ,테스트 A(역대급 등락),K=10,2008,폭락,전체,2,1개월,4,0,4,5.5,7.02,50.0,50.0,23.7,-15.76,17.32
QQQ,테스트 A(역대급 등락),K=10,2008,역방향 전체,전체,3,1일,7,0,7,4.74,4.33,100.0,0.0,8.47,0.25,2.78
QQQ,테스트 A(역대급 등락),K=10,2008,역방향 전체,전체,3,2일,7,0,7,2.78,2.49,71.43,28.57,12.89,-4.52,5.79
QQQ,테스트 A(역대급 등락),K=10,2008,역방향 전체,전체,3,3일,7,0,7,2.87,2.72,71.43,28.57,8.5,-3.23,4.74
QQQ,테스트 A(역대급 등락),K=10,2008,역방향 전체,전체,3,1주,7,0,7,-0.38,0.19,71.43,28.57,5.49,-7.83,4.97
QQQ,테스트 A(역대급 등락),K=10,2008,역방향 전체,전체,3,2주,7,0,7,5.99,5.52,71.43,28.57,18.33,-7.11,8.45
QQQ,테스트 A(역대급 등락),K=10,2008,역방향 전체,전체,3,1개월,7,0,7,5.64,7.88,57.14,42.86,23.7,-15.76,13.46
QQQ,테스트 A(역대급 등락),K=20,2008,폭등,전체,4,1일,7,0,7,-3.25,-3.04,14.29,85.71,1.84,-11.98,4.47
QQQ,테스트 A(역대급 등락),K=20,2008,폭등,전체,4,2일,7,0,7,-2.09,-2.46,42.86,57.14,4.49,-12.89,5.87
QQQ,테스트 A(역대급 등락),K=20,2008,폭등,전체,4,3일,7,0,7,-2.57,-1.83,42.86,57.14,3.23,-8.18,4.95
QQQ,테스트 A(역대급 등락),K=20,2008,폭등,전체,4,1주,7,0,7,-1.47,0.73,57.14,42.86,5.93,-11.25,5.97
QQQ,테스트 A(역대급 등락),K=20,2008,폭등,전체,4,2주,7,0,7,-2.04,0.29,57.14,42.86,6.94,-18.33,8.38
QQQ,테스트 A(역대급 등락),K=20,2008,폭등,전체,4,1개월,7,0,7,3.62,4.71,71.43,28.57,17.08,-14.32,11.6
QQQ,테스트 A(역대급 등락),K=20,2008,폭락,전체,3,1일,7,0,7,4.62,5.42,85.71,14.29,8.47,-0.8,3.13
QQQ,테스트 A(역대급 등락),K=20,2008,폭락,전체,3,2일,7,0,7,1.54,1.8,71.43,28.57,6.28,-4.52,4.25
QQQ,테스트 A(역대급 등락),K=20,2008,폭락,전체,3,3일,7,0,7,0.59,2.72,57.14,42.86,8.5,-8.39,5.88
QQQ,테스트 A(역대급 등락),K=20,2008,폭락,전체,3,1주,7,0,7,-0.69,0.19,71.43,28.57,11.7,-12.54,7.76
QQQ,테스트 A(역대급 등락),K=20,2008,폭락,전체,3,2주,7,0,7,1.59,3.86,57.14,42.86,13.43,-11.94,9.31
QQQ,테스트 A(역대급 등락),K=20,2008,폭락,전체,3,1개월,7,0,7,4.55,1.46,57.14,42.86,23.7,-15.76,12.85
QQQ,테스트 A(역대급 등락),K=20,2008,역방향 전체,전체,5,1일,14,0,14,3.94,3.8,85.71,14.29,11.98,-1.84,3.77
QQQ,테스트 A(역대급 등락),K=20,2008,역방향 전체,전체,5,2일,14,0,14,1.82,2.13,64.29,35.71,12.89,-4.52,4.93
QQQ,테스트 A(역대급 등락),K=20,2008,역방향 전체,전체,5,3일,14,0,14,1.58,2.27,57.14,42.86,8.5,-8.39,5.32
QQQ,테스트 A(역대급 등락),K=20,2008,역방향 전체,전체,5,1주,14,0,14,0.39,0.11,57.14,42.86,11.7,-12.54,6.74
QQQ,테스트 A(역대급 등락),K=20,2008,역방향 전체,전체,5,2주,14,0,14,1.82,1.69,50.0,50.0,18.33,-11.94,8.51
QQQ,테스트 A(역대급 등락),K=20,2008,역방향 전체,전체,5,1개월,14,0,14,0.46,-0.73,42.86,57.14,23.7,-17.08,12.5
QQQ,테스트 A(역대급 등락),K=5,2011,폭등,전체,1,1일,1,0,1,-4.25,-4.25,0.0,100.0,-4.25,-4.25,
QQQ,테스트 A(역대급 등락),K=5,2011,폭등,전체,1,2일,1,0,1,-2.49,-2.49,0.0,100.0,-2.49,-2.49,
QQQ,테스트 A(역대급 등락),K=5,2011,폭등,전체,1,3일,1,0,1,-1.83,-1.83,0.0,100.0,-1.83,-1.83,
QQQ,테스트 A(역대급 등락),K=5,2011,폭등,전체,1,1주,1,0,1,-4.68,-4.68,0.0,100.0,-4.68,-4.68,
QQQ,테스트 A(역대급 등락),K=5,2011,폭등,전체,1,2주,1,0,1,0.29,0.29,100.0,0.0,0.29,0.29,
QQQ,테스트 A(역대급 등락),K=5,2011,폭등,전체,1,1개월,1,0,1,4.71,4.71,100.0,0.0,4.71,4.71,
QQQ,테스트 A(역대급 등락),K=5,2011,폭락,전체,1,1일,2,0,2,8.03,8.03,100.0,0.0,8.47,7.58,0.63
QQQ,테스트 A(역대급 등락),K=5,2011,폭락,전체,1,2일,2,0,2,-0.11,-0.11,50.0,50.0,4.31,-4.52,6.25
QQQ,테스트 A(역대급 등락),K=5,2011,폭락,전체,1,3일,2,0,2,3.83,3.83,100.0,0.0,4.94,2.72,1.57
QQQ,테스트 A(역대급 등락),K=5,2011,폭락,전체,1,1주,2,0,2,0.44,0.44,100.0,0.0,0.69,0.19,0.35
QQQ,테스트 A(역대급 등락),K=5,2011,폭락,전체,1,2주,2,0,2,10.83,10.83,100.0,0.0,13.43,8.22,3.68
QQQ,테스트 A(역대급 등락),K=5,2011,폭락,전체,1,1개월,2,0,2,19.1,19.1,100.0,0.0,23.7,14.5,6.51
QQQ,테스트 A(역대급 등락),K=5,2011,역방향 전체,전체,2,1일,3,0,3,6.77,7.58,100.0,0.0,8.47,4.25,2.22
QQQ,테스트 A(역대급 등락),K=5,2011,역방향 전체,전체,2,2일,3,0,3,0.76,2.49,66.67,33.33,4.31,-4.52,4.66
QQQ,테스트 A(역대급 등락),K=5,2011,역방향 전체,전체,2,3일,3,0,3,3.16,2.72,100.0,0.0,4.94,1.83,1.6
QQQ,테스트 A(역대급 등락),K=5,2011,역방향 전체,전체,2,1주,3,0,3,1.85,0.69,100.0,0.0,4.68,0.19,2.46
QQQ,테스트 A(역대급 등락),K=5,2011,역방향 전체,전체,2,2주,3,0,3,7.12,8.22,66.67,33.33,13.43,-0.29,6.93
QQQ,테스트 A(역대급 등락),K=5,2011,역방향 전체,전체,2,1개월,3,0,3,11.16,14.5,66.67,33.33,23.7,-4.71,14.5
QQQ,테스트 A(역대급 등락),K=10,2011,폭등,전체,1,1일,1,0,1,-4.25,-4.25,0.0,100.0,-4.25,-4.25,
QQQ,테스트 A(역대급 등락),K=10,2011,폭등,전체,1,2일,1,0,1,-2.49,-2.49,0.0,100.0,-2.49,-2.49,
QQQ,테스트 A(역대급 등락),K=10,2011,폭등,전체,1,3일,1,0,1,-1.83,-1.83,0.0,100.0,-1.83,-1.83,
QQQ,테스트 A(역대급 등락),K=10,2011,폭등,전체,1,1주,1,0,1,-4.68,-4.68,0.0,100.0,-4.68,-4.68,
QQQ,테스트 A(역대급 등락),K=10,2011,폭등,전체,1,2주,1,0,1,0.29,0.29,100.0,0.0,0.29,0.29,
QQQ,테스트 A(역대급 등락),K=10,2011,폭등,전체,1,1개월,1,0,1,4.71,4.71,100.0,0.0,4.71,4.71,
QQQ,테스트 A(역대급 등락),K=10,2011,폭락,전체,1,1일,2,0,2,8.03,8.03,100.0,0.0,8.47,7.58,0.63
QQQ,테스트 A(역대급 등락),K=10,2011,폭락,전체,1,2일,2,0,2,-0.11,-0.11,50.0,50.0,4.31,-4.52,6.25
QQQ,테스트 A(역대급 등락),K=10,2011,폭락,전체,1,3일,2,0,2,3.83,3.83,100.0,0.0,4.94,2.72,1.57
QQQ,테스트 A(역대급 등락),K=10,2011,폭락,전체,1,1주,2,0,2,0.44,0.44,100.0,0.0,0.69,0.19,0.35
QQQ,테스트 A(역대급 등락),K=10,2011,폭락,전체,1,2주,2,0,2,10.83,10.83,100.0,0.0,13.43,8.22,3.68
QQQ,테스트 A(역대급 등락),K=10,2011,폭락,전체,1,1개월,2,0,2,19.1,19.1,100.0,0.0,23.7,14.5,6.51
QQQ,테스트 A(역대급 등락),K=10,2011,역방향 전체,전체,2,1일,3,0,3,6.77,7.58,100.0,0.0,8.47,4.25,2.22
QQQ,테스트 A(역대급 등락),K=10,2011,역방향 전체,전체,2,2일,3,0,3,0.76,2.49,66.67,33.33,4.31,-4.52,4.66
QQQ,테스트 A(역대급 등락),K=10,2011,역방향 전체,전체,2,3일,3,0,3,3.16,2.72,100.0,0.0,4.94,1.83,1.6
QQQ,테스트 A(역대급 등락),K=10,2011,역방향 전체,전체,2,1주,3,0,3,1.85,0.69,100.0,0.0,4.68,0.19,2.46
QQQ,테스트 A(역대급 등락),K=10,2011,역방향 전체,전체,2,2주,3,0,3,7.12,8.22,66.67,33.33,13.43,-0.29,6.93
QQQ,테스트 A(역대급 등락),K=10,2011,역방향 전체,전체,2,1개월,3,0,3,11.16,14.5,66.67,33.33,23.7,-4.71,14.5
QQQ,테스트 A(역대급 등락),K=20,2011,폭등,전체,3,1일,5,0,5,-3.63,-3.04,20.0,80.0,1.84,-11.98,5.21
QQQ,테스트 A(역대급 등락),K=20,2011,폭등,전체,3,2일,5,0,5,-0.96,-2.46,40.0,60.0,4.49,-5.3,3.77
QQQ,테스트 A(역대급 등락),K=20,2011,폭등,전체,3,3일,5,0,5,-2.61,-1.83,40.0,60.0,2.35,-8.18,4.53
QQQ,테스트 A(역대급 등락),K=20,2011,폭등,전체,3,1주,5,0,5,-2.14,0.73,60.0,40.0,3.67,-11.25,5.92
QQQ,테스트 A(역대급 등락),K=20,2011,폭등,전체,3,2주,5,0,5,1.92,1.47,80.0,20.0,6.94,-3.66,4.06
QQQ,테스트 A(역대급 등락),K=20,2011,폭등,전체,3,1개월,5,0,5,9.51,10.15,100.0,0.0,17.08,1.0,6.69
QQQ,테스트 A(역대급 등락),K=20,2011,폭락,전체,1,1일,3,0,3,7.17,7.58,100.0,0.0,8.47,5.45,1.56
QQQ,테스트 A(역대급 등락),K=20,2011,폭락,전체,1,2일,3,0,3,0.21,0.85,66.67,33.33,4.31,-4.52,4.45
QQQ,테스트 A(역대급 등락),K=20,2011,폭락,전체,1,3일,3,0,3,-0.25,2.72,66.67,33.33,4.94,-8.39,7.14
QQQ,테스트 A(역대급 등락),K=20,2011,폭락,전체,1,1주,3,0,3,-3.89,0.19,66.67,33.33,0.69,-12.54,7.5
QQQ,테스트 A(역대급 등락),K=20,2011,폭락,전체,1,2주,3,0,3,3.24,8.22,66.67,33.33,13.43,-11.94,13.4
QQQ,테스트 A(역대급 등락),K=20,2011,폭락,전체,1,1개월,3,0,3,13.22,14.5,100.0,0.0,23.7,1.46,11.18
QQQ,테스트 A(역대급 등락),K=20,2011,역방향 전체,전체,3,1일,8,0,8,4.96,4.85,87.5,12.5,11.98,-1.84,4.42
QQQ,테스트 A(역대급 등락),K=20,2011,역방향 전체,전체,3,2일,8,0,8,0.68,1.66,62.5,37.5,5.3,-4.52,3.73
QQQ,테스트 A(역대급 등락),K=20,2011,역방향 전체,전체,3,3일,8,0,8,1.54,2.27,62.5,37.5,8.18,-8.39,5.34
QQQ,테스트 A(역대급 등락),K=20,2011,역방향 전체,전체,3,1주,8,0,8,-0.12,-0.27,50.0,50.0,11.25,-12.54,6.77
QQQ,테스트 A(역대급 등락),K=20,2011,역방향 전체,전체,3,2주,8,0,8,0.02,-0.88,37.5,62.5,13.43,-11.94,8.24
QQQ,테스트 A(역대급 등락),K=20,2011,역방향 전체,전체,3,1개월,8,0,8,-0.99,-2.86,37.5,62.5,23.7,-17.08,14.13
QQQ,테스트 A(역대급 등락),K=5,2011,폭등,2020년대,1,1일,1,0,1,-4.25,-4.25,0.0,100.0,-4.25,-4.25,
QQQ,테스트 A(역대급 등락),K=5,2011,폭등,2020년대,1,2일,1,0,1,-2.49,-2.49,0.0,100.0,-2.49,-2.49,
QQQ,테스트 A(역대급 등락),K=5,2011,폭등,2020년대,1,3일,1,0,1,-1.83,-1.83,0.0,100.0,-1.83,-1.83,
QQQ,테스트 A(역대급 등락),K=5,2011,폭등,2020년대,1,1주,1,0,1,-4.68,-4.68,0.0,100.0,-4.68,-4.68,
QQQ,테스트 A(역대급 등락),K=5,2011,폭등,2020년대,1,2주,1,0,1,0.29,0.29,100.0,0.0,0.29,0.29,
QQQ,테스트 A(역대급 등락),K=5,2011,폭등,2020년대,1,1개월,1,0,1,4.71,4.71,100.0,0.0,4.71,4.71,
QQQ,테스트 A(역대급 등락),K=5,2011,폭락,2020년대,1,1일,2,0,2,8.03,8.03,100.0,0.0,8.47,7.58,0.63
QQQ,테스트 A(역대급 등락),K=5,2011,폭락,2020년대,1,2일,2,0,2,-0.11,-0.11,50.0,50.0,4.31,-4.52,6.25
QQQ,테스트 A(역대급 등락),K=5,2011,폭락,2020년대,1,3일,2,0,2,3.83,3.83,100.0,0.0,4.94,2.72,1.57
QQQ,테스트 A(역대급 등락),K=5,2011,폭락,2020년대,1,1주,2,0,2,0.44,0.44,100.0,0.0,0.69,0.19,0.35
QQQ,테스트 A(역대급 등락),K=5,2011,폭락,2020년대,1,2주,2,0,2,10.83,10.83,100.0,0.0,13.43,8.22,3.68
QQQ,테스트 A(역대급 등락),K=5,2011,폭락,2020년대,1,1개월,2,0,2,19.1,19.1,100.0,0.0,23.7,14.5,6.51
QQQ,테스트 A(역대급 등락),K=5,2011,역방향 전체,2020년대,2,1일,3,0,3,6.77,7.58,100.0,0.0,8.47,4.25,2.22
QQQ,테스트 A(역대급 등락),K=5,2011,역방향 전체,2020년대,2,2일,3,0,3,0.76,2.49,66.67,33.33,4.31,-4.52,4.66
QQQ,테스트 A(역대급 등락),K=5,2011,역방향 전체,2020년대,2,3일,3,0,3,3.16,2.72,100.0,0.0,4.94,1.83,1.6
QQQ,테스트 A(역대급 등락),K=5,2011,역방향 전체,2020년대,2,1주,3,0,3,1.85,0.69,100.0,0.0,4.68,0.19,2.46
QQQ,테스트 A(역대급 등락),K=5,2011,역방향 전체,2020년대,2,2주,3,0,3,7.12,8.22,66.67,33.33,13.43,-0.29,6.93
QQQ,테스트 A(역대급 등락),K=5,2011,역방향 전체,2020년대,2,1개월,3,0,3,11.16,14.5,66.67,33.33,23.7,-4.71,14.5
QQQ,테스트 A(역대급 등락),K=10,2011,폭등,2020년대,1,1일,1,0,1,-4.25,-4.25,0.0,100.0,-4.25,-4.25,
QQQ,테스트 A(역대급 등락),K=10,2011,폭등,2020년대,1,2일,1,0,1,-2.49,-2.49,0.0,100.0,-2.49,-2.49,
QQQ,테스트 A(역대급 등락),K=10,2011,폭등,2020년대,1,3일,1,0,1,-1.83,-1.83,0.0,100.0,-1.83,-1.83,
QQQ,테스트 A(역대급 등락),K=10,2011,폭등,2020년대,1,1주,1,0,1,-4.68,-4.68,0.0,100.0,-4.68,-4.68,
QQQ,테스트 A(역대급 등락),K=10,2011,폭등,2020년대,1,2주,1,0,1,0.29,0.29,100.0,0.0,0.29,0.29,
QQQ,테스트 A(역대급 등락),K=10,2011,폭등,2020년대,1,1개월,1,0,1,4.71,4.71,100.0,0.0,4.71,4.71,
QQQ,테스트 A(역대급 등락),K=10,2011,폭락,2020년대,1,1일,2,0,2,8.03,8.03,100.0,0.0,8.47,7.58,0.63
QQQ,테스트 A(역대급 등락),K=10,2011,폭락,2020년대,1,2일,2,0,2,-0.11,-0.11,50.0,50.0,4.31,-4.52,6.25
QQQ,테스트 A(역대급 등락),K=10,2011,폭락,2020년대,1,3일,2,0,2,3.83,3.83,100.0,0.0,4.94,2.72,1.57
QQQ,테스트 A(역대급 등락),K=10,2011,폭락,2020년대,1,1주,2,0,2,0.44,0.44,100.0,0.0,0.69,0.19,0.35
QQQ,테스트 A(역대급 등락),K=10,2011,폭락,2020년대,1,2주,2,0,2,10.83,10.83,100.0,0.0,13.43,8.22,3.68
QQQ,테스트 A(역대급 등락),K=10,2011,폭락,2020년대,1,1개월,2,0,2,19.1,19.1,100.0,0.0,23.7,14.5,6.51
QQQ,테스트 A(역대급 등락),K=10,2011,역방향 전체,2020년대,2,1일,3,0,3,6.77,7.58,100.0,0.0,8.47,4.25,2.22
QQQ,테스트 A(역대급 등락),K=10,2011,역방향 전체,2020년대,2,2일,3,0,3,0.76,2.49,66.67,33.33,4.31,-4.52,4.66
QQQ,테스트 A(역대급 등락),K=10,2011,역방향 전체,2020년대,2,3일,3,0,3,3.16,2.72,100.0,0.0,4.94,1.83,1.6
QQQ,테스트 A(역대급 등락),K=10,2011,역방향 전체,2020년대,2,1주,3,0,3,1.85,0.69,100.0,0.0,4.68,0.19,2.46
QQQ,테스트 A(역대급 등락),K=10,2011,역방향 전체,2020년대,2,2주,3,0,3,7.12,8.22,66.67,33.33,13.43,-0.29,6.93
QQQ,테스트 A(역대급 등락),K=10,2011,역방향 전체,2020년대,2,1개월,3,0,3,11.16,14.5,66.67,33.33,23.7,-4.71,14.5
QQQ,테스트 A(역대급 등락),K=20,2011,폭등,2020년대,3,1일,5,0,5,-3.63,-3.04,20.0,80.0,1.84,-11.98,5.21
QQQ,테스트 A(역대급 등락),K=20,2011,폭등,2020년대,3,2일,5,0,5,-0.96,-2.46,40.0,60.0,4.49,-5.3,3.77
QQQ,테스트 A(역대급 등락),K=20,2011,폭등,2020년대,3,3일,5,0,5,-2.61,-1.83,40.0,60.0,2.35,-8.18,4.53
QQQ,테스트 A(역대급 등락),K=20,2011,폭등,2020년대,3,1주,5,0,5,-2.14,0.73,60.0,40.0,3.67,-11.25,5.92
QQQ,테스트 A(역대급 등락),K=20,2011,폭등,2020년대,3,2주,5,0,5,1.92,1.47,80.0,20.0,6.94,-3.66,4.06
QQQ,테스트 A(역대급 등락),K=20,2011,폭등,2020년대,3,1개월,5,0,5,9.51,10.15,100.0,0.0,17.08,1.0,6.69
QQQ,테스트 A(역대급 등락),K=20,2011,폭락,2020년대,1,1일,3,0,3,7.17,7.58,100.0,0.0,8.47,5.45,1.56
QQQ,테스트 A(역대급 등락),K=20,2011,폭락,2020년대,1,2일,3,0,3,0.21,0.85,66.67,33.33,4.31,-4.52,4.45
QQQ,테스트 A(역대급 등락),K=20,2011,폭락,2020년대,1,3일,3,0,3,-0.25,2.72,66.67,33.33,4.94,-8.39,7.14
QQQ,테스트 A(역대급 등락),K=20,2011,폭락,2020년대,1,1주,3,0,3,-3.89,0.19,66.67,33.33,0.69,-12.54,7.5
QQQ,테스트 A(역대급 등락),K=20,2011,폭락,2020년대,1,2주,3,0,3,3.24,8.22,66.67,33.33,13.43,-11.94,13.4
QQQ,테스트 A(역대급 등락),K=20,2011,폭락,2020년대,1,1개월,3,0,3,13.22,14.5,100.0,0.0,23.7,1.46,11.18
QQQ,테스트 A(역대급 등락),K=20,2011,역방향 전체,2020년대,3,1일,8,0,8,4.96,4.85,87.5,12.5,11.98,-1.84,4.42
QQQ,테스트 A(역대급 등락),K=20,2011,역방향 전체,2020년대,3,2일,8,0,8,0.68,1.66,62.5,37.5,5.3,-4.52,3.73
QQQ,테스트 A(역대급 등락),K=20,2011,역방향 전체,2020년대,3,3일,8,0,8,1.54,2.27,62.5,37.5,8.18,-8.39,5.34
QQQ,테스트 A(역대급 등락),K=20,2011,역방향 전체,2020년대,3,1주,8,0,8,-0.12,-0.27,50.0,50.0,11.25,-12.54,6.77
QQQ,테스트 A(역대급 등락),K=20,2011,역방향 전체,2020년대,3,2주,8,0,8,0.02,-0.88,37.5,62.5,13.43,-11.94,8.24
QQQ,테스트 A(역대급 등락),K=20,2011,역방향 전체,2020년대,3,1개월,8,0,8,-0.99,-2.86,37.5,62.5,23.7,-17.08,14.13
KODEX 200,테스트 A(역대급 등락),K=5,2003,폭등,전체,10,1일,25,0,25,-1.03,-0.26,40.0,60.0,5.73,-8.93,2.96
KODEX 200,테스트 A(역대급 등락),K=5,2003,폭등,전체,10,2일,25,0,25,-0.41,-0.39,48.0,52.0,10.6,-11.74,4.26
KODEX 200,테스트 A(역대급 등락),K=5,2003,폭등,전체,10,3일,25,0,25,0.85,0.71,56.0,44.0,12.31,-12.89,4.84
KODEX 200,테스트 A(역대급 등락),K=5,2003,폭등,전체,10,1주,25,0,25,1.4,2.07,64.0,32.0,13.66,-11.88,5.96
KODEX 200,테스트 A(역대급 등락),K=5,2003,폭등,전체,10,2주,25,0,25,1.35,2.26,64.0,36.0,12.77,-24.89,7.95
KODEX 200,테스트 A(역대급 등락),K=5,2003,폭등,전체,10,1개월,25,0,25,1.56,2.6,56.0,44.0,21.58,-17.61,11.03
KODEX 200,테스트 A(역대급 등락),K=5,2003,폭락,전체,10,1일,36,0,36,0.36,0.48,55.56,38.89,10.11,-12.46,4.66
KODEX 200,테스트 A(역대급 등락),K=5,2003,폭락,전체,10,2일,36,0,36,1.14,1.39,69.44,30.56,10.2,-17.45,5.59
KODEX 200,테스트 A(역대급 등락),K=5,2003,폭락,전체,10,3일,36,0,36,1.28,1.76,61.11,38.89,13.74,-16.5,5.34
KODEX 200,테스트 A(역대급 등락),K=5,2003,폭락,전체,10,1주,36,0,36,2.78,2.24,61.11,38.89,23.77,-12.49,7.52
KODEX 200,테스트 A(역대급 등락),K=5,2003,폭락,전체,10,2주,36,0,36,2.18,2.49,55.56,41.67,24.08,-13.09,9.38
KODEX 200,테스트 A(역대급 등락),K=5,2003,폭락,전체,10,1개월,36,0,36,0.64,-0.18,47.22,52.78,26.56,-15.61,9.83
KODEX 200,테스트 A(역대급 등락),K=5,2003,역방향 전체,전체,13,1일,61,0,61,0.63,0.27,57.38,39.34,10.11,-12.46,4.03
KODEX 200,테스트 A(역대급 등락),K=5,2003,역방향 전체,전체,13,2일,61,0,61,0.84,1.03,62.3,37.7,11.74,-17.45,5.06
KODEX 200,테스트 A(역대급 등락),K=5,2003,역방향 전체,전체,13,3일,61,0,61,0.41,0.51,54.1,45.9,13.74,-16.5,5.21
KODEX 200,테스트 A(역대급 등락),K=5,2003,역방향 전체,전체,13,1주,61,0,61,1.07,-0.0,49.18,49.18,23.77,-13.66,7.18
KODEX 200,테스트 A(역대급 등락),K=5,2003,역방향 전체,전체,13,2주,61,0,61,0.73,-0.59,47.54,50.82,24.89,-13.09,8.93
KODEX 200,테스트 A(역대급 등락),K=5,2003,역방향 전체,전체,13,1개월,61,0,61,-0.26,-0.8,45.9,54.1,26.56,-21.58,10.31
KODEX 200,테스트 A(역대급 등락),K=10,2003,폭등,전체,14,1일,38,0,38,-1.07,-0.28,34.21,65.79,5.73,-8.93,2.61
KODEX 200,테스트 A(역대급 등락),K=10,2003,폭등,전체,14,2일,38,0,38,-0.45,-0.13,50.0,50.0,10.6,-11.74,3.77
KODEX 200,테스트 A(역대급 등락),K=10,2003,폭등,전체,14,3일,38,0,38,0.51,0.03,50.0,50.0,12.31,-12.89,4.53
KODEX 200,테스트 A(역대급 등락),K=10,2003,폭등,전체,14,1주,38,0,38,0.98,0.95,57.89,39.47,13.66,-11.88,5.88
KODEX 200,테스트 A(역대급 등락),K=10,2003,폭등,전체,14,2주,38,0,38,0.6,1.6,60.53,39.47,12.77,-24.89,7.33
KODEX 200,테스트 A(역대급 등락),K=10,2003,폭등,전체,14,1개월,38,0,38,2.46,3.96,60.53,39.47,36.86,-17.61,11.36
KODEX 200,테스트 A(역대급 등락),K=10,2003,폭락,전체,10,1일,49,0,49,0.44,0.27,55.1,40.82,10.11,-12.46,4.27
KODEX 200,테스트 A(역대급 등락),K=10,2003,폭락,전체,10,2일,49,0,49,1.12,1.36,67.35,32.65,10.2,-17.45,5.17
KODEX 200,테스트 A(역대급 등락),K=10,2003,폭락,전체,10,3일,49,0,49,0.81,0.71,57.14,42.86,13.74,-16.5,4.9
KODEX 200,테스트 A(역대급 등락),K=10,2003,폭락,전체,10,1주,49,0,49,1.78,0.78,53.06,44.9,23.77,-12.49,6.9
KODEX 200,테스트 A(역대급 등락),K=10,2003,폭락,전체,10,2주,49,0,49,1.36,0.89,53.06,44.9,24.08,-13.09,8.83
KODEX 200,테스트 A(역대급 등락),K=10,2003,폭락,전체,10,1개월,49,0,49,0.48,-0.1,48.98,51.02,26.56,-19.77,9.7
KODEX 200,테스트 A(역대급 등락),K=10,2003,역방향 전체,전체,16,1일,87,0,87,0.71,0.27,59.77,37.93,10.11,-12.46,3.63
KODEX 200,테스트 A(역대급 등락),K=10,2003,역방향 전체,전체,16,2일,87,0,87,0.83,0.56,59.77,40.23,11.74,-17.45,4.6
KODEX 200,테스트 A(역대급 등락),K=10,2003,역방향 전체,전체,16,3일,87,0,87,0.23,0.21,54.02,45.98,13.74,-16.5,4.76
KODEX 200,테스트 A(역대급 등락),K=10,2003,역방향 전체,전체,16,1주,87,0,87,0.57,-0.12,47.13,50.57,23.77,-13.66,6.58
KODEX 200,테스트 A(역대급 등락),K=10,2003,역방향 전체,전체,16,2주,87,0,87,0.5,-0.59,47.13,51.72,24.89,-13.09,8.22
KODEX 200,테스트 A(역대급 등락),K=10,2003,역방향 전체,전체,16,1개월,87,0,87,-0.8,-1.52,44.83,55.17,26.56,-36.86,10.5
KODEX 200,테스트 A(역대급 등락),K=20,2003,폭등,전체,19,1일,72,0,72,-0.54,-0.16,40.28,58.33,7.57,-8.93,2.63
KODEX 200,테스트 A(역대급 등락),K=20,2003,폭등,전체,19,2일,72,0,72,-0.4,0.06,50.0,48.61,10.6,-11.74,3.72
KODEX 200,테스트 A(역대급 등락),K=20,2003,폭등,전체,19,3일,72,0,72,-0.04,0.33,52.78,47.22,12.31,-12.89,4.53
KODEX 200,테스트 A(역대급 등락),K=20,2003,폭등,전체,19,1주,72,0,72,0.42,0.71,54.17,43.06,13.66,-11.88,5.14
KODEX 200,테스트 A(역대급 등락),K=20,2003,폭등,전체,19,2주,72,0,72,-0.37,0.71,54.17,45.83,12.77,-24.93,7.47
KODEX 200,테스트 A(역대급 등락),K=20,2003,폭등,전체,19,1개월,72,1,71,1.35,0.79,52.11,47.89,36.86,-23.42,9.96
KODEX 200,테스트 A(역대급 등락),K=20,2003,폭락,전체,20,1일,86,0,86,0.7,0.6,61.63,34.88,10.11,-12.46,3.77
KODEX 200,테스트 A(역대급 등락),K=20,2003,폭락,전체,20,2일,86,0,86,1.64,1.22,61.63,38.37,21.44,-17.45,5.09
KODEX 200,테스트 A(역대급 등락),K=20,2003,폭락,전체,20,3일,86,0,86,1.28,0.81,60.47,39.53,13.74,-16.5,4.64
KODEX 200,테스트 A(역대급 등락),K=20,2003,폭락,전체,20,1주,86,0,86,2.16,2.07,58.14,39.53,23.77,-12.49,6.45
KODEX 200,테스트 A(역대급 등락),K=20,2003,폭락,전체,20,2주,86,0,86,2.17,2.91,60.47,38.37,24.08,-25.15,8.54
KODEX 200,테스트 A(역대급 등락),K=20,2003,폭락,전체,20,1개월,86,0,86,2.27,1.71,56.98,43.02,26.56,-19.77,9.35
KODEX 200,테스트 A(역대급 등락),K=20,2003,역방향 전체,전체,25,1일,158,0,158,0.63,0.31,60.13,37.34,10.11,-12.46,3.29
KODEX 200,테스트 A(역대급 등락),K=20,2003,역방향 전체,전체,25,2일,158,0,158,1.07,0.55,55.7,43.67,21.44,-17.45,4.55
KODEX 200,테스트 A(역대급 등락),K=20,2003,역방향 전체,전체,25,3일,158,0,158,0.72,0.45,54.43,45.57,13.74,-16.5,4.62
KODEX 200,테스트 A(역대급 등락),K=20,2003,역방향 전체,전체,25,1주,158,0,158,0.98,0.26,51.27,46.2,23.77,-13.66,6.01
KODEX 200,테스트 A(역대급 등락),K=20,2003,역방향 전체,전체,25,2주,158,0,158,1.35,1.22,53.8,45.57,24.93,-25.15,8.1
KODEX 200,테스트 A(역대급 등락),K=20,2003,역방향 전체,전체,25,1개월,158,1,157,0.63,0.77,52.87,47.13,26.56,-36.86,9.76
KODEX 200,테스트 A(역대급 등락),K=5,2005,폭등,전체,8,1일,17,0,17,-1.32,-0.42,29.41,70.59,5.73,-8.93,3.38
KODEX 200,테스트 A(역대급 등락),K=5,2005,폭등,전체,8,2일,17,0,17,-0.63,-0.5,47.06,52.94,10.6,-11.74,4.99
KODEX 200,테스트 A(역대급 등락),K=5,2005,폭등,전체,8,3일,17,0,17,1.04,0.85,52.94,47.06,12.31,-12.89,5.64
KODEX 200,테스트 A(역대급 등락),K=5,2005,폭등,전체,8,1주,17,0,17,1.79,2.92,64.71,29.41,13.66,-11.88,6.82
KODEX 200,테스트 A(역대급 등락),K=5,2005,폭등,전체,8,2주,17,0,17,2.71,3.26,82.35,17.65,12.77,-24.89,8.94
KODEX 200,테스트 A(역대급 등락),K=5,2005,폭등,전체,8,1개월,17,0,17,2.2,4.45,58.82,41.18,21.58,-17.61,11.6
KODEX 200,테스트 A(역대급 등락),K=5,2005,폭락,전체,6,1일,19,0,19,0.54,1.15,68.42,31.58,10.11,-12.46,6.31
KODEX 200,테스트 A(역대급 등락),K=5,2005,폭락,전체,6,2일,19,0,19,0.87,1.68,73.68,26.32,10.2,-17.45,7.31
KODEX 200,테스트 A(역대급 등락),K=5,2005,폭락,전체,6,3일,19,0,19,1.54,3.07,63.16,36.84,13.74,-16.5,6.49
KODEX 200,테스트 A(역대급 등락),K=5,2005,폭락,전체,6,1주,19,0,19,4.17,4.87,63.16,36.84,23.77,-12.49,9.14
KODEX 200,테스트 A(역대급 등락),K=5,2005,폭락,전체,6,2주,19,0,19,3.51,3.75,57.89,42.11,24.08,-13.08,11.45
KODEX 200,테스트 A(역대급 등락),K=5,2005,폭락,전체,6,1개월,19,0,19,0.03,-3.06,47.37,52.63,26.56,-15.61,12.23
KODEX 200,테스트 A(역대급 등락),K=5,2005,역방향 전체,전체,9,1일,36,0,36,0.91,0.92,69.44,30.56,10.11,-12.46,5.09
KODEX 200,테스트 A(역대급 등락),K=5,2005,역방향 전체,전체,9,2일,36,0,36,0.76,0.88,63.89,36.11,11.74,-17.45,6.24
KODEX 200,테스트 A(역대급 등락),K=5,2005,역방향 전체,전체,9,3일,36,0,36,0.32,0.53,55.56,44.44,13.74,-16.5,6.16
KODEX 200,테스트 A(역대급 등락),K=5,2005,역방향 전체,전체,9,1주,36,0,36,1.36,-0.09,47.22,50.0,23.77,-13.66,8.56
KODEX 200,테스트 A(역대급 등락),K=5,2005,역방향 전체,전체,9,2주,36,0,36,0.57,-2.25,38.89,61.11,24.89,-13.08,10.67
KODEX 200,테스트 A(역대급 등락),K=5,2005,역방향 전체,전체,9,1개월,36,0,36,-1.02,-3.7,44.44,55.56,26.56,-21.58,11.82
KODEX 200,테스트 A(역대급 등락),K=10,2005,폭등,전체,10,1일,25,0,25,-1.22,-0.42,28.0,72.0,5.73,-8.93,2.97
KODEX 200,테스트 A(역대급 등락),K=10,2005,폭등,전체,10,2일,25,0,25,-0.35,0.13,52.0,48.0,10.6,-11.74,4.3
KODEX 200,테스트 A(역대급 등락),K=10,2005,폭등,전체,10,3일,25,0,25,1.29,0.85,52.0,48.0,12.31,-12.89,4.95
KODEX 200,테스트 A(역대급 등락),K=10,2005,폭등,전체,10,1주,25,0,25,2.12,2.92,64.0,32.0,13.66,-11.88,6.25
KODEX 200,테스트 A(역대급 등락),K=10,2005,폭등,전체,10,2주,25,0,25,2.6,2.86,80.0,20.0,12.77,-24.89,7.58
KODEX 200,테스트 A(역대급 등락),K=10,2005,폭등,전체,10,1개월,25,0,25,4.28,5.51,68.0,32.0,36.86,-17.61,12.21
KODEX 200,테스트 A(역대급 등락),K=10,2005,폭락,전체,7,1일,26,0,26,1.02,1.42,69.23,30.77,10.11,-12.46,5.61
KODEX 200,테스트 A(역대급 등락),K=10,2005,폭락,전체,7,2일,26,0,26,1.73,2.08,80.77,19.23,10.2,-17.45,6.45
KODEX 200,테스트 A(역대급 등락),K=10,2005,폭락,전체,7,3일,26,0,26,1.45,0.79,65.38,34.62,13.74,-16.5,5.62
KODEX 200,테스트 A(역대급 등락),K=10,2005,폭락,전체,7,1주,26,0,26,3.14,2.96,57.69,38.46,23.77,-12.49,8.14
KODEX 200,테스트 A(역대급 등락),K=10,2005,폭락,전체,7,2주,26,0,26,2.72,3.6,61.54,38.46,24.08,-13.08,10.5
KODEX 200,테스트 A(역대급 등락),K=10,2005,폭락,전체,7,1개월,26,0,26,0.8,2.08,57.69,42.31,26.56,-19.77,11.94
KODEX 200,테스트 A(역대급 등락),K=10,2005,역방향 전체,전체,12,1일,51,0,51,1.12,1.08,70.59,29.41,10.11,-12.46,4.47
KODEX 200,테스트 A(역대급 등락),K=10,2005,역방향 전체,전체,12,2일,51,0,51,1.05,1.21,64.71,35.29,11.74,-17.45,5.49
KODEX 200,테스트 A(역대급 등락),K=10,2005,역방향 전체,전체,12,3일,51,0,51,0.11,0.21,56.86,43.14,13.74,-16.5,5.43
KODEX 200,테스트 A(역대급 등락),K=10,2005,역방향 전체,전체,12,1주,51,0,51,0.56,-0.19,45.1,50.98,23.77,-13.66,7.68
KODEX 200,테스트 A(역대급 등락),K=10,2005,역방향 전체,전체,12,2주,51,0,51,0.12,-2.07,41.18,58.82,24.89,-13.08,9.48
KODEX 200,테스트 A(역대급 등락),K=10,2005,역방향 전체,전체,12,1개월,51,0,51,-1.69,-3.48,45.1,54.9,26.56,-36.86,12.23
KODEX 200,테스트 A(역대급 등락),K=20,2005,폭등,전체,14,1일,40,0,40,-0.7,-0.29,32.5,67.5,7.57,-8.93,3.05
KODEX 200,테스트 A(역대급 등락),K=20,2005,폭등,전체,14,2일,40,0,40,-0.53,-0.44,47.5,52.5,10.6,-11.74,4.38
KODEX 200,테스트 A(역대급 등락),K=20,2005,폭등,전체,14,3일,40,0,40,0.23,-0.19,47.5,52.5,12.31,-12.89,5.28
KODEX 200,테스트 A(역대급 등락),K=20,2005,폭등,전체,14,1주,40,0,40,1.13,0.8,57.5,40.0,13.66,-11.88,5.91
KODEX 200,테스트 A(역대급 등락),K=20,2005,폭등,전체,14,2주,40,0,40,0.53,2.15,67.5,32.5,12.77,-24.93,8.84
KODEX 200,테스트 A(역대급 등락),K=20,2005,폭등,전체,14,1개월,40,1,39,3.09,4.11,58.97,41.03,36.86,-23.42,11.5
KODEX 200,테스트 A(역대급 등락),K=20,2005,폭락,전체,15,1일,48,0,48,1.18,1.38,70.83,29.17,10.11,-12.46,4.79
KODEX 200,테스트 A(역대급 등락),K=20,2005,폭락,전체,15,2일,48,0,48,2.66,2.45,75.0,25.0,21.44,-17.45,6.18
KODEX 200,테스트 A(역대급 등락),K=20,2005,폭락,전체,15,3일,48,0,48,2.11,2.5,68.75,31.25,13.74,-16.5,5.24
KODEX 200,테스트 A(역대급 등락),K=20,2005,폭락,전체,15,1주,48,0,48,3.56,4.48,66.67,31.25,23.77,-12.49,7.25
KODEX 200,테스트 A(역대급 등락),K=20,2005,폭락,전체,15,2주,48,0,48,3.65,3.94,68.75,31.25,24.08,-25.15,9.94
KODEX 200,테스트 A(역대급 등락),K=20,2005,폭락,전체,15,1개월,48,0,48,3.77,3.25,68.75,31.25,26.56,-19.77,10.75
KODEX 200,테스트 A(역대급 등락),K=20,2005,역방향 전체,전체,20,1일,88,0,88,0.96,0.88,69.32,30.68,10.11,-12.46,4.08
KODEX 200,테스트 A(역대급 등락),K=20,2005,역방향 전체,전체,20,2일,88,0,88,1.69,1.32,64.77,35.23,21.44,-17.45,5.51
KODEX 200,테스트 A(역대급 등락),K=20,2005,역방향 전체,전체,20,3일,88,0,88,1.04,0.72,61.36,38.64,13.74,-16.5,5.36
KODEX 200,테스트 A(역대급 등락),K=20,2005,역방향 전체,전체,20,1주,88,0,88,1.43,1.66,54.55,43.18,23.77,-13.66,7.04
KODEX 200,테스트 A(역대급 등락),K=20,2005,역방향 전체,전체,20,2주,88,0,88,1.75,0.92,52.27,47.73,24.93,-25.15,9.64
KODEX 200,테스트 A(역대급 등락),K=20,2005,역방향 전체,전체,20,1개월,88,1,87,0.69,1.51,56.32,43.68,26.56,-36.86,11.55
KODEX 200,테스트 A(역대급 등락),K=5,2008,폭등,전체,5,1일,14,0,14,-1.59,-1.05,28.57,71.43,5.73,-8.93,3.68
KODEX 200,테스트 A(역대급 등락),K=5,2008,폭등,전체,5,2일,14,0,14,-0.74,-0.18,50.0,50.0,10.6,-11.74,5.5
KODEX 200,테스트 A(역대급 등락),K=5,2008,폭등,전체,5,3일,14,0,14,0.96,0.71,50.0,50.0,12.31,-12.89,6.19
KODEX 200,테스트 A(역대급 등락),K=5,2008,폭등,전체,5,1주,14,0,14,1.69,1.93,64.29,35.71,13.66,-11.88,7.52
KODEX 200,테스트 A(역대급 등락),K=5,2008,폭등,전체,5,2주,14,0,14,2.3,3.04,78.57,21.43,12.77,-24.89,9.78
KODEX 200,테스트 A(역대급 등락),K=5,2008,폭등,전체,5,1개월,14,0,14,1.59,0.32,50.0,50.0,21.58,-17.61,12.78
KODEX 200,테스트 A(역대급 등락),K=5,2008,폭락,전체,5,1일,16,0,16,0.67,1.96,68.75,31.25,10.11,-12.46,6.84
KODEX 200,테스트 A(역대급 등락),K=5,2008,폭락,전체,5,2일,16,0,16,0.79,1.73,68.75,31.25,10.2,-17.45,8.0
KODEX 200,테스트 A(역대급 등락),K=5,2008,폭락,전체,5,3일,16,0,16,2.25,3.46,68.75,31.25,13.74,-16.5,6.74
KODEX 200,테스트 A(역대급 등락),K=5,2008,폭락,전체,5,1주,16,0,16,4.94,5.87,68.75,31.25,23.77,-12.49,9.64
KODEX 200,테스트 A(역대급 등락),K=5,2008,폭락,전체,5,2주,16,0,16,3.93,3.79,62.5,37.5,24.08,-13.08,12.28
KODEX 200,테스트 A(역대급 등락),K=5,2008,폭락,전체,5,1개월,16,0,16,-0.48,-4.73,43.75,56.25,26.56,-15.61,13.14
KODEX 200,테스트 A(역대급 등락),K=5,2008,역방향 전체,전체,6,1일,30,0,30,1.1,1.39,70.0,30.0,10.11,-12.46,5.52
KODEX 200,테스트 A(역대급 등락),K=5,2008,역방향 전체,전체,6,2일,30,0,30,0.77,0.86,60.0,40.0,11.74,-17.45,6.83
KODEX 200,테스트 A(역대급 등락),K=5,2008,역방향 전체,전체,6,3일,30,0,30,0.75,1.15,60.0,40.0,13.74,-16.5,6.58
KODEX 200,테스트 A(역대급 등락),K=5,2008,역방향 전체,전체,6,1주,30,0,30,1.85,1.94,53.33,46.67,23.77,-13.66,9.2
KODEX 200,테스트 A(역대급 등락),K=5,2008,역방향 전체,전체,6,2주,30,0,30,1.02,-1.69,43.33,56.67,24.89,-13.08,11.44
KODEX 200,테스트 A(역대급 등락),K=5,2008,역방향 전체,전체,6,1개월,30,0,30,-0.99,-2.92,46.67,53.33,26.56,-21.58,12.76
KODEX 200,테스트 A(역대급 등락),K=10,2008,폭등,전체,7,1일,22,0,22,-1.38,-0.78,27.27,72.73,5.73,-8.93,3.14
KODEX 200,테스트 A(역대급 등락),K=10,2008,폭등,전체,7,2일,22,0,22,-0.38,0.23,54.55,45.45,10.6,-11.74,4.57
KODEX 200,테스트 A(역대급 등락),K=10,2008,폭등,전체,7,3일,22,0,22,1.27,0.58,50.0,50.0,12.31,-12.89,5.24
KODEX 200,테스트 A(역대급 등락),K=10,2008,폭등,전체,7,1주,22,0,22,2.1,1.96,63.64,36.36,13.66,-11.88,6.66
KODEX 200,테스트 A(역대급 등락),K=10,2008,폭등,전체,7,2주,22,0,22,2.32,2.57,77.27,22.73,12.77,-24.89,8.0
KODEX 200,테스트 A(역대급 등락),K=10,2008,폭등,전체,7,1개월,22,0,22,4.17,5.72,63.64,36.36,36.86,-17.61,13.05
KODEX 200,테스트 A(역대급 등락),K=10,2008,폭락,전체,6,1일,22,0,22,1.24,2.43,72.73,27.27,10.11,-12.46,6.04
KODEX 200,테스트 A(역대급 등락),K=10,2008,폭락,전체,6,2일,22,0,22,1.81,3.39,77.27,22.73,10.2,-17.45,7.03
KODEX 200,테스트 A(역대급 등락),K=10,2008,폭락,전체,6,3일,22,0,22,2.02,1.96,72.73,27.27,13.74,-16.5,5.83
KODEX 200,테스트 A(역대급 등락),K=10,2008,폭락,전체,6,1주,22,0,22,3.59,3.88,59.09,36.36,23.77,-12.49,8.66
KODEX 200,테스트 A(역대급 등락),K=10,2008,폭락,전체,6,2주,22,0,22,3.39,3.69,68.18,31.82,24.08,-13.08,11.03
KODEX 200,테스트 A(역대급 등락),K=10,2008,폭락,전체,6,1개월,22,0,22,0.48,1.86,54.55,45.45,26.56,-19.77,12.86
KODEX 200,테스트 A(역대급 등락),K=10,2008,역방향 전체,전체,9,1일,44,0,44,1.31,1.43,72.73,27.27,10.11,-12.46,4.76
KODEX 200,테스트 A(역대급 등락),K=10,2008,역방향 전체,전체,9,2일,44,0,44,1.1,0.89,61.36,38.64,11.74,-17.45,5.9
KODEX 200,테스트 A(역대급 등락),K=10,2008,역방향 전체,전체,9,3일,44,0,44,0.38,0.59,61.36,38.64,13.74,-16.5,5.73
KODEX 200,테스트 A(역대급 등락),K=10,2008,역방향 전체,전체,9,1주,44,0,44,0.74,-0.09,47.73,50.0,23.77,-13.66,8.16
KODEX 200,테스트 A(역대급 등락),K=10,2008,역방향 전체,전체,9,2주,44,0,44,0.53,-0.95,45.45,54.55,24.89,-13.08,9.95
KODEX 200,테스트 A(역대급 등락),K=10,2008,역방향 전체,전체,9,1개월,44,0,44,-1.85,-3.91,45.45,54.55,26.56,-36.86,13.02
KODEX 200,테스트 A(역대급 등락),K=20,2008,폭등,전체,9,1일,34,0,34,-0.77,-0.29,35.29,64.71,7.57,-8.93,3.31
KODEX 200,테스트 A(역대급 등락),K=20,2008,폭등,전체,9,2일,34,0,34,-0.5,-0.13,50.0,50.0,10.6,-11.74,4.71
KODEX 200,테스트 A(역대급 등락),K=20,2008,폭등,전체,9,3일,34,0,34,0.15,-0.36,44.12,55.88,12.31,-12.89,5.67
KODEX 200,테스트 A(역대급 등락),K=20,2008,폭등,전체,9,1주,34,0,34,1.04,0.71,55.88,44.12,13.66,-11.88,6.36
KODEX 200,테스트 A(역대급 등락),K=20,2008,폭등,전체,9,2주,34,0,34,-0.08,0.95,61.76,38.24,12.77,-24.93,9.42
KODEX 200,테스트 A(역대급 등락),K=20,2008,폭등,전체,9,1개월,34,1,33,3.1,3.48,54.55,45.45,36.86,-23.42,12.48
KODEX 200,테스트 A(역대급 등락),K=20,2008,폭락,전체,11,1일,41,0,41,1.32,1.68,70.73,29.27,10.11,-12.46,5.13
KODEX 200,테스트 A(역대급 등락),K=20,2008,폭락,전체,11,2일,41,0,41,2.93,3.22,73.17,26.83,21.44,-17.45,6.66
KODEX 200,테스트 A(역대급 등락),K=20,2008,폭락,전체,11,3일,41,0,41,2.64,3.5,75.61,24.39,13.74,-16.5,5.37
KODEX 200,테스트 A(역대급 등락),K=20,2008,폭락,전체,11,1주,41,0,41,3.92,4.69,68.29,29.27,23.77,-12.49,7.64
KODEX 200,테스트 A(역대급 등락),K=20,2008,폭락,전체,11,2주,41,0,41,4.19,4.23,70.73,29.27,24.08,-25.15,10.47
KODEX 200,테스트 A(역대급 등락),K=20,2008,폭락,전체,11,1개월,41,0,41,4.11,4.34,70.73,29.27,26.56,-19.77,11.51
KODEX 200,테스트 A(역대급 등락),K=20,2008,역방향 전체,전체,13,1일,75,0,75,1.07,1.08,68.0,32.0,10.11,-12.46,4.38
KODEX 200,테스트 A(역대급 등락),K=20,2008,역방향 전체,전체,13,2일,75,0,75,1.83,1.4,62.67,37.33,21.44,-17.45,5.94
KODEX 200,테스트 A(역대급 등락),K=20,2008,역방향 전체,전체,13,3일,75,0,75,1.37,0.84,66.67,33.33,13.74,-16.5,5.64
KODEX 200,테스트 A(역대급 등락),K=20,2008,역방향 전체,전체,13,1주,75,0,75,1.67,2.89,57.33,41.33,23.77,-13.66,7.47
KODEX 200,테스트 A(역대급 등락),K=20,2008,역방향 전체,전체,13,2주,75,0,75,2.33,2.13,56.0,44.0,24.93,-25.15,10.16
KODEX 200,테스트 A(역대급 등락),K=20,2008,역방향 전체,전체,13,1개월,75,1,74,0.89,1.66,59.46,40.54,26.56,-36.86,12.4
KODEX 200,테스트 A(역대급 등락),K=5,2011,폭등,전체,3,1일,6,0,6,-2.09,-2.43,33.33,66.67,5.73,-8.93,5.41
KODEX 200,테스트 A(역대급 등락),K=5,2011,폭등,전체,3,2일,6,0,6,-2.08,-2.43,33.33,66.67,3.68,-7.8,4.68
KODEX 200,테스트 A(역대급 등락),K=5,2011,폭등,전체,3,3일,6,0,6,0.92,-0.66,33.33,66.67,8.76,-4.15,5.36
KODEX 200,테스트 A(역대급 등락),K=5,2011,폭등,전체,3,1주,6,0,6,2.47,3.81,66.67,33.33,9.22,-9.86,7.35
KODEX 200,테스트 A(역대급 등락),K=5,2011,폭등,전체,3,2주,6,0,6,7.9,9.26,100.0,0.0,12.77,1.14,4.53
KODEX 200,테스트 A(역대급 등락),K=5,2011,폭등,전체,3,1개월,6,0,6,9.05,10.48,66.67,33.33,21.58,-3.58,10.13
KODEX 200,테스트 A(역대급 등락),K=5,2011,폭락,전체,4,1일,8,0,8,1.93,3.39,75.0,25.0,10.11,-12.46,7.83
KODEX 200,테스트 A(역대급 등락),K=5,2011,폭락,전체,4,2일,8,0,8,3.14,4.33,75.0,25.0,10.09,-8.4,6.5
KODEX 200,테스트 A(역대급 등락),K=5,2011,폭락,전체,4,3일,8,0,8,4.43,3.51,87.5,12.5,13.74,-3.63,5.52
KODEX 200,테스트 A(역대급 등락),K=5,2011,폭락,전체,4,1주,8,0,8,6.31,5.92,75.0,25.0,14.85,-4.39,6.74
KODEX 200,테스트 A(역대급 등락),K=5,2011,폭락,전체,4,2주,8,0,8,6.52,7.39,62.5,37.5,24.08,-12.08,12.95
KODEX 200,테스트 A(역대급 등락),K=5,2011,폭락,전체,4,1개월,8,0,8,3.29,3.24,62.5,37.5,26.56,-14.75,12.69
KODEX 200,테스트 A(역대급 등락),K=5,2011,역방향 전체,전체,4,1일,14,0,14,2.0,3.39,71.43,28.57,10.11,-12.46,6.66
KODEX 200,테스트 A(역대급 등락),K=5,2011,역방향 전체,전체,4,2일,14,0,14,2.69,3.23,71.43,28.57,10.09,-8.4,5.61
KODEX 200,테스트 A(역대급 등락),K=5,2011,역방향 전체,전체,4,3일,14,0,14,2.14,3.25,78.57,21.43,13.74,-8.76,5.92
KODEX 200,테스트 A(역대급 등락),K=5,2011,역방향 전체,전체,4,1주,14,0,14,2.54,2.39,57.14,42.86,14.85,-9.22,8.1
KODEX 200,테스트 A(역대급 등락),K=5,2011,역방향 전체,전체,4,2주,14,0,14,0.34,-3.1,35.71,64.29,24.08,-12.77,12.37
KODEX 200,테스트 A(역대급 등락),K=5,2011,역방향 전체,전체,4,1개월,14,0,14,-2.0,-2.13,50.0,50.0,26.56,-21.58,12.9
KODEX 200,테스트 A(역대급 등락),K=10,2011,폭등,전체,5,1일,14,0,14,-1.48,-0.69,28.57,71.43,5.73,-8.93,3.71
KODEX 200,테스트 A(역대급 등락),K=10,2011,폭등,전체,5,2일,14,0,14,-0.75,-0.03,50.0,50.0,3.68,-7.8,3.61
KODEX 200,테스트 A(역대급 등락),K=10,2011,폭등,전체,5,3일,14,0,14,1.43,-0.19,42.86,57.14,8.76,-4.15,4.13
KODEX 200,테스트 A(역대급 등락),K=10,2011,폭등,전체,5,1주,14,0,14,2.68,2.42,64.29,35.71,9.55,-9.86,5.94
KODEX 200,테스트 A(역대급 등락),K=10,2011,폭등,전체,5,2주,14,0,14,4.73,3.71,85.71,14.29,12.77,-2.84,4.86
KODEX 200,테스트 A(역대급 등락),K=10,2011,폭등,전체,5,1개월,14,0,14,8.85,7.21,78.57,21.43,36.86,-10.19,11.48
KODEX 200,테스트 A(역대급 등락),K=10,2011,폭락,전체,4,1일,13,0,13,2.3,3.06,76.92,23.08,10.11,-12.46,6.3
KODEX 200,테스트 A(역대급 등락),K=10,2011,폭락,전체,4,2일,13,0,13,3.77,5.11,84.62,15.38,10.09,-8.4,5.16
KODEX 200,테스트 A(역대급 등락),K=10,2011,폭락,전체,4,3일,13,0,13,3.32,3.07,84.62,15.38,13.74,-3.63,4.73
KODEX 200,테스트 A(역대급 등락),K=10,2011,폭락,전체,4,1주,13,0,13,3.88,4.34,61.54,38.46,14.85,-4.72,6.55
KODEX 200,테스트 A(역대급 등락),K=10,2011,폭락,전체,4,2주,13,0,13,4.73,3.75,69.23,30.77,24.08,-12.08,11.24
KODEX 200,테스트 A(역대급 등락),K=10,2011,폭락,전체,4,1개월,13,0,13,3.37,4.34,69.23,30.77,26.56,-19.77,12.75
KODEX 200,테스트 A(역대급 등락),K=10,2011,역방향 전체,전체,7,1일,27,0,27,1.87,1.94,74.07,25.93,10.11,-12.46,5.04
KODEX 200,테스트 A(역대급 등락),K=10,2011,역방향 전체,전체,7,2일,27,0,27,2.21,1.94,66.67,33.33,10.09,-8.4,4.6
KODEX 200,테스트 A(역대급 등락),K=10,2011,역방향 전체,전체,7,3일,27,0,27,0.86,0.66,70.37,29.63,13.74,-8.76,4.97
KODEX 200,테스트 A(역대급 등락),K=10,2011,역방향 전체,전체,7,1주,27,0,27,0.48,-0.19,48.15,51.85,14.85,-9.55,6.97
KODEX 200,테스트 A(역대급 등락),K=10,2011,역방향 전체,전체,7,2주,27,0,27,-0.18,-2.07,40.74,59.26,24.08,-12.77,9.66
KODEX 200,테스트 A(역대급 등락),K=10,2011,역방향 전체,전체,7,1개월,27,0,27,-2.96,-5.12,44.44,55.56,26.56,-36.86,13.4
KODEX 200,테스트 A(역대급 등락),K=20,2011,폭등,전체,6,1일,22,0,22,-0.99,-0.49,36.36,63.64,7.57,-8.93,3.82
KODEX 200,테스트 A(역대급 등락),K=20,2011,폭등,전체,6,2일,22,0,22,-1.18,-0.98,40.91,59.09,9.81,-10.83,4.44
KODEX 200,테스트 A(역대급 등락),K=20,2011,폭등,전체,6,3일,22,0,22,-0.46,-0.73,31.82,68.18,9.99,-10.8,5.64
KODEX 200,테스트 A(역대급 등락),K=20,2011,폭등,전체,6,1주,22,0,22,1.3,0.46,54.55,45.45,13.11,-9.86,6.33
KODEX 200,테스트 A(역대급 등락),K=20,2011,폭등,전체,6,2주,22,0,22,0.76,1.6,68.18,31.82,12.77,-24.93,9.29
KODEX 200,테스트 A(역대급 등락),K=20,2011,폭등,전체,6,1개월,22,1,21,6.22,5.98,66.67,33.33,36.86,-23.42,12.78
KODEX 200,테스트 A(역대급 등락),K=20,2011,폭락,전체,7,1일,25,0,25,1.67,2.22,64.0,36.0,10.11,-12.46,5.62
KODEX 200,테스트 A(역대급 등락),K=20,2011,폭락,전체,7,2일,25,0,25,4.38,4.3,76.0,24.0,21.44,-8.4,6.13
KODEX 200,테스트 A(역대급 등락),K=20,2011,폭락,전체,7,3일,25,0,25,3.52,3.59,80.0,20.0,13.74,-6.07,4.96
KODEX 200,테스트 A(역대급 등락),K=20,2011,폭락,전체,7,1주,25,0,25,5.0,4.95,72.0,28.0,16.4,-4.72,6.09
KODEX 200,테스트 A(역대급 등락),K=20,2011,폭락,전체,7,2주,25,0,25,6.65,5.22,76.0,24.0,24.08,-12.08,9.64
KODEX 200,테스트 A(역대급 등락),K=20,2011,폭락,전체,7,1개월,25,0,25,7.2,7.36,80.0,20.0,26.56,-19.77,11.35
KODEX 200,테스트 A(역대급 등락),K=20,2011,역방향 전체,전체,8,1일,47,0,47,1.35,1.08,63.83,36.17,10.11,-12.46,4.82
KODEX 200,테스트 A(역대급 등락),K=20,2011,역방향 전체,전체,8,2일,47,0,47,2.88,2.81,68.09,31.91,21.44,-9.81,5.59
KODEX 200,테스트 A(역대급 등락),K=20,2011,역방향 전체,전체,8,3일,47,0,47,2.08,1.64,74.47,25.53,13.74,-9.99,5.45
KODEX 200,테스트 A(역대급 등락),K=20,2011,역방향 전체,전체,8,1주,47,0,47,2.05,3.0,59.57,40.43,16.4,-13.11,6.91
KODEX 200,테스트 A(역대급 등락),K=20,2011,역방향 전체,전체,8,2주,47,0,47,3.18,1.54,55.32,44.68,24.93,-12.77,10.09
KODEX 200,테스트 A(역대급 등락),K=20,2011,역방향 전체,전체,8,1개월,47,1,46,1.07,2.32,58.7,41.3,26.56,-36.86,13.67
KODEX 200,테스트 A(역대급 등락),K=10,2011,폭등,2010년대,1,1일,1,0,1,-1.08,-1.08,0.0,100.0,-1.08,-1.08,
KODEX 200,테스트 A(역대급 등락),K=10,2011,폭등,2010년대,1,2일,1,0,1,1.76,1.76,100.0,0.0,1.76,1.76,
KODEX 200,테스트 A(역대급 등락),K=10,2011,폭등,2010년대,1,3일,1,0,1,1.85,1.85,100.0,0.0,1.85,1.85,
KODEX 200,테스트 A(역대급 등락),K=10,2011,폭등,2010년대,1,1주,1,0,1,-3.48,-3.48,0.0,100.0,-3.48,-3.48,
KODEX 200,테스트 A(역대급 등락),K=10,2011,폭등,2010년대,1,2주,1,0,1,4.74,4.74,100.0,0.0,4.74,4.74,
KODEX 200,테스트 A(역대급 등락),K=10,2011,폭등,2010년대,1,1개월,1,0,1,11.45,11.45,100.0,0.0,11.45,11.45,
KODEX 200,테스트 A(역대급 등락),K=10,2011,폭락,2010년대,1,1일,1,0,1,-1.8,-1.8,0.0,100.0,-1.8,-1.8,
KODEX 200,테스트 A(역대급 등락),K=10,2011,폭락,2010년대,1,2일,1,0,1,1.87,1.87,100.0,0.0,1.87,1.87,
KODEX 200,테스트 A(역대급 등락),K=10,2011,폭락,2010년대,1,3일,1,0,1,0.73,0.73,100.0,0.0,0.73,0.73,
KODEX 200,테스트 A(역대급 등락),K=10,2011,폭락,2010년대,1,1주,1,0,1,2.34,2.34,100.0,0.0,2.34,2.34,
KODEX 200,테스트 A(역대급 등락),K=10,2011,폭락,2010년대,1,2주,1,0,1,7.07,7.07,100.0,0.0,7.07,7.07,
KODEX 200,테스트 A(역대급 등락),K=10,2011,폭락,2010년대,1,1개월,1,0,1,7.36,7.36,100.0,0.0,7.36,7.36,
KODEX 200,테스트 A(역대급 등락),K=10,2011,역방향 전체,2010년대,2,1일,2,0,2,-0.36,-0.36,50.0,50.0,1.08,-1.8,2.04
KODEX 200,테스트 A(역대급 등락),K=10,2011,역방향 전체,2010년대,2,2일,2,0,2,0.05,0.05,50.0,50.0,1.87,-1.76,2.57
KODEX 200,테스트 A(역대급 등락),K=10,2011,역방향 전체,2010년대,2,3일,2,0,2,-0.56,-0.56,50.0,50.0,0.73,-1.85,1.83
KODEX 200,테스트 A(역대급 등락),K=10,2011,역방향 전체,2010년대,2,1주,2,0,2,2.91,2.91,100.0,0.0,3.48,2.34,0.81
KODEX 200,테스트 A(역대급 등락),K=10,2011,역방향 전체,2010년대,2,2주,2,0,2,1.17,1.17,50.0,50.0,7.07,-4.74,8.35
KODEX 200,테스트 A(역대급 등락),K=10,2011,역방향 전체,2010년대,2,1개월,2,0,2,-2.05,-2.05,50.0,50.0,7.36,-11.45,13.31
KODEX 200,테스트 A(역대급 등락),K=20,2011,폭등,2010년대,1,1일,2,0,2,-0.22,-0.22,50.0,50.0,0.64,-1.08,1.21
KODEX 200,테스트 A(역대급 등락),K=20,2011,폭등,2010년대,1,2일,2,0,2,0.18,0.18,50.0,50.0,1.76,-1.4,2.24
KODEX 200,테스트 A(역대급 등락),K=20,2011,폭등,2010년대,1,3일,2,0,2,-2.79,-2.79,50.0,50.0,1.85,-7.43,6.57
KODEX 200,테스트 A(역대급 등락),K=20,2011,폭등,2010년대,1,1주,2,0,2,-4.59,-4.59,0.0,100.0,-3.48,-5.7,1.57
KODEX 200,테스트 A(역대급 등락),K=20,2011,폭등,2010년대,1,2주,2,0,2,1.6,1.6,50.0,50.0,4.74,-1.54,4.44
KODEX 200,테스트 A(역대급 등락),K=20,2011,폭등,2010년대,1,1개월,2,0,2,4.91,4.91,50.0,50.0,11.45,-1.63,9.25
KODEX 200,테스트 A(역대급 등락),K=20,2011,폭락,2010년대,2,1일,4,0,4,-0.65,-1.3,25.0,75.0,2.22,-2.2,2.0
KODEX 200,테스트 A(역대급 등락),K=20,2011,폭락,2010년대,2,2일,4,0,4,3.13,3.13,100.0,0.0,4.4,1.87,1.04
KODEX 200,테스트 A(역대급 등락),K=20,2011,폭락,2010년대,2,3일,4,0,4,2.54,2.82,100.0,0.0,3.77,0.73,1.48
KODEX 200,테스트 A(역대급 등락),K=20,2011,폭락,2010년대,2,1주,4,0,4,2.3,2.79,75.0,25.0,4.95,-1.35,2.66
KODEX 200,테스트 A(역대급 등락),K=20,2011,폭락,2010년대,2,2주,4,0,4,3.85,5.04,75.0,25.0,7.07,-1.76,3.86
KODEX 200,테스트 A(역대급 등락),K=20,2011,폭락,2010년대,2,1개월,4,0,4,5.94,5.2,100.0,0.0,12.73,0.61,5.32
KODEX 200,테스트 A(역대급 등락),K=20,2011,역방향 전체,2010년대,2,1일,6,0,6,-0.36,-0.72,33.33,66.67,2.22,-2.2,1.7
KODEX 200,테스트 A(역대급 등락),K=20,2011,역방향 전체,2010년대,2,2일,6,0,6,2.03,2.46,83.33,16.67,4.4,-1.76,2.14
KODEX 200,테스트 A(역대급 등락),K=20,2011,역방향 전체,2010년대,2,3일,6,0,6,2.62,2.82,83.33,16.67,7.43,-1.85,3.15
KODEX 200,테스트 A(역대급 등락),K=20,2011,역방향 전체,2010년대,2,1주,6,0,6,3.06,3.36,83.33,16.67,5.7,-1.35,2.48
KODEX 200,테스트 A(역대급 등락),K=20,2011,역방향 전체,2010년대,2,2주,6,0,6,2.04,3.21,66.67,33.33,7.07,-4.74,4.56
KODEX 200,테스트 A(역대급 등락),K=20,2011,역방향 전체,2010년대,2,1개월,6,0,6,2.32,2.33,83.33,16.67,12.73,-11.45,8.09
KODEX 200,테스트 A(역대급 등락),K=5,2011,폭등,2020년대,3,1일,6,0,6,-2.09,-2.43,33.33,66.67,5.73,-8.93,5.41
KODEX 200,테스트 A(역대급 등락),K=5,2011,폭등,2020년대,3,2일,6,0,6,-2.08,-2.43,33.33,66.67,3.68,-7.8,4.68
KODEX 200,테스트 A(역대급 등락),K=5,2011,폭등,2020년대,3,3일,6,0,6,0.92,-0.66,33.33,66.67,8.76,-4.15,5.36
KODEX 200,테스트 A(역대급 등락),K=5,2011,폭등,2020년대,3,1주,6,0,6,2.47,3.81,66.67,33.33,9.22,-9.86,7.35
KODEX 200,테스트 A(역대급 등락),K=5,2011,폭등,2020년대,3,2주,6,0,6,7.9,9.26,100.0,0.0,12.77,1.14,4.53
KODEX 200,테스트 A(역대급 등락),K=5,2011,폭등,2020년대,3,1개월,6,0,6,9.05,10.48,66.67,33.33,21.58,-3.58,10.13
KODEX 200,테스트 A(역대급 등락),K=5,2011,폭락,2020년대,4,1일,8,0,8,1.93,3.39,75.0,25.0,10.11,-12.46,7.83
KODEX 200,테스트 A(역대급 등락),K=5,2011,폭락,2020년대,4,2일,8,0,8,3.14,4.33,75.0,25.0,10.09,-8.4,6.5
KODEX 200,테스트 A(역대급 등락),K=5,2011,폭락,2020년대,4,3일,8,0,8,4.43,3.51,87.5,12.5,13.74,-3.63,5.52
KODEX 200,테스트 A(역대급 등락),K=5,2011,폭락,2020년대,4,1주,8,0,8,6.31,5.92,75.0,25.0,14.85,-4.39,6.74
KODEX 200,테스트 A(역대급 등락),K=5,2011,폭락,2020년대,4,2주,8,0,8,6.52,7.39,62.5,37.5,24.08,-12.08,12.95
KODEX 200,테스트 A(역대급 등락),K=5,2011,폭락,2020년대,4,1개월,8,0,8,3.29,3.24,62.5,37.5,26.56,-14.75,12.69
KODEX 200,테스트 A(역대급 등락),K=5,2011,역방향 전체,2020년대,4,1일,14,0,14,2.0,3.39,71.43,28.57,10.11,-12.46,6.66
KODEX 200,테스트 A(역대급 등락),K=5,2011,역방향 전체,2020년대,4,2일,14,0,14,2.69,3.23,71.43,28.57,10.09,-8.4,5.61
KODEX 200,테스트 A(역대급 등락),K=5,2011,역방향 전체,2020년대,4,3일,14,0,14,2.14,3.25,78.57,21.43,13.74,-8.76,5.92
KODEX 200,테스트 A(역대급 등락),K=5,2011,역방향 전체,2020년대,4,1주,14,0,14,2.54,2.39,57.14,42.86,14.85,-9.22,8.1
KODEX 200,테스트 A(역대급 등락),K=5,2011,역방향 전체,2020년대,4,2주,14,0,14,0.34,-3.1,35.71,64.29,24.08,-12.77,12.37
KODEX 200,테스트 A(역대급 등락),K=5,2011,역방향 전체,2020년대,4,1개월,14,0,14,-2.0,-2.13,50.0,50.0,26.56,-21.58,12.9
KODEX 200,테스트 A(역대급 등락),K=10,2011,폭등,2020년대,4,1일,13,0,13,-1.51,-0.3,30.77,69.23,5.73,-8.93,3.86
KODEX 200,테스트 A(역대급 등락),K=10,2011,폭등,2020년대,4,2일,13,0,13,-0.94,-0.39,46.15,53.85,3.68,-7.8,3.68
KODEX 200,테스트 A(역대급 등락),K=10,2011,폭등,2020년대,4,3일,13,0,13,1.4,-0.21,38.46,61.54,8.76,-4.15,4.3
KODEX 200,테스트 A(역대급 등락),K=10,2011,폭등,2020년대,4,1주,13,0,13,3.15,4.12,69.23,30.77,9.55,-9.86,5.9
KODEX 200,테스트 A(역대급 등락),K=10,2011,폭등,2020년대,4,2주,13,0,13,4.73,3.61,84.62,15.38,12.77,-2.84,5.06
KODEX 200,테스트 A(역대급 등락),K=10,2011,폭등,2020년대,4,1개월,13,0,13,8.64,7.21,76.92,23.08,36.86,-10.19,11.92
KODEX 200,테스트 A(역대급 등락),K=10,2011,폭락,2020년대,3,1일,12,0,12,2.65,3.53,83.33,16.67,10.11,-12.46,6.46
KODEX 200,테스트 A(역대급 등락),K=10,2011,폭락,2020년대,3,2일,12,0,12,3.93,5.18,83.33,16.67,10.09,-8.4,5.35
KODEX 200,테스트 A(역대급 등락),K=10,2011,폭락,2020년대,3,3일,12,0,12,3.54,3.25,83.33,16.67,13.74,-3.63,4.87
KODEX 200,테스트 A(역대급 등락),K=10,2011,폭락,2020년대,3,1주,12,0,12,4.01,4.6,58.33,41.67,14.85,-4.72,6.82
KODEX 200,테스트 A(역대급 등락),K=10,2011,폭락,2020년대,3,2주,12,0,12,4.54,3.66,66.67,33.33,24.08,-12.08,11.72
KODEX 200,테스트 A(역대급 등락),K=10,2011,폭락,2020년대,3,1개월,12,0,12,3.04,3.91,66.67,33.33,26.56,-19.77,13.26
KODEX 200,테스트 A(역대급 등락),K=10,2011,역방향 전체,2020년대,5,1일,25,0,25,2.05,1.97,76.0,24.0,10.11,-12.46,5.19
KODEX 200,테스트 A(역대급 등락),K=10,2011,역방향 전체,2020년대,5,2일,25,0,25,2.38,2.91,68.0,32.0,10.09,-8.4,4.71
KODEX 200,테스트 A(역대급 등락),K=10,2011,역방향 전체,2020년대,5,3일,25,0,25,0.97,0.66,72.0,28.0,13.74,-8.76,5.14
KODEX 200,테스트 A(역대급 등락),K=10,2011,역방향 전체,2020년대,5,1주,25,0,25,0.28,-0.62,44.0,56.0,14.85,-9.55,7.21
KODEX 200,테스트 A(역대급 등락),K=10,2011,역방향 전체,2020년대,5,2주,25,0,25,-0.28,-2.07,40.0,60.0,24.08,-12.77,9.9
KODEX 200,테스트 A(역대급 등락),K=10,2011,역방향 전체,2020년대,5,1개월,25,0,25,-3.04,-5.12,44.0,56.0,26.56,-36.86,13.68
KODEX 200,테스트 A(역대급 등락),K=20,2011,폭등,2020년대,5,1일,20,0,20,-1.06,-0.49,35.0,65.0,7.57,-8.93,4.0
KODEX 200,테스트 A(역대급 등락),K=20,2011,폭등,2020년대,5,2일,20,0,20,-1.31,-1.25,40.0,60.0,9.81,-10.83,4.61
KODEX 200,테스트 A(역대급 등락),K=20,2011,폭등,2020년대,5,3일,20,0,20,-0.22,-0.73,30.0,70.0,9.99,-10.8,5.68
KODEX 200,테스트 A(역대급 등락),K=20,2011,폭등,2020년대,5,1주,20,0,20,1.89,0.8,60.0,40.0,13.11,-9.86,6.34
KODEX 200,테스트 A(역대급 등락),K=20,2011,폭등,2020년대,5,2주,20,0,20,0.68,1.6,70.0,30.0,12.77,-24.93,9.71
KODEX 200,테스트 A(역대급 등락),K=20,2011,폭등,2020년대,5,1개월,20,1,19,6.36,5.98,68.42,31.58,36.86,-23.42,13.28
KODEX 200,테스트 A(역대급 등락),K=20,2011,폭락,2020년대,5,1일,21,0,21,2.11,3.06,71.43,28.57,10.11,-12.46,6.0
KODEX 200,테스트 A(역대급 등락),K=20,2011,폭락,2020년대,5,2일,21,0,21,4.61,5.11,71.43,28.57,21.44,-8.4,6.68
KODEX 200,테스트 A(역대급 등락),K=20,2011,폭락,2020년대,5,3일,21,0,21,3.7,3.59,76.19,23.81,13.74,-6.07,5.38
KODEX 200,테스트 A(역대급 등락),K=20,2011,폭락,2020년대,5,1주,21,0,21,5.51,5.25,71.43,28.57,16.4,-4.72,6.46
KODEX 200,테스트 A(역대급 등락),K=20,2011,폭락,2020년대,5,2주,21,0,21,7.18,5.96,76.19,23.81,24.08,-12.08,10.37
KODEX 200,테스트 A(역대급 등락),K=20,2011,폭락,2020년대,5,1개월,21,0,21,7.44,7.61,76.19,23.81,26.56,-19.77,12.25
KODEX 200,테스트 A(역대급 등락),K=20,2011,역방향 전체,2020년대,6,1일,41,0,41,1.6,1.81,68.29,31.71,10.11,-12.46,5.09
KODEX 200,테스트 A(역대급 등락),K=20,2011,역방향 전체,2020년대,6,2일,41,0,41,3.0,2.81,65.85,34.15,21.44,-9.81,5.93
KODEX 200,테스트 A(역대급 등락),K=20,2011,역방향 전체,2020년대,6,3일,41,0,41,2.01,1.29,73.17,26.83,13.74,-9.99,5.74
KODEX 200,테스트 A(역대급 등락),K=20,2011,역방향 전체,2020년대,6,1주,41,0,41,1.9,2.89,56.1,43.9,16.4,-13.11,7.35
KODEX 200,테스트 A(역대급 등락),K=20,2011,역방향 전체,2020년대,6,2주,41,0,41,3.35,0.95,53.66,46.34,24.93,-12.77,10.69
KODEX 200,테스트 A(역대급 등락),K=20,2011,역방향 전체,2020년대,6,1개월,41,1,40,0.88,1.94,55.0,45.0,26.56,-36.86,14.39
