종목,파라미터,시작연도,날짜,방향,진입가,등락률(%),사건 번호,청산 사유,보유일,수익률(%)
KODEX 200,K=10,2005,2005-11-23,폭등,16600.0,4.34,1,수익청산,1,0.42
KODEX 200,K=10,2005,2007-07-27,폭락,24005.0,-4.74,2,수익청산,1,1.02
KODEX 200,K=10,2005,2007-08-01,폭락,23450.0,-4.29,2,수익청산,2,1.28
KODEX 200,K=10,2005,2007-08-10,폭락,23040.0,-4.56,2,수익청산,1,1.61
KODEX 200,K=10,2005,2007-08-16,폭락,21695.0,-6.04,2,수익청산,2,1.68
KODEX 200,K=10,2005,2007-08-20,폭등,22060.0,5.05,2,수익청산,1,0.16
KODEX 200,K=10,2005,2007-11-26,폭등,23600.0,4.45,3,수익청산,2,1.4
KODEX 200,K=10,2005,2008-09-08,폭등,19070.0,5.07,4,수익청산,1,1.63
KODEX 200,K=10,2005,2008-09-16,폭락,17980.0,-5.91,4,수익청산,1,2.78
KODEX 200,K=10,2005,2008-09-19,폭등,19080.0,6.06,4,수익청산,1,0.47
KODEX 200,K=10,2005,2008-10-08,폭락,16900.0,-4.79,4,수익청산,1,0.3
KODEX 200,K=10,2005,2008-10-14,폭등,17840.0,6.1,4,수익청산,1,2.02
KODEX 200,K=10,2005,2008-10-16,폭락,15745.0,-9.93,4,수익청산,2,0.35
KODEX 200,K=10,2005,2008-10-22,폭락,14730.0,-6.3,4,장중손절,1,-5.0
KODEX 200,K=10,2005,2008-10-23,폭락,13800.0,-6.31,4,장중손절,1,-5.0
KODEX 200,K=10,2005,2008-10-24,폭락,12160.0,-11.88,4,수익청산,1,1.15
KODEX 200,K=10,2005,2008-10-28,폭등,13400.0,8.94,4,장중손절,1,-5.0
KODEX 200,K=10,2005,2008-10-30,폭등,14820.0,14.97,4,기한청산,2,-0.67
KODEX 200,K=10,2005,2008-11-06,폭락,14300.0,-8.1,4,수익청산,1,4.41
KODEX 200,K=10,2005,2008-11-20,폭락,12430.0,-6.82,4,수익청산,1,6.19
KODEX 200,K=10,2005,2008-11-21,폭등,13200.0,6.19,4,수익청산,1,3.86
KODEX 200,K=10,2005,2008-12-08,폭등,14610.0,8.26,4,수익청산,1,0.27
KODEX 200,K=10,2005,2009-01-15,폭락,14800.0,-5.97,5,수익청산,1,2.09
KODEX 200,K=10,2005,2009-01-28,폭등,15380.0,6.36,5,기한청산,2,-0.13
KODEX 200,K=10,2005,2011-08-19,폭락,22475.0,-6.12,6,수익청산,2,1.87
KODEX 200,K=10,2005,2011-09-27,폭등,22700.0,5.36,7,수익청산,1,1.08
KODEX 200,K=10,2005,2020-03-19,폭락,20240.0,-7.33,8,수익청산,1,7.68
KODEX 200,K=10,2005,2020-03-20,폭등,21795.0,7.68,8,수익청산,1,5.87
KODEX 200,K=10,2005,2020-03-24,폭등,22420.0,9.29,8,장중손절,1,-5.0
KODEX 200,K=10,2005,2020-03-25,폭등,23705.0,5.73,8,수익청산,1,1.94
KODEX 200,K=10,2005,2020-06-16,폭등,28340.0,6.14,9,수익청산,1,0.28
KODEX 200,K=10,2005,2024-08-05,폭락,33260.0,-9.18,10,수익청산,1,2.77
KODEX 200,K=10,2005,2025-04-10,폭등,32920.0,6.16,11,수익청산,1,0.3
KODEX 200,K=10,2005,2026-02-03,폭등,78290.0,7.69,12,수익청산,2,2.91
KODEX 200,K=10,2005,2026-03-03,폭락,86705.0,-7.88,12,장중손절,1,-5.0
KODEX 200,K=10,2005,2026-03-04,폭락,75900.0,-12.46,12,수익청산,1,10.11
KODEX 200,K=10,2005,2026-03-05,폭등,83570.0,10.11,12,수익청산,1,0.01
KODEX 200,K=10,2005,2026-03-09,폭락,78230.0,-6.38,12,수익청산,1,5.97
KODEX 200,K=10,2005,2026-03-23,폭락,81025.0,-6.5,12,수익청산,1,3.06
KODEX 200,K=10,2005,2026-04-01,폭등,82170.0,8.94,12,수익청산,1,4.84
KODEX 200,K=10,2005,2026-04-08,폭등,89000.0,7.53,12,수익청산,1,1.97
KODEX 200,K=10,2005,2026-05-06,폭등,113270.0,7.57,12,기한청산,2,-2.24
KODEX 200,K=10,2005,2026-05-21,폭등,123060.0,8.58,12,기한청산,2,-3.0
KODEX 200,K=10,2005,2026-06-08,폭락,119560.0,-8.75,12,수익청산,1,8.84
KODEX 200,K=10,2005,2026-06-09,폭등,130130.0,8.84,12,수익청산,1,4.87
KODEX 200,K=10,2005,2026-06-23,폭락,132820.0,-10.47,12,수익청산,1,4.01
KODEX 200,K=10,2005,2026-07-02,폭락,123530.0,-8.17,12,수익청산,1,6.06
KODEX 200,K=10,2005,2026-07-13,폭락,108820.0,-9.77,12,장중손절,1,-5.0
KODEX 200,K=10,2005,2026-07-28,폭락,95675.0,-11.19,12,장중손절,1,-5.0
KODEX 200,K=10,2005,2026-07-31,폭등,108820.0,24.17,12,수익청산,1,8.93
KODEX 200,K=10,2005,2026-08-03,폭락,99105.0,-8.93,12,수익청산,1,1.24
KODEX 200,K=20,2005,2005-11-23,폭등,16600.0,4.34,1,수익청산,1,0.42
KODEX 200,K=20,2005,2006-02-03,폭락,17605.0,-3.24,2,수익청산,1,0.34
KODEX 200,K=20,2005,2006-06-08,폭락,15895.0,-3.73,3,수익청산,1,0.98
KODEX 200,K=20,2005,2006-06-16,폭등,16390.0,3.73,3,수익청산,1,1.16
KODEX 200,K=20,2005,2006-07-20,폭등,16670.0,3.51,4,수익청산,1,0.42
KODEX 200,K=20,2005,2007-07-27,폭락,24005.0,-4.74,5,수익청산,1,1.02
KODEX 200,K=20,2005,2007-08-01,폭락,23450.0,-4.29,5,수익청산,2,1.28
KODEX 200,K=20,2005,2007-08-10,폭락,23040.0,-4.56,5,수익청산,1,1.61
KODEX 200,K=20,2005,2007-08-16,폭락,21695.0,-6.04,5,수익청산,2,1.68
KODEX 200,K=20,2005,2007-08-20,폭등,22060.0,5.05,5,수익청산,1,0.16
KODEX 200,K=20,2005,2007-09-19,폭등,24205.0,4.0,5,수익청산,1,0.06
KODEX 200,K=20,2005,2007-10-22,폭락,23975.0,-3.46,6,수익청산,1,2.13
KODEX 200,K=20,2005,2007-11-26,폭등,23600.0,4.45,7,수익청산,2,1.4
KODEX 200,K=20,2005,2008-01-22,폭락,20870.0,-4.09,8,수익청산,1,1.68
KODEX 200,K=20,2005,2008-01-28,폭락,21075.0,-4.01,8,수익청산,1,1.52
KODEX 200,K=20,2005,2008-07-21,폭등,20140.0,3.65,9,수익청산,1,0.17
KODEX 200,K=20,2005,2008-09-01,폭락,18330.0,-3.63,10,수익청산,1,0.93
KODEX 200,K=20,2005,2008-09-08,폭등,19070.0,5.07,10,수익청산,1,1.63
KODEX 200,K=20,2005,2008-09-16,폭락,17980.0,-5.91,10,수익청산,1,2.78
KODEX 200,K=20,2005,2008-09-19,폭등,19080.0,6.06,10,수익청산,1,0.47
KODEX 200,K=20,2005,2008-10-08,폭락,16900.0,-4.79,10,수익청산,1,0.3
KODEX 200,K=20,2005,2008-10-10,폭락,16245.0,-4.16,10,수익청산,1,3.51
KODEX 200,K=20,2005,2008-10-14,폭등,17840.0,6.1,10,수익청산,1,2.02
KODEX 200,K=20,2005,2008-10-16,폭락,15745.0,-9.93,10,수익청산,2,0.35
KODEX 200,K=20,2005,2008-10-22,폭락,14730.0,-6.3,10,장중손절,1,-5.0
KODEX 200,K=20,2005,2008-10-23,폭락,13800.0,-6.31,10,장중손절,1,-5.0
KODEX 200,K=20,2005,2008-10-24,폭락,12160.0,-11.88,10,수익청산,1,1.15
KODEX 200,K=20,2005,2008-10-28,폭등,13400.0,8.94,10,장중손절,1,-5.0
KODEX 200,K=20,2005,2008-10-30,폭등,14820.0,14.97,10,기한청산,2,-0.67
KODEX 200,K=20,2005,2008-11-06,폭락,14300.0,-8.1,10,수익청산,1,4.41
KODEX 200,K=20,2005,2008-11-07,폭등,14930.0,4.41,10,수익청산,2,0.87
KODEX 200,K=20,2005,2008-11-13,폭락,14200.0,-4.38,10,수익청산,1,0.67
KODEX 200,K=20,2005,2008-11-20,폭락,12430.0,-6.82,10,수익청산,1,6.19
KODEX 200,K=20,2005,2008-11-21,폭등,13200.0,6.19,10,수익청산,1,3.86
KODEX 200,K=20,2005,2008-11-26,폭등,13600.0,4.29,10,장중손절,2,-5.0
KODEX 200,K=20,2005,2008-12-08,폭등,14610.0,8.26,10,수익청산,1,0.27
KODEX 200,K=20,2005,2008-12-12,폭락,14550.0,-4.43,10,수익청산,1,4.5
KODEX 200,K=20,2005,2008-12-15,폭등,15205.0,4.5,10,수익청산,1,0.07
KODEX 200,K=20,2005,2009-01-15,폭락,14800.0,-5.97,11,수익청산,1,2.09
KODEX 200,K=20,2005,2009-01-28,폭등,15380.0,6.36,11,기한청산,2,-0.13
KODEX 200,K=20,2005,2009-11-27,폭락,20265.0,-4.68,12,수익청산,1,2.0
KODEX 200,K=20,2005,2011-08-16,폭등,24280.0,4.66,13,수익청산,2,1.4
KODEX 200,K=20,2005,2011-08-19,폭락,22475.0,-6.12,13,수익청산,2,1.87
KODEX 200,K=20,2005,2011-09-05,폭락,23010.0,-4.38,13,수익청산,2,3.22
KODEX 200,K=20,2005,2011-09-23,폭락,22030.0,-5.39,13,수익청산,2,3.04
KODEX 200,K=20,2005,2011-09-27,폭등,22700.0,5.36,13,수익청산,1,1.08
KODEX 200,K=20,2005,2011-11-10,폭락,23870.0,-4.82,14,수익청산,1,2.22
KODEX 200,K=20,2005,2020-03-18,폭락,21840.0,-5.5,15,장중손절,1,-5.0
KODEX 200,K=20,2005,2020-03-19,폭락,20240.0,-7.33,15,수익청산,1,7.68
KODEX 200,K=20,2005,2020-03-20,폭등,21795.0,7.68,15,수익청산,1,5.87
KODEX 200,K=20,2005,2020-03-23,폭락,20515.0,-5.87,15,수익청산,1,9.29
KODEX 200,K=20,2005,2020-03-24,폭등,22420.0,9.29,15,장중손절,1,-5.0
KODEX 200,K=20,2005,2020-03-25,폭등,23705.0,5.73,15,수익청산,1,1.94
KODEX 200,K=20,2005,2020-04-01,폭락,22955.0,-4.69,15,수익청산,1,3.07
KODEX 200,K=20,2005,2020-06-15,폭락,26700.0,-5.03,16,수익청산,1,6.14
KODEX 200,K=20,2005,2020-06-16,폭등,28340.0,6.14,16,수익청산,1,0.28
KODEX 200,K=20,2005,2023-11-06,폭등,33415.0,4.68,17,수익청산,1,1.81
KODEX 200,K=20,2005,2024-08-05,폭락,33260.0,-9.18,18,수익청산,1,2.77
KODEX 200,K=20,2005,2025-04-07,폭락,31550.0,-5.69,19,기한청산,2,-1.71
KODEX 200,K=20,2005,2025-04-10,폭등,32920.0,6.16,19,수익청산,1,0.3
KODEX 200,K=20,2005,2026-02-02,폭락,72700.0,-5.96,20,수익청산,1,7.69
KODEX 200,K=20,2005,2026-02-03,폭등,78290.0,7.69,20,수익청산,2,2.91
KODEX 200,K=20,2005,2026-03-03,폭락,86705.0,-7.88,20,장중손절,1,-5.0
KODEX 200,K=20,2005,2026-03-04,폭락,75900.0,-12.46,20,수익청산,1,10.11
KODEX 200,K=20,2005,2026-03-05,폭등,83570.0,10.11,20,수익청산,1,0.01
KODEX 200,K=20,2005,2026-03-09,폭락,78230.0,-6.38,20,수익청산,1,5.97
KODEX 200,K=20,2005,2026-03-10,폭등,82900.0,5.97,20,기한청산,2,-0.36
KODEX 200,K=20,2005,2026-03-18,폭등,89370.0,5.59,20,수익청산,1,2.93
KODEX 200,K=20,2005,2026-03-23,폭락,81025.0,-6.5,20,수익청산,1,3.06
KODEX 200,K=20,2005,2026-04-01,폭등,82170.0,8.94,20,수익청산,1,4.84
KODEX 200,K=20,2005,2026-04-08,폭등,89000.0,7.53,20,수익청산,1,1.97
KODEX 200,K=20,2005,2026-05-04,폭등,105295.0,5.4,20,갭손절,1,-5.85
KODEX 200,K=20,2005,2026-05-06,폭등,113270.0,7.57,20,기한청산,2,-2.24
KODEX 200,K=20,2005,2026-05-15,폭락,117200.0,-6.13,20,수익청산,1,0.55
KODEX 200,K=20,2005,2026-05-21,폭등,123060.0,8.58,20,기한청산,2,-3.0
KODEX 200,K=20,2005,2026-06-08,폭락,119560.0,-8.75,20,수익청산,1,8.84
KODEX 200,K=20,2005,2026-06-09,폭등,130130.0,8.84,20,수익청산,1,4.87
KODEX 200,K=20,2005,2026-06-23,폭락,132820.0,-10.47,20,수익청산,1,4.01
KODEX 200,K=20,2005,2026-07-02,폭락,123530.0,-8.17,20,수익청산,1,6.06
KODEX 200,K=20,2005,2026-07-03,폭등,131010.0,6.06,20,수익청산,1,0.68
KODEX 200,K=20,2005,2026-07-13,폭락,108820.0,-9.77,20,장중손절,1,-5.0
KODEX 200,K=20,2005,2026-07-15,폭등,116735.0,6.39,20,수익청산,1,6.63
KODEX 200,K=20,2005,2026-07-16,폭락,109000.0,-6.63,20,장중손절,1,-5.0
KODEX 200,K=20,2005,2026-07-28,폭락,95675.0,-11.19,20,장중손절,1,-5.0
KODEX 200,K=20,2005,2026-07-29,폭락,89605.0,-6.34,20,수익청산,2,21.44
KODEX 200,K=20,2005,2026-07-31,폭등,108820.0,24.17,20,수익청산,1,8.93
KODEX 200,K=20,2005,2026-08-03,폭락,99105.0,-8.93,20,수익청산,1,1.24
KODEX 200,K=20,2005,2026-08-20,폭등,108190.0,6.32,20,수익청산,2,2.03
QQQ,K=10,2005,2008-09-29,폭락,37.82,-7.94,1,수익청산,1,2.88
QQQ,K=10,2005,2008-10-13,폭등,35.13,12.16,1,수익청산,1,4.33
QQQ,K=10,2005,2008-10-15,폭락,30.6,-8.96,1,수익청산,1,5.42
QQQ,K=10,2005,2008-10-28,폭등,31.86,11.05,1,수익청산,1,0.25
QQQ,K=10,2005,2020-03-12,폭락,177.32,-9.17,2,수익청산,1,8.47
QQQ,K=10,2005,2020-03-16,폭락,169.3,-11.98,2,수익청산,1,7.58
QQQ,K=10,2005,2025-04-09,폭등,466.0,12.0,3,수익청산,1,4.25
QQQ,K=20,2005,2008-09-29,폭락,37.82,-7.94,1,수익청산,1,2.88
QQQ,K=20,2005,2008-10-07,폭락,32.65,-6.34,1,장중손절,2,-5.0
QQQ,K=20,2005,2008-10-13,폭등,35.13,12.16,1,수익청산,1,4.33
QQQ,K=20,2005,2008-10-15,폭락,30.6,-8.96,1,수익청산,1,5.42
QQQ,K=20,2005,2008-10-28,폭등,31.86,11.05,1,수익청산,1,0.25
QQQ,K=20,2005,2008-12-01,폭락,26.93,-7.52,2,수익청산,1,3.34
QQQ,K=20,2005,2020-03-09,폭락,193.57,-6.95,3,수익청산,1,5.45
QQQ,K=20,2005,2020-03-12,폭락,177.32,-9.17,3,수익청산,1,8.47
QQQ,K=20,2005,2020-03-13,폭등,192.34,8.47,3,수익청산,1,11.98
QQQ,K=20,2005,2020-03-16,폭락,169.3,-11.98,3,수익청산,1,7.58
QQQ,K=20,2005,2020-03-17,폭등,182.14,7.58,3,수익청산,1,3.04
QQQ,K=20,2005,2020-03-24,폭등,183.66,7.74,3,수익청산,1,0.74
QQQ,K=20,2005,2022-11-10,폭등,282.75,7.38,4,기한청산,2,-0.95
QQQ,K=20,2005,2025-04-09,폭등,466.0,12.0,5,수익청산,1,4.25
